ISO-10303-21;
HEADER;
/* Generated by software containing ST-Developer
 * from STEP Tools, Inc. (www.steptools.com) 
 */

FILE_DESCRIPTION(
/* description */ (''),
/* implementation_level */ '2;1');

FILE_NAME(
/* name */ 'Bottom Case.step',
/* time_stamp */ '2026-02-02T18:41:10+05:30',
/* author */ (''),
/* organization */ (''),
/* preprocessor_version */ 'ST-DEVELOPER v20.1',
/* originating_system */ 'Autodesk Translation Framework v14.24.0.0',
/* authorisation */ '');

FILE_SCHEMA (('AUTOMOTIVE_DESIGN { 1 0 10303 214 3 1 1 }'));
ENDSEC;

DATA;
#10=MECHANICAL_DESIGN_GEOMETRIC_PRESENTATION_REPRESENTATION('',(#13),#3754);
#11=SHAPE_REPRESENTATION_RELATIONSHIP('SRR','None',#3761,#12);
#12=ADVANCED_BREP_SHAPE_REPRESENTATION('',(#14),#3753);
#13=STYLED_ITEM('',(#3770),#14);
#14=MANIFOLD_SOLID_BREP('Body1',#1247);
#15=FACE_BOUND('',#287,.T.);
#16=FACE_BOUND('',#288,.T.);
#17=FACE_BOUND('',#289,.T.);
#18=FACE_BOUND('',#290,.T.);
#19=PLANE('',#1333);
#20=PLANE('',#1336);
#21=PLANE('',#1346);
#22=PLANE('',#1347);
#23=PLANE('',#1348);
#24=PLANE('',#1367);
#25=PLANE('',#1368);
#26=PLANE('',#1369);
#27=PLANE('',#1370);
#28=PLANE('',#1372);
#29=PLANE('',#1374);
#30=PLANE('',#1376);
#31=PLANE('',#1378);
#32=PLANE('',#1379);
#33=PLANE('',#1382);
#34=PLANE('',#1383);
#35=PLANE('',#1384);
#36=PLANE('',#1387);
#37=PLANE('',#1388);
#38=PLANE('',#1389);
#39=LINE('',#3380,#96);
#40=LINE('',#3381,#97);
#41=LINE('',#3423,#98);
#42=LINE('',#3424,#99);
#43=LINE('',#3426,#100);
#44=LINE('',#3427,#101);
#45=LINE('',#3430,#102);
#46=LINE('',#3431,#103);
#47=LINE('',#3434,#104);
#48=LINE('',#3438,#105);
#49=LINE('',#3439,#106);
#50=LINE('',#3444,#107);
#51=LINE('',#3448,#108);
#52=LINE('',#3452,#109);
#53=LINE('',#3456,#110);
#54=LINE('',#3459,#111);
#55=LINE('',#3461,#112);
#56=LINE('',#3463,#113);
#57=LINE('',#3465,#114);
#58=LINE('',#3467,#115);
#59=LINE('',#3469,#116);
#60=LINE('',#3471,#117);
#61=LINE('',#3472,#118);
#62=LINE('',#3482,#119);
#63=LINE('',#3484,#120);
#64=LINE('',#3486,#121);
#65=LINE('',#3562,#122);
#66=LINE('',#3564,#123);
#67=LINE('',#3605,#124);
#68=LINE('',#3606,#125);
#69=LINE('',#3686,#126);
#70=LINE('',#3687,#127);
#71=LINE('',#3689,#128);
#72=LINE('',#3690,#129);
#73=LINE('',#3692,#130);
#74=LINE('',#3693,#131);
#75=LINE('',#3695,#132);
#76=LINE('',#3696,#133);
#77=LINE('',#3698,#134);
#78=LINE('',#3699,#135);
#79=LINE('',#3701,#136);
#80=LINE('',#3702,#137);
#81=LINE('',#3704,#138);
#82=LINE('',#3723,#139);
#83=LINE('',#3724,#140);
#84=LINE('',#3725,#141);
#85=LINE('',#3728,#142);
#86=LINE('',#3729,#143);
#87=LINE('',#3731,#144);
#88=LINE('',#3733,#145);
#89=LINE('',#3736,#146);
#90=LINE('',#3737,#147);
#91=LINE('',#3740,#148);
#92=LINE('',#3741,#149);
#93=LINE('',#3743,#150);
#94=LINE('',#3745,#151);
#95=LINE('',#3747,#152);
#96=VECTOR('',#1528,10.);
#97=VECTOR('',#1529,10.);
#98=VECTOR('',#1536,10.);
#99=VECTOR('',#1537,10.);
#100=VECTOR('',#1540,10.);
#101=VECTOR('',#1541,10.);
#102=VECTOR('',#1544,10.);
#103=VECTOR('',#1545,10.);
#104=VECTOR('',#1548,10.);
#105=VECTOR('',#1551,10.);
#106=VECTOR('',#1552,10.);
#107=VECTOR('',#1557,10.);
#108=VECTOR('',#1560,10.);
#109=VECTOR('',#1563,10.);
#110=VECTOR('',#1566,10.);
#111=VECTOR('',#1569,10.);
#112=VECTOR('',#1570,10.);
#113=VECTOR('',#1571,10.);
#114=VECTOR('',#1572,10.);
#115=VECTOR('',#1573,10.);
#116=VECTOR('',#1574,10.);
#117=VECTOR('',#1575,10.);
#118=VECTOR('',#1576,10.);
#119=VECTOR('',#1587,10.);
#120=VECTOR('',#1590,10.);
#121=VECTOR('',#1593,10.);
#122=VECTOR('',#1600,10.);
#123=VECTOR('',#1603,10.);
#124=VECTOR('',#1610,10.);
#125=VECTOR('',#1611,10.);
#126=VECTOR('',#1622,10.);
#127=VECTOR('',#1623,10.);
#128=VECTOR('',#1626,10.);
#129=VECTOR('',#1627,10.);
#130=VECTOR('',#1630,10.);
#131=VECTOR('',#1631,10.);
#132=VECTOR('',#1634,10.);
#133=VECTOR('',#1635,10.);
#134=VECTOR('',#1638,10.);
#135=VECTOR('',#1639,10.);
#136=VECTOR('',#1642,10.);
#137=VECTOR('',#1643,10.);
#138=VECTOR('',#1646,10.);
#139=VECTOR('',#1671,10.);
#140=VECTOR('',#1672,10.);
#141=VECTOR('',#1673,10.);
#142=VECTOR('',#1676,10.);
#143=VECTOR('',#1677,10.);
#144=VECTOR('',#1680,1.7);
#145=VECTOR('',#1683,1.7);
#146=VECTOR('',#1686,10.);
#147=VECTOR('',#1687,10.);
#148=VECTOR('',#1690,10.);
#149=VECTOR('',#1691,10.);
#150=VECTOR('',#1694,10.);
#151=VECTOR('',#1697,1.7);
#152=VECTOR('',#1700,1.7);
#153=CYLINDRICAL_SURFACE('',#1327,2.);
#154=CYLINDRICAL_SURFACE('',#1330,2.);
#155=CYLINDRICAL_SURFACE('',#1332,2.);
#156=CYLINDRICAL_SURFACE('',#1351,2.);
#157=CYLINDRICAL_SURFACE('',#1352,2.);
#158=CYLINDRICAL_SURFACE('',#1355,2.);
#159=CYLINDRICAL_SURFACE('',#1360,2.);
#160=CYLINDRICAL_SURFACE('',#1361,2.);
#161=CYLINDRICAL_SURFACE('',#1362,2.);
#162=CYLINDRICAL_SURFACE('',#1363,2.);
#163=CYLINDRICAL_SURFACE('',#1364,2.);
#164=CYLINDRICAL_SURFACE('',#1365,2.);
#165=CYLINDRICAL_SURFACE('',#1366,2.);
#166=CYLINDRICAL_SURFACE('',#1380,1.7);
#167=CYLINDRICAL_SURFACE('',#1381,1.7);
#168=CYLINDRICAL_SURFACE('',#1385,1.7);
#169=CYLINDRICAL_SURFACE('',#1386,1.7);
#170=FACE_OUTER_BOUND('',#247,.T.);
#171=FACE_OUTER_BOUND('',#248,.T.);
#172=FACE_OUTER_BOUND('',#249,.T.);
#173=FACE_OUTER_BOUND('',#250,.T.);
#174=FACE_OUTER_BOUND('',#251,.T.);
#175=FACE_OUTER_BOUND('',#252,.T.);
#176=FACE_OUTER_BOUND('',#253,.T.);
#177=FACE_OUTER_BOUND('',#254,.T.);
#178=FACE_OUTER_BOUND('',#255,.T.);
#179=FACE_OUTER_BOUND('',#256,.T.);
#180=FACE_OUTER_BOUND('',#257,.T.);
#181=FACE_OUTER_BOUND('',#258,.T.);
#182=FACE_OUTER_BOUND('',#259,.T.);
#183=FACE_OUTER_BOUND('',#260,.T.);
#184=FACE_OUTER_BOUND('',#261,.T.);
#185=FACE_OUTER_BOUND('',#262,.T.);
#186=FACE_OUTER_BOUND('',#263,.T.);
#187=FACE_OUTER_BOUND('',#264,.T.);
#188=FACE_OUTER_BOUND('',#265,.T.);
#189=FACE_OUTER_BOUND('',#266,.T.);
#190=FACE_OUTER_BOUND('',#267,.T.);
#191=FACE_OUTER_BOUND('',#268,.T.);
#192=FACE_OUTER_BOUND('',#269,.T.);
#193=FACE_OUTER_BOUND('',#270,.T.);
#194=FACE_OUTER_BOUND('',#271,.T.);
#195=FACE_OUTER_BOUND('',#272,.T.);
#196=FACE_OUTER_BOUND('',#273,.T.);
#197=FACE_OUTER_BOUND('',#274,.T.);
#198=FACE_OUTER_BOUND('',#275,.T.);
#199=FACE_OUTER_BOUND('',#276,.T.);
#200=FACE_OUTER_BOUND('',#277,.T.);
#201=FACE_OUTER_BOUND('',#278,.T.);
#202=FACE_OUTER_BOUND('',#279,.T.);
#203=FACE_OUTER_BOUND('',#280,.T.);
#204=FACE_OUTER_BOUND('',#281,.T.);
#205=FACE_OUTER_BOUND('',#282,.T.);
#206=FACE_OUTER_BOUND('',#283,.T.);
#207=FACE_OUTER_BOUND('',#284,.T.);
#208=FACE_OUTER_BOUND('',#285,.T.);
#209=FACE_OUTER_BOUND('',#286,.T.);
#210=FACE_OUTER_BOUND('',#291,.T.);
#211=FACE_OUTER_BOUND('',#292,.T.);
#212=FACE_OUTER_BOUND('',#293,.T.);
#213=FACE_OUTER_BOUND('',#294,.T.);
#214=FACE_OUTER_BOUND('',#295,.T.);
#215=FACE_OUTER_BOUND('',#296,.T.);
#216=FACE_OUTER_BOUND('',#297,.T.);
#217=FACE_OUTER_BOUND('',#298,.T.);
#218=FACE_OUTER_BOUND('',#299,.T.);
#219=FACE_OUTER_BOUND('',#300,.T.);
#220=FACE_OUTER_BOUND('',#301,.T.);
#221=FACE_OUTER_BOUND('',#302,.T.);
#222=FACE_OUTER_BOUND('',#303,.T.);
#223=FACE_OUTER_BOUND('',#304,.T.);
#224=FACE_OUTER_BOUND('',#305,.T.);
#225=FACE_OUTER_BOUND('',#306,.T.);
#226=FACE_OUTER_BOUND('',#307,.T.);
#227=FACE_OUTER_BOUND('',#308,.T.);
#228=FACE_OUTER_BOUND('',#309,.T.);
#229=FACE_OUTER_BOUND('',#310,.T.);
#230=FACE_OUTER_BOUND('',#311,.T.);
#231=FACE_OUTER_BOUND('',#312,.T.);
#232=FACE_OUTER_BOUND('',#313,.T.);
#233=FACE_OUTER_BOUND('',#314,.T.);
#234=FACE_OUTER_BOUND('',#315,.T.);
#235=FACE_OUTER_BOUND('',#316,.T.);
#236=FACE_OUTER_BOUND('',#317,.T.);
#237=FACE_OUTER_BOUND('',#318,.T.);
#238=FACE_OUTER_BOUND('',#319,.T.);
#239=FACE_OUTER_BOUND('',#320,.T.);
#240=FACE_OUTER_BOUND('',#321,.T.);
#241=FACE_OUTER_BOUND('',#322,.T.);
#242=FACE_OUTER_BOUND('',#323,.T.);
#243=FACE_OUTER_BOUND('',#324,.T.);
#244=FACE_OUTER_BOUND('',#325,.T.);
#245=FACE_OUTER_BOUND('',#326,.T.);
#246=FACE_OUTER_BOUND('',#327,.T.);
#247=EDGE_LOOP('',(#758,#759,#760,#761));
#248=EDGE_LOOP('',(#762,#763,#764,#765));
#249=EDGE_LOOP('',(#766,#767,#768,#769));
#250=EDGE_LOOP('',(#770,#771,#772,#773));
#251=EDGE_LOOP('',(#774,#775,#776,#777));
#252=EDGE_LOOP('',(#778,#779,#780,#781));
#253=EDGE_LOOP('',(#782,#783,#784,#785));
#254=EDGE_LOOP('',(#786,#787,#788,#789));
#255=EDGE_LOOP('',(#790,#791,#792,#793));
#256=EDGE_LOOP('',(#794,#795,#796,#797));
#257=EDGE_LOOP('',(#798,#799,#800,#801));
#258=EDGE_LOOP('',(#802,#803,#804,#805));
#259=EDGE_LOOP('',(#806,#807,#808,#809));
#260=EDGE_LOOP('',(#810,#811,#812,#813));
#261=EDGE_LOOP('',(#814,#815,#816,#817));
#262=EDGE_LOOP('',(#818,#819,#820,#821));
#263=EDGE_LOOP('',(#822,#823,#824,#825));
#264=EDGE_LOOP('',(#826,#827,#828,#829));
#265=EDGE_LOOP('',(#830,#831,#832,#833));
#266=EDGE_LOOP('',(#834,#835,#836,#837));
#267=EDGE_LOOP('',(#838,#839,#840,#841));
#268=EDGE_LOOP('',(#842,#843,#844,#845));
#269=EDGE_LOOP('',(#846,#847,#848,#849));
#270=EDGE_LOOP('',(#850,#851,#852,#853));
#271=EDGE_LOOP('',(#854,#855,#856,#857));
#272=EDGE_LOOP('',(#858,#859,#860));
#273=EDGE_LOOP('',(#861,#862,#863));
#274=EDGE_LOOP('',(#864,#865,#866));
#275=EDGE_LOOP('',(#867,#868));
#276=EDGE_LOOP('',(#869,#870,#871,#872));
#277=EDGE_LOOP('',(#873,#874,#875,#876));
#278=EDGE_LOOP('',(#877,#878));
#279=EDGE_LOOP('',(#879,#880,#881,#882,#883));
#280=EDGE_LOOP('',(#884,#885,#886,#887));
#281=EDGE_LOOP('',(#888,#889,#890,#891,#892));
#282=EDGE_LOOP('',(#893));
#283=EDGE_LOOP('',(#894,#895,#896,#897,#898));
#284=EDGE_LOOP('',(#899,#900,#901,#902,#903,#904));
#285=EDGE_LOOP('',(#905,#906,#907,#908,#909,#910,#911,#912,#913,#914,#915,
#916,#917,#918,#919,#920));
#286=EDGE_LOOP('',(#921,#922,#923,#924,#925,#926,#927,#928,#929,#930,#931,
#932,#933,#934,#935,#936,#937,#938,#939,#940,#941));
#287=EDGE_LOOP('',(#942));
#288=EDGE_LOOP('',(#943));
#289=EDGE_LOOP('',(#944));
#290=EDGE_LOOP('',(#945));
#291=EDGE_LOOP('',(#946,#947,#948));
#292=EDGE_LOOP('',(#949,#950,#951,#952,#953));
#293=EDGE_LOOP('',(#954,#955,#956,#957));
#294=EDGE_LOOP('',(#958,#959,#960,#961));
#295=EDGE_LOOP('',(#962,#963,#964,#965));
#296=EDGE_LOOP('',(#966,#967,#968,#969,#970,#971));
#297=EDGE_LOOP('',(#972,#973,#974,#975,#976));
#298=EDGE_LOOP('',(#977,#978,#979,#980));
#299=EDGE_LOOP('',(#981,#982,#983,#984,#985,#986));
#300=EDGE_LOOP('',(#987,#988,#989,#990));
#301=EDGE_LOOP('',(#991,#992,#993,#994));
#302=EDGE_LOOP('',(#995,#996,#997,#998,#999,#1000));
#303=EDGE_LOOP('',(#1001,#1002,#1003,#1004,#1005,#1006));
#304=EDGE_LOOP('',(#1007,#1008,#1009,#1010,#1011));
#305=EDGE_LOOP('',(#1012,#1013,#1014,#1015,#1016,#1017));
#306=EDGE_LOOP('',(#1018,#1019,#1020,#1021,#1022));
#307=EDGE_LOOP('',(#1023,#1024,#1025,#1026,#1027));
#308=EDGE_LOOP('',(#1028,#1029,#1030,#1031,#1032));
#309=EDGE_LOOP('',(#1033,#1034,#1035,#1036,#1037,#1038,#1039,#1040));
#310=EDGE_LOOP('',(#1041,#1042,#1043,#1044,#1045,#1046,#1047,#1048));
#311=EDGE_LOOP('',(#1049,#1050,#1051,#1052,#1053,#1054,#1055,#1056,#1057,
#1058,#1059,#1060,#1061,#1062,#1063));
#312=EDGE_LOOP('',(#1064));
#313=EDGE_LOOP('',(#1065));
#314=EDGE_LOOP('',(#1066));
#315=EDGE_LOOP('',(#1067));
#316=EDGE_LOOP('',(#1068,#1069,#1070,#1071));
#317=EDGE_LOOP('',(#1072,#1073,#1074,#1075));
#318=EDGE_LOOP('',(#1076,#1077,#1078,#1079));
#319=EDGE_LOOP('',(#1080,#1081,#1082,#1083));
#320=EDGE_LOOP('',(#1084,#1085,#1086,#1087));
#321=EDGE_LOOP('',(#1088,#1089,#1090,#1091,#1092,#1093,#1094,#1095,#1096));
#322=EDGE_LOOP('',(#1097,#1098,#1099,#1100));
#323=EDGE_LOOP('',(#1101,#1102,#1103,#1104));
#324=EDGE_LOOP('',(#1105,#1106,#1107,#1108));
#325=EDGE_LOOP('',(#1109,#1110,#1111,#1112,#1113,#1114,#1115,#1116));
#326=EDGE_LOOP('',(#1117,#1118,#1119,#1120,#1121,#1122,#1123,#1124));
#327=EDGE_LOOP('',(#1125,#1126,#1127,#1128,#1129));
#328=CIRCLE('',#1261,3.40736133253603);
#329=CIRCLE('',#1262,2.);
#330=CIRCLE('',#1263,2.);
#331=CIRCLE('',#1264,3.40736133253603);
#332=CIRCLE('',#1265,1.7671242758295);
#333=CIRCLE('',#1266,2.);
#334=CIRCLE('',#1267,2.);
#335=CIRCLE('',#1268,1.7671242758295);
#336=CIRCLE('',#1269,1.76712427582949);
#337=CIRCLE('',#1270,2.);
#338=CIRCLE('',#1271,1.99969797719556);
#339=CIRCLE('',#1272,2.);
#340=CIRCLE('',#1273,2.);
#341=CIRCLE('',#1274,1.99969797719556);
#342=CIRCLE('',#1275,1.99969797719556);
#343=CIRCLE('',#1276,2.);
#344=CIRCLE('',#1277,2.);
#345=CIRCLE('',#1278,1.99969797719556);
#346=CIRCLE('',#1279,1.99969797719555);
#347=CIRCLE('',#1280,2.);
#348=CIRCLE('',#1281,5.10425709990337);
#349=CIRCLE('',#1282,2.);
#350=CIRCLE('',#1283,2.);
#351=CIRCLE('',#1284,5.10425709990337);
#352=CIRCLE('',#1285,1.61797563581695);
#353=CIRCLE('',#1286,2.);
#354=CIRCLE('',#1287,2.00000000000001);
#355=CIRCLE('',#1288,1.61797563581695);
#356=CIRCLE('',#1289,1.61797563581695);
#357=CIRCLE('',#1290,2.00000000000001);
#358=CIRCLE('',#1291,1.99969797719577);
#359=CIRCLE('',#1292,2.);
#360=CIRCLE('',#1293,2.);
#361=CIRCLE('',#1294,1.99969797719577);
#362=CIRCLE('',#1295,1.99969797719552);
#363=CIRCLE('',#1296,2.);
#364=CIRCLE('',#1297,2.);
#365=CIRCLE('',#1298,1.99969797719552);
#366=CIRCLE('',#1299,1.99969797719552);
#367=CIRCLE('',#1300,2.);
#368=CIRCLE('',#1301,1.99969797719556);
#369=CIRCLE('',#1302,2.00000000000001);
#370=CIRCLE('',#1303,2.00000000000001);
#371=CIRCLE('',#1304,1.99969797719556);
#372=CIRCLE('',#1305,1.99969797719556);
#373=CIRCLE('',#1306,2.00000000000001);
#374=CIRCLE('',#1307,2.);
#375=CIRCLE('',#1308,1.99969797719556);
#376=CIRCLE('',#1309,1.99969797719556);
#377=CIRCLE('',#1310,2.);
#378=CIRCLE('',#1311,2.);
#379=CIRCLE('',#1312,1.99969797719556);
#380=CIRCLE('',#1313,5.99969797719556);
#381=CIRCLE('',#1314,2.);
#382=CIRCLE('',#1315,2.);
#383=CIRCLE('',#1316,5.99969797719556);
#384=CIRCLE('',#1317,2.);
#385=CIRCLE('',#1318,5.99969797719556);
#386=CIRCLE('',#1319,2.);
#387=CIRCLE('',#1320,2.);
#388=CIRCLE('',#1321,5.99969797719556);
#389=CIRCLE('',#1322,2.);
#390=CIRCLE('',#1323,1.99969797719555);
#391=CIRCLE('',#1324,2.);
#392=CIRCLE('',#1325,2.);
#393=CIRCLE('',#1326,1.99969797719555);
#394=CIRCLE('',#1328,2.);
#395=CIRCLE('',#1329,1.99969797719556);
#396=CIRCLE('',#1331,2.);
#397=CIRCLE('',#1334,1.99969797719552);
#398=CIRCLE('',#1335,1.99969797719556);
#399=CIRCLE('',#1337,2.);
#400=CIRCLE('',#1338,2.);
#401=CIRCLE('',#1339,2.);
#402=CIRCLE('',#1340,2.);
#403=CIRCLE('',#1341,2.);
#404=CIRCLE('',#1342,1.7);
#405=CIRCLE('',#1343,1.7);
#406=CIRCLE('',#1344,1.7);
#407=CIRCLE('',#1345,1.7);
#408=CIRCLE('',#1349,2.00000000000001);
#409=CIRCLE('',#1350,2.);
#410=CIRCLE('',#1353,2.);
#411=CIRCLE('',#1354,1.61797563581695);
#412=CIRCLE('',#1356,2.);
#413=CIRCLE('',#1357,1.99969797719555);
#414=CIRCLE('',#1358,2.);
#415=CIRCLE('',#1359,1.76712427582949);
#416=CIRCLE('',#1371,1.7);
#417=CIRCLE('',#1373,1.7);
#418=CIRCLE('',#1375,1.7);
#419=CIRCLE('',#1377,1.7);
#420=B_SPLINE_CURVE_WITH_KNOTS('',3,(#1746,#1747,#1748,#1749,#1750,#1751),
 .UNSPECIFIED.,.F.,.F.,(4,1,1,4),(0.,0.333333333333333,0.666666666666667,
1.),.UNSPECIFIED.);
#421=B_SPLINE_CURVE_WITH_KNOTS('',3,(#1753,#1754,#1755,#1756,#1757,#1758),
 .UNSPECIFIED.,.F.,.F.,(4,1,1,4),(0.,0.333333333333333,0.666666666666667,
1.),.UNSPECIFIED.);
#422=B_SPLINE_CURVE_WITH_KNOTS('',3,(#1799,#1800,#1801,#1802,#1803,#1804),
 .UNSPECIFIED.,.F.,.F.,(4,1,1,4),(0.,0.333333333333333,0.666666666666667,
1.),.UNSPECIFIED.);
#423=B_SPLINE_CURVE_WITH_KNOTS('',3,(#1845,#1846,#1847,#1848,#1849,#1850),
 .UNSPECIFIED.,.F.,.F.,(4,1,1,4),(0.,0.333333333333333,0.666666666666667,
1.),.UNSPECIFIED.);
#424=B_SPLINE_CURVE_WITH_KNOTS('',3,(#1891,#1892,#1893,#1894,#1895,#1896),
 .UNSPECIFIED.,.F.,.F.,(4,1,1,4),(0.,0.333333333333333,0.666666666666667,
1.),.UNSPECIFIED.);
#425=B_SPLINE_CURVE_WITH_KNOTS('',3,(#1937,#1938,#1939,#1940,#1941,#1942),
 .UNSPECIFIED.,.F.,.F.,(4,1,1,4),(0.,0.333333333333333,0.666666666666667,
1.),.UNSPECIFIED.);
#426=B_SPLINE_CURVE_WITH_KNOTS('',3,(#1984,#1985,#1986,#1987,#1988,#1989),
 .UNSPECIFIED.,.F.,.F.,(4,1,1,4),(0.,0.333333333333333,0.666666666666667,
1.),.UNSPECIFIED.);
#427=B_SPLINE_CURVE_WITH_KNOTS('',3,(#1991,#1992,#1993,#1994,#1995,#1996),
 .UNSPECIFIED.,.F.,.F.,(4,1,1,4),(0.,0.333333333333333,0.666666666666667,
1.),.UNSPECIFIED.);
#428=B_SPLINE_CURVE_WITH_KNOTS('',3,(#2037,#2038,#2039,#2040,#2041,#2042),
 .UNSPECIFIED.,.F.,.F.,(4,1,1,4),(0.,0.333333333333333,0.666666666666667,
1.),.UNSPECIFIED.);
#429=B_SPLINE_CURVE_WITH_KNOTS('',3,(#2083,#2084,#2085,#2086,#2087,#2088),
 .UNSPECIFIED.,.F.,.F.,(4,1,1,4),(0.,0.333333333333333,0.666666666666667,
1.),.UNSPECIFIED.);
#430=B_SPLINE_CURVE_WITH_KNOTS('',3,(#2129,#2130,#2131,#2132,#2133,#2134),
 .UNSPECIFIED.,.F.,.F.,(4,1,1,4),(0.,0.333333333333333,0.666666666666667,
1.),.UNSPECIFIED.);
#431=B_SPLINE_CURVE_WITH_KNOTS('',3,(#2175,#2176,#2177,#2178,#2179,#2180),
 .UNSPECIFIED.,.F.,.F.,(4,1,1,4),(0.,0.333333333333333,0.666666666666667,
1.),.UNSPECIFIED.);
#432=B_SPLINE_CURVE_WITH_KNOTS('',3,(#2222,#2223,#2224,#2225,#2226,#2227),
 .UNSPECIFIED.,.F.,.F.,(4,1,1,4),(0.,0.333333333333333,0.666666666666667,
1.),.UNSPECIFIED.);
#433=B_SPLINE_CURVE_WITH_KNOTS('',3,(#2229,#2230,#2231,#2232,#2233,#2234),
 .UNSPECIFIED.,.F.,.F.,(4,1,1,4),(0.,0.333333333333333,0.666666666666667,
1.),.UNSPECIFIED.);
#434=B_SPLINE_CURVE_WITH_KNOTS('',3,(#2275,#2276,#2277,#2278,#2279,#2280),
 .UNSPECIFIED.,.F.,.F.,(4,1,1,4),(0.,0.333333333333333,0.666666666666667,
1.),.UNSPECIFIED.);
#435=B_SPLINE_CURVE_WITH_KNOTS('',3,(#2321,#2322,#2323,#2324,#2325,#2326),
 .UNSPECIFIED.,.F.,.F.,(4,1,1,4),(0.,0.333333333333333,0.666666666666667,
1.),.UNSPECIFIED.);
#436=B_SPLINE_CURVE_WITH_KNOTS('',3,(#2367,#2368,#2369,#2370,#2371,#2372),
 .UNSPECIFIED.,.F.,.F.,(4,1,1,4),(0.,0.333333333333333,0.666666666666667,
1.),.UNSPECIFIED.);
#437=B_SPLINE_CURVE_WITH_KNOTS('',3,(#2413,#2414,#2415,#2416,#2417,#2418),
 .UNSPECIFIED.,.F.,.F.,(4,1,1,4),(0.,0.333333333333333,0.666666666666667,
1.),.UNSPECIFIED.);
#438=B_SPLINE_CURVE_WITH_KNOTS('',3,(#2460,#2461,#2462,#2463,#2464,#2465),
 .UNSPECIFIED.,.F.,.F.,(4,1,1,4),(0.,0.333333333333333,0.666666666666667,
1.),.UNSPECIFIED.);
#439=B_SPLINE_CURVE_WITH_KNOTS('',3,(#2467,#2468,#2469,#2470,#2471,#2472),
 .UNSPECIFIED.,.F.,.F.,(4,1,1,4),(0.,0.333333333333333,0.666666666666667,
1.),.UNSPECIFIED.);
#440=B_SPLINE_CURVE_WITH_KNOTS('',3,(#2513,#2514,#2515,#2516,#2517,#2518),
 .UNSPECIFIED.,.F.,.F.,(4,1,1,4),(0.,0.333333333333333,0.666666666666667,
1.),.UNSPECIFIED.);
#441=B_SPLINE_CURVE_WITH_KNOTS('',3,(#2559,#2560,#2561,#2562,#2563,#2564),
 .UNSPECIFIED.,.F.,.F.,(4,1,1,4),(0.,0.333333333333333,0.666666666666667,
1.),.UNSPECIFIED.);
#442=B_SPLINE_CURVE_WITH_KNOTS('',3,(#2605,#2606,#2607,#2608,#2609,#2610),
 .UNSPECIFIED.,.F.,.F.,(4,1,1,4),(0.,0.333333333333333,0.666666666666667,
1.),.UNSPECIFIED.);
#443=B_SPLINE_CURVE_WITH_KNOTS('',3,(#2651,#2652,#2653,#2654,#2655,#2656),
 .UNSPECIFIED.,.F.,.F.,(4,1,1,4),(0.,0.333333333333333,0.666666666666667,
1.),.UNSPECIFIED.);
#444=B_SPLINE_CURVE_WITH_KNOTS('',3,(#2698,#2699,#2700,#2701,#2702,#2703),
 .UNSPECIFIED.,.F.,.F.,(4,1,1,4),(0.,0.333333333333333,0.666666666666667,
1.),.UNSPECIFIED.);
#445=B_SPLINE_CURVE_WITH_KNOTS('',3,(#2705,#2706,#2707,#2708,#2709,#2710),
 .UNSPECIFIED.,.F.,.F.,(4,1,1,4),(0.,0.333333333333333,0.666666666666667,
1.),.UNSPECIFIED.);
#446=B_SPLINE_CURVE_WITH_KNOTS('',3,(#2751,#2752,#2753,#2754,#2755,#2756),
 .UNSPECIFIED.,.F.,.F.,(4,1,1,4),(0.,0.333333333333333,0.666666666666667,
1.),.UNSPECIFIED.);
#447=B_SPLINE_CURVE_WITH_KNOTS('',3,(#2797,#2798,#2799,#2800,#2801,#2802),
 .UNSPECIFIED.,.F.,.F.,(4,1,1,4),(0.,0.333333333333333,0.666666666666667,
1.),.UNSPECIFIED.);
#448=B_SPLINE_CURVE_WITH_KNOTS('',3,(#2843,#2844,#2845,#2846,#2847,#2848),
 .UNSPECIFIED.,.F.,.F.,(4,1,1,4),(0.,0.333333333333333,0.666666666666667,
1.),.UNSPECIFIED.);
#449=B_SPLINE_CURVE_WITH_KNOTS('',3,(#2889,#2890,#2891,#2892,#2893,#2894),
 .UNSPECIFIED.,.F.,.F.,(4,1,1,4),(0.,0.333333333333333,0.666666666666667,
1.),.UNSPECIFIED.);
#450=B_SPLINE_CURVE_WITH_KNOTS('',3,(#2936,#2937,#2938,#2939,#2940,#2941,
#2942,#2943,#2944,#2945,#2946,#2947,#2948,#2949,#2950,#2951,#2952,#2953,
#2954,#2955,#2956,#2957,#2958,#2959,#2960,#2961,#2962,#2963,#2964,#2965,
#2966,#2967,#2968,#2969,#2970,#2971,#2972,#2973,#2974,#2975,#2976,#2977,
#2978,#2979,#2980,#2981),.UNSPECIFIED.,.F.,.F.,(4,3,3,3,3,3,3,3,3,3,3,3,
3,3,3,4),(0.,0.0850964966708724,0.185368896120057,0.274509068237991,0.330250915817649,
0.407562389886154,0.486960910190105,0.567939382639719,0.649277100196358,
0.660645571292238,0.735024342767394,0.809158017581497,0.884486723407856,
0.940016628805268,0.974364471896224,1.),.UNSPECIFIED.);
#451=B_SPLINE_CURVE_WITH_KNOTS('',3,(#3061,#3062,#3063,#3064,#3065,#3066),
 .UNSPECIFIED.,.F.,.F.,(4,1,1,4),(0.,0.333333333333333,0.666666666666667,
1.),.UNSPECIFIED.);
#452=B_SPLINE_CURVE_WITH_KNOTS('',3,(#3145,#3146,#3147,#3148,#3149,#3150,
#3151,#3152,#3153,#3154,#3155,#3156,#3157,#3158,#3159,#3160,#3161,#3162,
#3163,#3164,#3165,#3166,#3167,#3168,#3169,#3170,#3171,#3172,#3173,#3174,
#3175,#3176,#3177,#3178,#3179,#3180,#3181,#3182,#3183,#3184,#3185,#3186,
#3187,#3188,#3189,#3190),.UNSPECIFIED.,.F.,.F.,(4,3,3,3,3,3,3,3,3,3,3,3,
3,3,3,4),(0.,0.0850964966709016,0.185368896120164,0.274509068238135,0.33025091581766,
0.407562389886358,0.486960910190372,0.567939382640168,0.649277100196929,
0.660645571292257,0.735024342767514,0.809158017581599,0.884486723407961,
0.940016628805729,0.974364471896646,1.),.UNSPECIFIED.);
#453=B_SPLINE_CURVE_WITH_KNOTS('',3,(#3192,#3193,#3194,#3195,#3196,#3197),
 .UNSPECIFIED.,.F.,.F.,(4,1,1,4),(0.,0.333333333333333,0.666666666666667,
1.),.UNSPECIFIED.);
#454=B_SPLINE_CURVE_WITH_KNOTS('',3,(#3238,#3239,#3240,#3241,#3242,#3243),
 .UNSPECIFIED.,.F.,.F.,(4,1,1,4),(0.,0.333333333333333,0.666666666666667,
1.),.UNSPECIFIED.);
#455=B_SPLINE_CURVE_WITH_KNOTS('',3,(#3321,#3322,#3323,#3324,#3325,#3326),
 .UNSPECIFIED.,.F.,.F.,(4,1,1,4),(0.,0.333333333333333,0.666666666666667,
1.),.UNSPECIFIED.);
#456=B_SPLINE_CURVE_WITH_KNOTS('',3,(#3328,#3329,#3330,#3331,#3332,#3333),
 .UNSPECIFIED.,.F.,.F.,(4,1,1,4),(0.,0.333333333333333,0.666666666666667,
1.),.UNSPECIFIED.);
#457=VERTEX_POINT('',#1744);
#458=VERTEX_POINT('',#1745);
#459=VERTEX_POINT('',#1752);
#460=VERTEX_POINT('',#1759);
#461=VERTEX_POINT('',#1798);
#462=VERTEX_POINT('',#1805);
#463=VERTEX_POINT('',#1844);
#464=VERTEX_POINT('',#1851);
#465=VERTEX_POINT('',#1890);
#466=VERTEX_POINT('',#1897);
#467=VERTEX_POINT('',#1936);
#468=VERTEX_POINT('',#1943);
#469=VERTEX_POINT('',#1982);
#470=VERTEX_POINT('',#1983);
#471=VERTEX_POINT('',#1990);
#472=VERTEX_POINT('',#1997);
#473=VERTEX_POINT('',#2036);
#474=VERTEX_POINT('',#2043);
#475=VERTEX_POINT('',#2082);
#476=VERTEX_POINT('',#2089);
#477=VERTEX_POINT('',#2128);
#478=VERTEX_POINT('',#2135);
#479=VERTEX_POINT('',#2174);
#480=VERTEX_POINT('',#2181);
#481=VERTEX_POINT('',#2220);
#482=VERTEX_POINT('',#2221);
#483=VERTEX_POINT('',#2228);
#484=VERTEX_POINT('',#2235);
#485=VERTEX_POINT('',#2274);
#486=VERTEX_POINT('',#2281);
#487=VERTEX_POINT('',#2320);
#488=VERTEX_POINT('',#2327);
#489=VERTEX_POINT('',#2366);
#490=VERTEX_POINT('',#2373);
#491=VERTEX_POINT('',#2412);
#492=VERTEX_POINT('',#2419);
#493=VERTEX_POINT('',#2458);
#494=VERTEX_POINT('',#2459);
#495=VERTEX_POINT('',#2466);
#496=VERTEX_POINT('',#2473);
#497=VERTEX_POINT('',#2512);
#498=VERTEX_POINT('',#2519);
#499=VERTEX_POINT('',#2558);
#500=VERTEX_POINT('',#2565);
#501=VERTEX_POINT('',#2604);
#502=VERTEX_POINT('',#2611);
#503=VERTEX_POINT('',#2650);
#504=VERTEX_POINT('',#2657);
#505=VERTEX_POINT('',#2696);
#506=VERTEX_POINT('',#2697);
#507=VERTEX_POINT('',#2704);
#508=VERTEX_POINT('',#2711);
#509=VERTEX_POINT('',#2750);
#510=VERTEX_POINT('',#2757);
#511=VERTEX_POINT('',#2796);
#512=VERTEX_POINT('',#2803);
#513=VERTEX_POINT('',#2842);
#514=VERTEX_POINT('',#2849);
#515=VERTEX_POINT('',#2888);
#516=VERTEX_POINT('',#2895);
#517=VERTEX_POINT('',#2934);
#518=VERTEX_POINT('',#2935);
#519=VERTEX_POINT('',#2982);
#520=VERTEX_POINT('',#3021);
#521=VERTEX_POINT('',#3060);
#522=VERTEX_POINT('',#3067);
#523=VERTEX_POINT('',#3143);
#524=VERTEX_POINT('',#3144);
#525=VERTEX_POINT('',#3191);
#526=VERTEX_POINT('',#3198);
#527=VERTEX_POINT('',#3237);
#528=VERTEX_POINT('',#3244);
#529=VERTEX_POINT('',#3320);
#530=VERTEX_POINT('',#3327);
#531=VERTEX_POINT('',#3334);
#532=VERTEX_POINT('',#3373);
#533=VERTEX_POINT('',#3377);
#534=VERTEX_POINT('',#3378);
#535=VERTEX_POINT('',#3420);
#536=VERTEX_POINT('',#3421);
#537=VERTEX_POINT('',#3429);
#538=VERTEX_POINT('',#3432);
#539=VERTEX_POINT('',#3435);
#540=VERTEX_POINT('',#3437);
#541=VERTEX_POINT('',#3441);
#542=VERTEX_POINT('',#3443);
#543=VERTEX_POINT('',#3445);
#544=VERTEX_POINT('',#3447);
#545=VERTEX_POINT('',#3449);
#546=VERTEX_POINT('',#3451);
#547=VERTEX_POINT('',#3453);
#548=VERTEX_POINT('',#3455);
#549=VERTEX_POINT('',#3458);
#550=VERTEX_POINT('',#3460);
#551=VERTEX_POINT('',#3462);
#552=VERTEX_POINT('',#3464);
#553=VERTEX_POINT('',#3466);
#554=VERTEX_POINT('',#3468);
#555=VERTEX_POINT('',#3470);
#556=VERTEX_POINT('',#3473);
#557=VERTEX_POINT('',#3475);
#558=VERTEX_POINT('',#3477);
#559=VERTEX_POINT('',#3479);
#560=VERTEX_POINT('',#3601);
#561=VERTEX_POINT('',#3643);
#562=VERTEX_POINT('',#3682);
#563=VERTEX_POINT('',#3709);
#564=VERTEX_POINT('',#3712);
#565=VERTEX_POINT('',#3715);
#566=VERTEX_POINT('',#3718);
#567=VERTEX_POINT('',#3721);
#568=VERTEX_POINT('',#3722);
#569=VERTEX_POINT('',#3727);
#570=VERTEX_POINT('',#3735);
#571=VERTEX_POINT('',#3739);
#572=EDGE_CURVE('',#457,#458,#420,.T.);
#573=EDGE_CURVE('',#457,#459,#421,.T.);
#574=EDGE_CURVE('',#459,#460,#328,.T.);
#575=EDGE_CURVE('',#458,#460,#329,.T.);
#576=EDGE_CURVE('',#457,#461,#422,.T.);
#577=EDGE_CURVE('',#462,#461,#330,.T.);
#578=EDGE_CURVE('',#462,#459,#331,.T.);
#579=EDGE_CURVE('',#457,#463,#423,.T.);
#580=EDGE_CURVE('',#463,#464,#332,.T.);
#581=EDGE_CURVE('',#461,#464,#333,.T.);
#582=EDGE_CURVE('',#457,#465,#424,.T.);
#583=EDGE_CURVE('',#466,#465,#334,.T.);
#584=EDGE_CURVE('',#466,#463,#335,.T.);
#585=EDGE_CURVE('',#457,#467,#425,.T.);
#586=EDGE_CURVE('',#467,#468,#336,.T.);
#587=EDGE_CURVE('',#465,#468,#337,.T.);
#588=EDGE_CURVE('',#469,#470,#426,.T.);
#589=EDGE_CURVE('',#469,#471,#427,.T.);
#590=EDGE_CURVE('',#471,#472,#338,.T.);
#591=EDGE_CURVE('',#470,#472,#339,.T.);
#592=EDGE_CURVE('',#469,#473,#428,.T.);
#593=EDGE_CURVE('',#474,#473,#340,.T.);
#594=EDGE_CURVE('',#474,#471,#341,.T.);
#595=EDGE_CURVE('',#469,#475,#429,.T.);
#596=EDGE_CURVE('',#475,#476,#342,.T.);
#597=EDGE_CURVE('',#473,#476,#343,.T.);
#598=EDGE_CURVE('',#469,#477,#430,.T.);
#599=EDGE_CURVE('',#478,#477,#344,.T.);
#600=EDGE_CURVE('',#478,#475,#345,.T.);
#601=EDGE_CURVE('',#469,#479,#431,.T.);
#602=EDGE_CURVE('',#479,#480,#346,.T.);
#603=EDGE_CURVE('',#477,#480,#347,.T.);
#604=EDGE_CURVE('',#481,#482,#432,.T.);
#605=EDGE_CURVE('',#481,#483,#433,.T.);
#606=EDGE_CURVE('',#483,#484,#348,.T.);
#607=EDGE_CURVE('',#482,#484,#349,.T.);
#608=EDGE_CURVE('',#481,#485,#434,.T.);
#609=EDGE_CURVE('',#486,#485,#350,.T.);
#610=EDGE_CURVE('',#486,#483,#351,.T.);
#611=EDGE_CURVE('',#481,#487,#435,.T.);
#612=EDGE_CURVE('',#487,#488,#352,.T.);
#613=EDGE_CURVE('',#485,#488,#353,.T.);
#614=EDGE_CURVE('',#481,#489,#436,.T.);
#615=EDGE_CURVE('',#490,#489,#354,.T.);
#616=EDGE_CURVE('',#490,#487,#355,.T.);
#617=EDGE_CURVE('',#481,#491,#437,.T.);
#618=EDGE_CURVE('',#491,#492,#356,.T.);
#619=EDGE_CURVE('',#489,#492,#357,.T.);
#620=EDGE_CURVE('',#493,#494,#438,.T.);
#621=EDGE_CURVE('',#493,#495,#439,.T.);
#622=EDGE_CURVE('',#495,#496,#358,.T.);
#623=EDGE_CURVE('',#494,#496,#359,.T.);
#624=EDGE_CURVE('',#493,#497,#440,.T.);
#625=EDGE_CURVE('',#498,#497,#360,.T.);
#626=EDGE_CURVE('',#498,#495,#361,.T.);
#627=EDGE_CURVE('',#493,#499,#441,.T.);
#628=EDGE_CURVE('',#499,#500,#362,.T.);
#629=EDGE_CURVE('',#497,#500,#363,.T.);
#630=EDGE_CURVE('',#493,#501,#442,.T.);
#631=EDGE_CURVE('',#502,#501,#364,.T.);
#632=EDGE_CURVE('',#502,#499,#365,.T.);
#633=EDGE_CURVE('',#493,#503,#443,.T.);
#634=EDGE_CURVE('',#503,#504,#366,.T.);
#635=EDGE_CURVE('',#501,#504,#367,.T.);
#636=EDGE_CURVE('',#505,#506,#444,.T.);
#637=EDGE_CURVE('',#505,#507,#445,.T.);
#638=EDGE_CURVE('',#507,#508,#368,.T.);
#639=EDGE_CURVE('',#506,#508,#369,.T.);
#640=EDGE_CURVE('',#505,#509,#446,.T.);
#641=EDGE_CURVE('',#510,#509,#370,.T.);
#642=EDGE_CURVE('',#510,#507,#371,.T.);
#643=EDGE_CURVE('',#505,#511,#447,.T.);
#644=EDGE_CURVE('',#511,#512,#372,.T.);
#645=EDGE_CURVE('',#509,#512,#373,.T.);
#646=EDGE_CURVE('',#505,#513,#448,.T.);
#647=EDGE_CURVE('',#514,#513,#374,.T.);
#648=EDGE_CURVE('',#514,#511,#375,.T.);
#649=EDGE_CURVE('',#505,#515,#449,.T.);
#650=EDGE_CURVE('',#515,#516,#376,.T.);
#651=EDGE_CURVE('',#513,#516,#377,.T.);
#652=EDGE_CURVE('',#517,#518,#450,.T.);
#653=EDGE_CURVE('',#519,#518,#378,.T.);
#654=EDGE_CURVE('',#519,#517,#379,.T.);
#655=EDGE_CURVE('',#517,#520,#380,.T.);
#656=EDGE_CURVE('',#518,#520,#381,.T.);
#657=EDGE_CURVE('',#517,#521,#451,.T.);
#658=EDGE_CURVE('',#522,#521,#382,.T.);
#659=EDGE_CURVE('',#522,#517,#383,.T.);
#660=EDGE_CURVE('',#521,#517,#384,.T.);
#661=EDGE_CURVE('',#523,#524,#452,.T.);
#662=EDGE_CURVE('',#523,#525,#453,.T.);
#663=EDGE_CURVE('',#525,#526,#385,.T.);
#664=EDGE_CURVE('',#524,#526,#386,.T.);
#665=EDGE_CURVE('',#523,#527,#454,.T.);
#666=EDGE_CURVE('',#528,#527,#387,.T.);
#667=EDGE_CURVE('',#528,#525,#388,.T.);
#668=EDGE_CURVE('',#527,#523,#389,.T.);
#669=EDGE_CURVE('',#523,#529,#455,.T.);
#670=EDGE_CURVE('',#523,#530,#456,.T.);
#671=EDGE_CURVE('',#530,#531,#390,.T.);
#672=EDGE_CURVE('',#531,#523,#391,.T.);
#673=EDGE_CURVE('',#532,#524,#392,.T.);
#674=EDGE_CURVE('',#532,#530,#393,.T.);
#675=EDGE_CURVE('',#533,#534,#394,.T.);
#676=EDGE_CURVE('',#534,#528,#39,.T.);
#677=EDGE_CURVE('',#523,#533,#40,.T.);
#678=EDGE_CURVE('',#517,#517,#395,.T.);
#679=EDGE_CURVE('',#535,#536,#396,.T.);
#680=EDGE_CURVE('',#536,#519,#41,.T.);
#681=EDGE_CURVE('',#520,#535,#42,.T.);
#682=EDGE_CURVE('',#526,#522,#43,.T.);
#683=EDGE_CURVE('',#517,#532,#44,.T.);
#684=EDGE_CURVE('',#537,#534,#45,.T.);
#685=EDGE_CURVE('',#504,#537,#46,.T.);
#686=EDGE_CURVE('',#538,#503,#397,.T.);
#687=EDGE_CURVE('',#516,#538,#47,.T.);
#688=EDGE_CURVE('',#539,#515,#398,.T.);
#689=EDGE_CURVE('',#540,#539,#48,.T.);
#690=EDGE_CURVE('',#535,#540,#49,.T.);
#691=EDGE_CURVE('',#541,#540,#399,.T.);
#692=EDGE_CURVE('',#541,#542,#50,.T.);
#693=EDGE_CURVE('',#543,#542,#400,.T.);
#694=EDGE_CURVE('',#543,#544,#51,.T.);
#695=EDGE_CURVE('',#545,#544,#401,.T.);
#696=EDGE_CURVE('',#545,#546,#52,.T.);
#697=EDGE_CURVE('',#547,#546,#402,.T.);
#698=EDGE_CURVE('',#547,#548,#53,.T.);
#699=EDGE_CURVE('',#537,#548,#403,.T.);
#700=EDGE_CURVE('',#533,#549,#54,.T.);
#701=EDGE_CURVE('',#549,#550,#55,.T.);
#702=EDGE_CURVE('',#550,#551,#56,.T.);
#703=EDGE_CURVE('',#551,#552,#57,.T.);
#704=EDGE_CURVE('',#552,#553,#58,.T.);
#705=EDGE_CURVE('',#553,#554,#59,.T.);
#706=EDGE_CURVE('',#554,#555,#60,.T.);
#707=EDGE_CURVE('',#555,#536,#61,.T.);
#708=EDGE_CURVE('',#556,#556,#404,.T.);
#709=EDGE_CURVE('',#557,#557,#405,.T.);
#710=EDGE_CURVE('',#558,#558,#406,.T.);
#711=EDGE_CURVE('',#559,#559,#407,.T.);
#712=EDGE_CURVE('',#549,#523,#62,.T.);
#713=EDGE_CURVE('',#517,#555,#63,.T.);
#714=EDGE_CURVE('',#531,#517,#64,.T.);
#715=EDGE_CURVE('',#539,#506,#408,.T.);
#716=EDGE_CURVE('',#538,#494,#409,.T.);
#717=EDGE_CURVE('',#496,#514,#65,.T.);
#718=EDGE_CURVE('',#548,#502,#66,.T.);
#719=EDGE_CURVE('',#560,#482,#410,.T.);
#720=EDGE_CURVE('',#560,#491,#411,.T.);
#721=EDGE_CURVE('',#512,#486,#67,.T.);
#722=EDGE_CURVE('',#488,#510,#68,.T.);
#723=EDGE_CURVE('',#561,#470,#412,.T.);
#724=EDGE_CURVE('',#561,#479,#413,.T.);
#725=EDGE_CURVE('',#562,#458,#414,.T.);
#726=EDGE_CURVE('',#562,#467,#415,.T.);
#727=EDGE_CURVE('',#484,#462,#69,.T.);
#728=EDGE_CURVE('',#464,#560,#70,.T.);
#729=EDGE_CURVE('',#460,#478,#71,.T.);
#730=EDGE_CURVE('',#480,#562,#72,.T.);
#731=EDGE_CURVE('',#544,#466,#73,.T.);
#732=EDGE_CURVE('',#468,#545,#74,.T.);
#733=EDGE_CURVE('',#476,#498,#75,.T.);
#734=EDGE_CURVE('',#500,#474,#76,.T.);
#735=EDGE_CURVE('',#546,#561,#77,.T.);
#736=EDGE_CURVE('',#472,#547,#78,.T.);
#737=EDGE_CURVE('',#542,#490,#79,.T.);
#738=EDGE_CURVE('',#492,#543,#80,.T.);
#739=EDGE_CURVE('',#508,#541,#81,.T.);
#740=EDGE_CURVE('',#563,#563,#416,.T.);
#741=EDGE_CURVE('',#564,#564,#417,.T.);
#742=EDGE_CURVE('',#565,#565,#418,.T.);
#743=EDGE_CURVE('',#566,#566,#419,.T.);
#744=EDGE_CURVE('',#567,#568,#82,.T.);
#745=EDGE_CURVE('',#567,#552,#83,.T.);
#746=EDGE_CURVE('',#568,#551,#84,.T.);
#747=EDGE_CURVE('',#569,#567,#85,.T.);
#748=EDGE_CURVE('',#569,#553,#86,.T.);
#749=EDGE_CURVE('',#559,#565,#87,.T.);
#750=EDGE_CURVE('',#558,#563,#88,.T.);
#751=EDGE_CURVE('',#568,#570,#89,.T.);
#752=EDGE_CURVE('',#570,#550,#90,.T.);
#753=EDGE_CURVE('',#571,#554,#91,.T.);
#754=EDGE_CURVE('',#570,#571,#92,.T.);
#755=EDGE_CURVE('',#571,#569,#93,.T.);
#756=EDGE_CURVE('',#557,#566,#94,.T.);
#757=EDGE_CURVE('',#556,#564,#95,.T.);
#758=ORIENTED_EDGE('',*,*,#572,.F.);
#759=ORIENTED_EDGE('',*,*,#573,.T.);
#760=ORIENTED_EDGE('',*,*,#574,.T.);
#761=ORIENTED_EDGE('',*,*,#575,.F.);
#762=ORIENTED_EDGE('',*,*,#573,.F.);
#763=ORIENTED_EDGE('',*,*,#576,.T.);
#764=ORIENTED_EDGE('',*,*,#577,.F.);
#765=ORIENTED_EDGE('',*,*,#578,.T.);
#766=ORIENTED_EDGE('',*,*,#576,.F.);
#767=ORIENTED_EDGE('',*,*,#579,.T.);
#768=ORIENTED_EDGE('',*,*,#580,.T.);
#769=ORIENTED_EDGE('',*,*,#581,.F.);
#770=ORIENTED_EDGE('',*,*,#579,.F.);
#771=ORIENTED_EDGE('',*,*,#582,.T.);
#772=ORIENTED_EDGE('',*,*,#583,.F.);
#773=ORIENTED_EDGE('',*,*,#584,.T.);
#774=ORIENTED_EDGE('',*,*,#582,.F.);
#775=ORIENTED_EDGE('',*,*,#585,.T.);
#776=ORIENTED_EDGE('',*,*,#586,.T.);
#777=ORIENTED_EDGE('',*,*,#587,.F.);
#778=ORIENTED_EDGE('',*,*,#588,.F.);
#779=ORIENTED_EDGE('',*,*,#589,.T.);
#780=ORIENTED_EDGE('',*,*,#590,.T.);
#781=ORIENTED_EDGE('',*,*,#591,.F.);
#782=ORIENTED_EDGE('',*,*,#589,.F.);
#783=ORIENTED_EDGE('',*,*,#592,.T.);
#784=ORIENTED_EDGE('',*,*,#593,.F.);
#785=ORIENTED_EDGE('',*,*,#594,.T.);
#786=ORIENTED_EDGE('',*,*,#592,.F.);
#787=ORIENTED_EDGE('',*,*,#595,.T.);
#788=ORIENTED_EDGE('',*,*,#596,.T.);
#789=ORIENTED_EDGE('',*,*,#597,.F.);
#790=ORIENTED_EDGE('',*,*,#595,.F.);
#791=ORIENTED_EDGE('',*,*,#598,.T.);
#792=ORIENTED_EDGE('',*,*,#599,.F.);
#793=ORIENTED_EDGE('',*,*,#600,.T.);
#794=ORIENTED_EDGE('',*,*,#598,.F.);
#795=ORIENTED_EDGE('',*,*,#601,.T.);
#796=ORIENTED_EDGE('',*,*,#602,.T.);
#797=ORIENTED_EDGE('',*,*,#603,.F.);
#798=ORIENTED_EDGE('',*,*,#604,.F.);
#799=ORIENTED_EDGE('',*,*,#605,.T.);
#800=ORIENTED_EDGE('',*,*,#606,.T.);
#801=ORIENTED_EDGE('',*,*,#607,.F.);
#802=ORIENTED_EDGE('',*,*,#605,.F.);
#803=ORIENTED_EDGE('',*,*,#608,.T.);
#804=ORIENTED_EDGE('',*,*,#609,.F.);
#805=ORIENTED_EDGE('',*,*,#610,.T.);
#806=ORIENTED_EDGE('',*,*,#608,.F.);
#807=ORIENTED_EDGE('',*,*,#611,.T.);
#808=ORIENTED_EDGE('',*,*,#612,.T.);
#809=ORIENTED_EDGE('',*,*,#613,.F.);
#810=ORIENTED_EDGE('',*,*,#611,.F.);
#811=ORIENTED_EDGE('',*,*,#614,.T.);
#812=ORIENTED_EDGE('',*,*,#615,.F.);
#813=ORIENTED_EDGE('',*,*,#616,.T.);
#814=ORIENTED_EDGE('',*,*,#614,.F.);
#815=ORIENTED_EDGE('',*,*,#617,.T.);
#816=ORIENTED_EDGE('',*,*,#618,.T.);
#817=ORIENTED_EDGE('',*,*,#619,.F.);
#818=ORIENTED_EDGE('',*,*,#620,.F.);
#819=ORIENTED_EDGE('',*,*,#621,.T.);
#820=ORIENTED_EDGE('',*,*,#622,.T.);
#821=ORIENTED_EDGE('',*,*,#623,.F.);
#822=ORIENTED_EDGE('',*,*,#621,.F.);
#823=ORIENTED_EDGE('',*,*,#624,.T.);
#824=ORIENTED_EDGE('',*,*,#625,.F.);
#825=ORIENTED_EDGE('',*,*,#626,.T.);
#826=ORIENTED_EDGE('',*,*,#624,.F.);
#827=ORIENTED_EDGE('',*,*,#627,.T.);
#828=ORIENTED_EDGE('',*,*,#628,.T.);
#829=ORIENTED_EDGE('',*,*,#629,.F.);
#830=ORIENTED_EDGE('',*,*,#627,.F.);
#831=ORIENTED_EDGE('',*,*,#630,.T.);
#832=ORIENTED_EDGE('',*,*,#631,.F.);
#833=ORIENTED_EDGE('',*,*,#632,.T.);
#834=ORIENTED_EDGE('',*,*,#630,.F.);
#835=ORIENTED_EDGE('',*,*,#633,.T.);
#836=ORIENTED_EDGE('',*,*,#634,.T.);
#837=ORIENTED_EDGE('',*,*,#635,.F.);
#838=ORIENTED_EDGE('',*,*,#636,.F.);
#839=ORIENTED_EDGE('',*,*,#637,.T.);
#840=ORIENTED_EDGE('',*,*,#638,.T.);
#841=ORIENTED_EDGE('',*,*,#639,.F.);
#842=ORIENTED_EDGE('',*,*,#637,.F.);
#843=ORIENTED_EDGE('',*,*,#640,.T.);
#844=ORIENTED_EDGE('',*,*,#641,.F.);
#845=ORIENTED_EDGE('',*,*,#642,.T.);
#846=ORIENTED_EDGE('',*,*,#640,.F.);
#847=ORIENTED_EDGE('',*,*,#643,.T.);
#848=ORIENTED_EDGE('',*,*,#644,.T.);
#849=ORIENTED_EDGE('',*,*,#645,.F.);
#850=ORIENTED_EDGE('',*,*,#643,.F.);
#851=ORIENTED_EDGE('',*,*,#646,.T.);
#852=ORIENTED_EDGE('',*,*,#647,.F.);
#853=ORIENTED_EDGE('',*,*,#648,.T.);
#854=ORIENTED_EDGE('',*,*,#646,.F.);
#855=ORIENTED_EDGE('',*,*,#649,.T.);
#856=ORIENTED_EDGE('',*,*,#650,.T.);
#857=ORIENTED_EDGE('',*,*,#651,.F.);
#858=ORIENTED_EDGE('',*,*,#652,.T.);
#859=ORIENTED_EDGE('',*,*,#653,.F.);
#860=ORIENTED_EDGE('',*,*,#654,.T.);
#861=ORIENTED_EDGE('',*,*,#655,.T.);
#862=ORIENTED_EDGE('',*,*,#656,.F.);
#863=ORIENTED_EDGE('',*,*,#652,.F.);
#864=ORIENTED_EDGE('',*,*,#657,.T.);
#865=ORIENTED_EDGE('',*,*,#658,.F.);
#866=ORIENTED_EDGE('',*,*,#659,.T.);
#867=ORIENTED_EDGE('',*,*,#660,.F.);
#868=ORIENTED_EDGE('',*,*,#657,.F.);
#869=ORIENTED_EDGE('',*,*,#661,.F.);
#870=ORIENTED_EDGE('',*,*,#662,.T.);
#871=ORIENTED_EDGE('',*,*,#663,.T.);
#872=ORIENTED_EDGE('',*,*,#664,.F.);
#873=ORIENTED_EDGE('',*,*,#662,.F.);
#874=ORIENTED_EDGE('',*,*,#665,.T.);
#875=ORIENTED_EDGE('',*,*,#666,.F.);
#876=ORIENTED_EDGE('',*,*,#667,.T.);
#877=ORIENTED_EDGE('',*,*,#668,.F.);
#878=ORIENTED_EDGE('',*,*,#665,.F.);
#879=ORIENTED_EDGE('',*,*,#669,.T.);
#880=ORIENTED_EDGE('',*,*,#669,.F.);
#881=ORIENTED_EDGE('',*,*,#670,.T.);
#882=ORIENTED_EDGE('',*,*,#671,.T.);
#883=ORIENTED_EDGE('',*,*,#672,.T.);
#884=ORIENTED_EDGE('',*,*,#661,.T.);
#885=ORIENTED_EDGE('',*,*,#673,.F.);
#886=ORIENTED_EDGE('',*,*,#674,.T.);
#887=ORIENTED_EDGE('',*,*,#670,.F.);
#888=ORIENTED_EDGE('',*,*,#675,.T.);
#889=ORIENTED_EDGE('',*,*,#676,.T.);
#890=ORIENTED_EDGE('',*,*,#666,.T.);
#891=ORIENTED_EDGE('',*,*,#668,.T.);
#892=ORIENTED_EDGE('',*,*,#677,.T.);
#893=ORIENTED_EDGE('',*,*,#678,.T.);
#894=ORIENTED_EDGE('',*,*,#679,.T.);
#895=ORIENTED_EDGE('',*,*,#680,.T.);
#896=ORIENTED_EDGE('',*,*,#653,.T.);
#897=ORIENTED_EDGE('',*,*,#656,.T.);
#898=ORIENTED_EDGE('',*,*,#681,.T.);
#899=ORIENTED_EDGE('',*,*,#673,.T.);
#900=ORIENTED_EDGE('',*,*,#664,.T.);
#901=ORIENTED_EDGE('',*,*,#682,.T.);
#902=ORIENTED_EDGE('',*,*,#658,.T.);
#903=ORIENTED_EDGE('',*,*,#660,.T.);
#904=ORIENTED_EDGE('',*,*,#683,.T.);
#905=ORIENTED_EDGE('',*,*,#681,.F.);
#906=ORIENTED_EDGE('',*,*,#655,.F.);
#907=ORIENTED_EDGE('',*,*,#659,.F.);
#908=ORIENTED_EDGE('',*,*,#682,.F.);
#909=ORIENTED_EDGE('',*,*,#663,.F.);
#910=ORIENTED_EDGE('',*,*,#667,.F.);
#911=ORIENTED_EDGE('',*,*,#676,.F.);
#912=ORIENTED_EDGE('',*,*,#684,.F.);
#913=ORIENTED_EDGE('',*,*,#685,.F.);
#914=ORIENTED_EDGE('',*,*,#634,.F.);
#915=ORIENTED_EDGE('',*,*,#686,.F.);
#916=ORIENTED_EDGE('',*,*,#687,.F.);
#917=ORIENTED_EDGE('',*,*,#650,.F.);
#918=ORIENTED_EDGE('',*,*,#688,.F.);
#919=ORIENTED_EDGE('',*,*,#689,.F.);
#920=ORIENTED_EDGE('',*,*,#690,.F.);
#921=ORIENTED_EDGE('',*,*,#679,.F.);
#922=ORIENTED_EDGE('',*,*,#690,.T.);
#923=ORIENTED_EDGE('',*,*,#691,.F.);
#924=ORIENTED_EDGE('',*,*,#692,.T.);
#925=ORIENTED_EDGE('',*,*,#693,.F.);
#926=ORIENTED_EDGE('',*,*,#694,.T.);
#927=ORIENTED_EDGE('',*,*,#695,.F.);
#928=ORIENTED_EDGE('',*,*,#696,.T.);
#929=ORIENTED_EDGE('',*,*,#697,.F.);
#930=ORIENTED_EDGE('',*,*,#698,.T.);
#931=ORIENTED_EDGE('',*,*,#699,.F.);
#932=ORIENTED_EDGE('',*,*,#684,.T.);
#933=ORIENTED_EDGE('',*,*,#675,.F.);
#934=ORIENTED_EDGE('',*,*,#700,.T.);
#935=ORIENTED_EDGE('',*,*,#701,.T.);
#936=ORIENTED_EDGE('',*,*,#702,.T.);
#937=ORIENTED_EDGE('',*,*,#703,.T.);
#938=ORIENTED_EDGE('',*,*,#704,.T.);
#939=ORIENTED_EDGE('',*,*,#705,.T.);
#940=ORIENTED_EDGE('',*,*,#706,.T.);
#941=ORIENTED_EDGE('',*,*,#707,.T.);
#942=ORIENTED_EDGE('',*,*,#708,.T.);
#943=ORIENTED_EDGE('',*,*,#709,.T.);
#944=ORIENTED_EDGE('',*,*,#710,.T.);
#945=ORIENTED_EDGE('',*,*,#711,.T.);
#946=ORIENTED_EDGE('',*,*,#712,.F.);
#947=ORIENTED_EDGE('',*,*,#700,.F.);
#948=ORIENTED_EDGE('',*,*,#677,.F.);
#949=ORIENTED_EDGE('',*,*,#654,.F.);
#950=ORIENTED_EDGE('',*,*,#680,.F.);
#951=ORIENTED_EDGE('',*,*,#707,.F.);
#952=ORIENTED_EDGE('',*,*,#713,.F.);
#953=ORIENTED_EDGE('',*,*,#678,.F.);
#954=ORIENTED_EDGE('',*,*,#714,.F.);
#955=ORIENTED_EDGE('',*,*,#671,.F.);
#956=ORIENTED_EDGE('',*,*,#674,.F.);
#957=ORIENTED_EDGE('',*,*,#683,.F.);
#958=ORIENTED_EDGE('',*,*,#636,.T.);
#959=ORIENTED_EDGE('',*,*,#715,.F.);
#960=ORIENTED_EDGE('',*,*,#688,.T.);
#961=ORIENTED_EDGE('',*,*,#649,.F.);
#962=ORIENTED_EDGE('',*,*,#620,.T.);
#963=ORIENTED_EDGE('',*,*,#716,.F.);
#964=ORIENTED_EDGE('',*,*,#686,.T.);
#965=ORIENTED_EDGE('',*,*,#633,.F.);
#966=ORIENTED_EDGE('',*,*,#716,.T.);
#967=ORIENTED_EDGE('',*,*,#623,.T.);
#968=ORIENTED_EDGE('',*,*,#717,.T.);
#969=ORIENTED_EDGE('',*,*,#647,.T.);
#970=ORIENTED_EDGE('',*,*,#651,.T.);
#971=ORIENTED_EDGE('',*,*,#687,.T.);
#972=ORIENTED_EDGE('',*,*,#699,.T.);
#973=ORIENTED_EDGE('',*,*,#718,.T.);
#974=ORIENTED_EDGE('',*,*,#631,.T.);
#975=ORIENTED_EDGE('',*,*,#635,.T.);
#976=ORIENTED_EDGE('',*,*,#685,.T.);
#977=ORIENTED_EDGE('',*,*,#604,.T.);
#978=ORIENTED_EDGE('',*,*,#719,.F.);
#979=ORIENTED_EDGE('',*,*,#720,.T.);
#980=ORIENTED_EDGE('',*,*,#617,.F.);
#981=ORIENTED_EDGE('',*,*,#641,.T.);
#982=ORIENTED_EDGE('',*,*,#645,.T.);
#983=ORIENTED_EDGE('',*,*,#721,.T.);
#984=ORIENTED_EDGE('',*,*,#609,.T.);
#985=ORIENTED_EDGE('',*,*,#613,.T.);
#986=ORIENTED_EDGE('',*,*,#722,.T.);
#987=ORIENTED_EDGE('',*,*,#588,.T.);
#988=ORIENTED_EDGE('',*,*,#723,.F.);
#989=ORIENTED_EDGE('',*,*,#724,.T.);
#990=ORIENTED_EDGE('',*,*,#601,.F.);
#991=ORIENTED_EDGE('',*,*,#572,.T.);
#992=ORIENTED_EDGE('',*,*,#725,.F.);
#993=ORIENTED_EDGE('',*,*,#726,.T.);
#994=ORIENTED_EDGE('',*,*,#585,.F.);
#995=ORIENTED_EDGE('',*,*,#719,.T.);
#996=ORIENTED_EDGE('',*,*,#607,.T.);
#997=ORIENTED_EDGE('',*,*,#727,.T.);
#998=ORIENTED_EDGE('',*,*,#577,.T.);
#999=ORIENTED_EDGE('',*,*,#581,.T.);
#1000=ORIENTED_EDGE('',*,*,#728,.T.);
#1001=ORIENTED_EDGE('',*,*,#725,.T.);
#1002=ORIENTED_EDGE('',*,*,#575,.T.);
#1003=ORIENTED_EDGE('',*,*,#729,.T.);
#1004=ORIENTED_EDGE('',*,*,#599,.T.);
#1005=ORIENTED_EDGE('',*,*,#603,.T.);
#1006=ORIENTED_EDGE('',*,*,#730,.T.);
#1007=ORIENTED_EDGE('',*,*,#695,.T.);
#1008=ORIENTED_EDGE('',*,*,#731,.T.);
#1009=ORIENTED_EDGE('',*,*,#583,.T.);
#1010=ORIENTED_EDGE('',*,*,#587,.T.);
#1011=ORIENTED_EDGE('',*,*,#732,.T.);
#1012=ORIENTED_EDGE('',*,*,#593,.T.);
#1013=ORIENTED_EDGE('',*,*,#597,.T.);
#1014=ORIENTED_EDGE('',*,*,#733,.T.);
#1015=ORIENTED_EDGE('',*,*,#625,.T.);
#1016=ORIENTED_EDGE('',*,*,#629,.T.);
#1017=ORIENTED_EDGE('',*,*,#734,.T.);
#1018=ORIENTED_EDGE('',*,*,#697,.T.);
#1019=ORIENTED_EDGE('',*,*,#735,.T.);
#1020=ORIENTED_EDGE('',*,*,#723,.T.);
#1021=ORIENTED_EDGE('',*,*,#591,.T.);
#1022=ORIENTED_EDGE('',*,*,#736,.T.);
#1023=ORIENTED_EDGE('',*,*,#693,.T.);
#1024=ORIENTED_EDGE('',*,*,#737,.T.);
#1025=ORIENTED_EDGE('',*,*,#615,.T.);
#1026=ORIENTED_EDGE('',*,*,#619,.T.);
#1027=ORIENTED_EDGE('',*,*,#738,.T.);
#1028=ORIENTED_EDGE('',*,*,#691,.T.);
#1029=ORIENTED_EDGE('',*,*,#689,.T.);
#1030=ORIENTED_EDGE('',*,*,#715,.T.);
#1031=ORIENTED_EDGE('',*,*,#639,.T.);
#1032=ORIENTED_EDGE('',*,*,#739,.T.);
#1033=ORIENTED_EDGE('',*,*,#739,.F.);
#1034=ORIENTED_EDGE('',*,*,#638,.F.);
#1035=ORIENTED_EDGE('',*,*,#642,.F.);
#1036=ORIENTED_EDGE('',*,*,#722,.F.);
#1037=ORIENTED_EDGE('',*,*,#612,.F.);
#1038=ORIENTED_EDGE('',*,*,#616,.F.);
#1039=ORIENTED_EDGE('',*,*,#737,.F.);
#1040=ORIENTED_EDGE('',*,*,#692,.F.);
#1041=ORIENTED_EDGE('',*,*,#738,.F.);
#1042=ORIENTED_EDGE('',*,*,#618,.F.);
#1043=ORIENTED_EDGE('',*,*,#720,.F.);
#1044=ORIENTED_EDGE('',*,*,#728,.F.);
#1045=ORIENTED_EDGE('',*,*,#580,.F.);
#1046=ORIENTED_EDGE('',*,*,#584,.F.);
#1047=ORIENTED_EDGE('',*,*,#731,.F.);
#1048=ORIENTED_EDGE('',*,*,#694,.F.);
#1049=ORIENTED_EDGE('',*,*,#578,.F.);
#1050=ORIENTED_EDGE('',*,*,#727,.F.);
#1051=ORIENTED_EDGE('',*,*,#606,.F.);
#1052=ORIENTED_EDGE('',*,*,#610,.F.);
#1053=ORIENTED_EDGE('',*,*,#721,.F.);
#1054=ORIENTED_EDGE('',*,*,#644,.F.);
#1055=ORIENTED_EDGE('',*,*,#648,.F.);
#1056=ORIENTED_EDGE('',*,*,#717,.F.);
#1057=ORIENTED_EDGE('',*,*,#622,.F.);
#1058=ORIENTED_EDGE('',*,*,#626,.F.);
#1059=ORIENTED_EDGE('',*,*,#733,.F.);
#1060=ORIENTED_EDGE('',*,*,#596,.F.);
#1061=ORIENTED_EDGE('',*,*,#600,.F.);
#1062=ORIENTED_EDGE('',*,*,#729,.F.);
#1063=ORIENTED_EDGE('',*,*,#574,.F.);
#1064=ORIENTED_EDGE('',*,*,#740,.F.);
#1065=ORIENTED_EDGE('',*,*,#741,.F.);
#1066=ORIENTED_EDGE('',*,*,#742,.F.);
#1067=ORIENTED_EDGE('',*,*,#743,.F.);
#1068=ORIENTED_EDGE('',*,*,#744,.F.);
#1069=ORIENTED_EDGE('',*,*,#745,.T.);
#1070=ORIENTED_EDGE('',*,*,#703,.F.);
#1071=ORIENTED_EDGE('',*,*,#746,.F.);
#1072=ORIENTED_EDGE('',*,*,#747,.F.);
#1073=ORIENTED_EDGE('',*,*,#748,.T.);
#1074=ORIENTED_EDGE('',*,*,#704,.F.);
#1075=ORIENTED_EDGE('',*,*,#745,.F.);
#1076=ORIENTED_EDGE('',*,*,#711,.F.);
#1077=ORIENTED_EDGE('',*,*,#749,.T.);
#1078=ORIENTED_EDGE('',*,*,#742,.T.);
#1079=ORIENTED_EDGE('',*,*,#749,.F.);
#1080=ORIENTED_EDGE('',*,*,#710,.F.);
#1081=ORIENTED_EDGE('',*,*,#750,.T.);
#1082=ORIENTED_EDGE('',*,*,#740,.T.);
#1083=ORIENTED_EDGE('',*,*,#750,.F.);
#1084=ORIENTED_EDGE('',*,*,#751,.F.);
#1085=ORIENTED_EDGE('',*,*,#746,.T.);
#1086=ORIENTED_EDGE('',*,*,#702,.F.);
#1087=ORIENTED_EDGE('',*,*,#752,.F.);
#1088=ORIENTED_EDGE('',*,*,#713,.T.);
#1089=ORIENTED_EDGE('',*,*,#706,.F.);
#1090=ORIENTED_EDGE('',*,*,#753,.F.);
#1091=ORIENTED_EDGE('',*,*,#754,.F.);
#1092=ORIENTED_EDGE('',*,*,#752,.T.);
#1093=ORIENTED_EDGE('',*,*,#701,.F.);
#1094=ORIENTED_EDGE('',*,*,#712,.T.);
#1095=ORIENTED_EDGE('',*,*,#672,.F.);
#1096=ORIENTED_EDGE('',*,*,#714,.T.);
#1097=ORIENTED_EDGE('',*,*,#755,.F.);
#1098=ORIENTED_EDGE('',*,*,#753,.T.);
#1099=ORIENTED_EDGE('',*,*,#705,.F.);
#1100=ORIENTED_EDGE('',*,*,#748,.F.);
#1101=ORIENTED_EDGE('',*,*,#709,.F.);
#1102=ORIENTED_EDGE('',*,*,#756,.T.);
#1103=ORIENTED_EDGE('',*,*,#743,.T.);
#1104=ORIENTED_EDGE('',*,*,#756,.F.);
#1105=ORIENTED_EDGE('',*,*,#708,.F.);
#1106=ORIENTED_EDGE('',*,*,#757,.T.);
#1107=ORIENTED_EDGE('',*,*,#741,.T.);
#1108=ORIENTED_EDGE('',*,*,#757,.F.);
#1109=ORIENTED_EDGE('',*,*,#718,.F.);
#1110=ORIENTED_EDGE('',*,*,#698,.F.);
#1111=ORIENTED_EDGE('',*,*,#736,.F.);
#1112=ORIENTED_EDGE('',*,*,#590,.F.);
#1113=ORIENTED_EDGE('',*,*,#594,.F.);
#1114=ORIENTED_EDGE('',*,*,#734,.F.);
#1115=ORIENTED_EDGE('',*,*,#628,.F.);
#1116=ORIENTED_EDGE('',*,*,#632,.F.);
#1117=ORIENTED_EDGE('',*,*,#735,.F.);
#1118=ORIENTED_EDGE('',*,*,#696,.F.);
#1119=ORIENTED_EDGE('',*,*,#732,.F.);
#1120=ORIENTED_EDGE('',*,*,#586,.F.);
#1121=ORIENTED_EDGE('',*,*,#726,.F.);
#1122=ORIENTED_EDGE('',*,*,#730,.F.);
#1123=ORIENTED_EDGE('',*,*,#602,.F.);
#1124=ORIENTED_EDGE('',*,*,#724,.F.);
#1125=ORIENTED_EDGE('',*,*,#747,.T.);
#1126=ORIENTED_EDGE('',*,*,#744,.T.);
#1127=ORIENTED_EDGE('',*,*,#751,.T.);
#1128=ORIENTED_EDGE('',*,*,#754,.T.);
#1129=ORIENTED_EDGE('',*,*,#755,.T.);
#1130=B_SPLINE_SURFACE_WITH_KNOTS('',3,3,((#1708,#1709,#1710,#1711,#1712,
#1713),(#1714,#1715,#1716,#1717,#1718,#1719),(#1720,#1721,#1722,#1723,#1724,
#1725),(#1726,#1727,#1728,#1729,#1730,#1731),(#1732,#1733,#1734,#1735,#1736,
#1737),(#1738,#1739,#1740,#1741,#1742,#1743)),.UNSPECIFIED.,.F.,.F.,.F.,
(4,1,1,4),(4,1,1,4),(0.,0.333333333333333,0.666666666666667,1.),(0.,0.333333333333333,
0.666666666666667,1.),.UNSPECIFIED.);
#1131=B_SPLINE_SURFACE_WITH_KNOTS('',3,3,((#1762,#1763,#1764,#1765,#1766,
#1767),(#1768,#1769,#1770,#1771,#1772,#1773),(#1774,#1775,#1776,#1777,#1778,
#1779),(#1780,#1781,#1782,#1783,#1784,#1785),(#1786,#1787,#1788,#1789,#1790,
#1791),(#1792,#1793,#1794,#1795,#1796,#1797)),.UNSPECIFIED.,.F.,.F.,.F.,
(4,1,1,4),(4,1,1,4),(0.,0.333333333333333,0.666666666666667,1.),(0.,0.333333333333333,
0.666666666666667,1.),.UNSPECIFIED.);
#1132=B_SPLINE_SURFACE_WITH_KNOTS('',3,3,((#1808,#1809,#1810,#1811,#1812,
#1813),(#1814,#1815,#1816,#1817,#1818,#1819),(#1820,#1821,#1822,#1823,#1824,
#1825),(#1826,#1827,#1828,#1829,#1830,#1831),(#1832,#1833,#1834,#1835,#1836,
#1837),(#1838,#1839,#1840,#1841,#1842,#1843)),.UNSPECIFIED.,.F.,.F.,.F.,
(4,1,1,4),(4,1,1,4),(0.,0.333333333333333,0.666666666666667,1.),(0.,0.333333333333333,
0.666666666666667,1.),.UNSPECIFIED.);
#1133=B_SPLINE_SURFACE_WITH_KNOTS('',3,3,((#1854,#1855,#1856,#1857,#1858,
#1859),(#1860,#1861,#1862,#1863,#1864,#1865),(#1866,#1867,#1868,#1869,#1870,
#1871),(#1872,#1873,#1874,#1875,#1876,#1877),(#1878,#1879,#1880,#1881,#1882,
#1883),(#1884,#1885,#1886,#1887,#1888,#1889)),.UNSPECIFIED.,.F.,.F.,.F.,
(4,1,1,4),(4,1,1,4),(0.,0.333333333333333,0.666666666666667,1.),(0.,0.333333333333333,
0.666666666666667,1.),.UNSPECIFIED.);
#1134=B_SPLINE_SURFACE_WITH_KNOTS('',3,3,((#1900,#1901,#1902,#1903,#1904,
#1905),(#1906,#1907,#1908,#1909,#1910,#1911),(#1912,#1913,#1914,#1915,#1916,
#1917),(#1918,#1919,#1920,#1921,#1922,#1923),(#1924,#1925,#1926,#1927,#1928,
#1929),(#1930,#1931,#1932,#1933,#1934,#1935)),.UNSPECIFIED.,.F.,.F.,.F.,
(4,1,1,4),(4,1,1,4),(0.,0.333333333333333,0.666666666666667,1.),(0.,0.333333333333333,
0.666666666666667,1.),.UNSPECIFIED.);
#1135=B_SPLINE_SURFACE_WITH_KNOTS('',3,3,((#1946,#1947,#1948,#1949,#1950,
#1951),(#1952,#1953,#1954,#1955,#1956,#1957),(#1958,#1959,#1960,#1961,#1962,
#1963),(#1964,#1965,#1966,#1967,#1968,#1969),(#1970,#1971,#1972,#1973,#1974,
#1975),(#1976,#1977,#1978,#1979,#1980,#1981)),.UNSPECIFIED.,.F.,.F.,.F.,
(4,1,1,4),(4,1,1,4),(0.,0.333333333333333,0.666666666666667,1.),(0.,0.333333333333333,
0.666666666666667,1.),.UNSPECIFIED.);
#1136=B_SPLINE_SURFACE_WITH_KNOTS('',3,3,((#2000,#2001,#2002,#2003,#2004,
#2005),(#2006,#2007,#2008,#2009,#2010,#2011),(#2012,#2013,#2014,#2015,#2016,
#2017),(#2018,#2019,#2020,#2021,#2022,#2023),(#2024,#2025,#2026,#2027,#2028,
#2029),(#2030,#2031,#2032,#2033,#2034,#2035)),.UNSPECIFIED.,.F.,.F.,.F.,
(4,1,1,4),(4,1,1,4),(0.,0.333333333333333,0.666666666666667,1.),(0.,0.333333333333333,
0.666666666666667,1.),.UNSPECIFIED.);
#1137=B_SPLINE_SURFACE_WITH_KNOTS('',3,3,((#2046,#2047,#2048,#2049,#2050,
#2051),(#2052,#2053,#2054,#2055,#2056,#2057),(#2058,#2059,#2060,#2061,#2062,
#2063),(#2064,#2065,#2066,#2067,#2068,#2069),(#2070,#2071,#2072,#2073,#2074,
#2075),(#2076,#2077,#2078,#2079,#2080,#2081)),.UNSPECIFIED.,.F.,.F.,.F.,
(4,1,1,4),(4,1,1,4),(0.,0.333333333333333,0.666666666666667,1.),(0.,0.333333333333333,
0.666666666666667,1.),.UNSPECIFIED.);
#1138=B_SPLINE_SURFACE_WITH_KNOTS('',3,3,((#2092,#2093,#2094,#2095,#2096,
#2097),(#2098,#2099,#2100,#2101,#2102,#2103),(#2104,#2105,#2106,#2107,#2108,
#2109),(#2110,#2111,#2112,#2113,#2114,#2115),(#2116,#2117,#2118,#2119,#2120,
#2121),(#2122,#2123,#2124,#2125,#2126,#2127)),.UNSPECIFIED.,.F.,.F.,.F.,
(4,1,1,4),(4,1,1,4),(0.,0.333333333333333,0.666666666666667,1.),(0.,0.333333333333333,
0.666666666666667,1.),.UNSPECIFIED.);
#1139=B_SPLINE_SURFACE_WITH_KNOTS('',3,3,((#2138,#2139,#2140,#2141,#2142,
#2143),(#2144,#2145,#2146,#2147,#2148,#2149),(#2150,#2151,#2152,#2153,#2154,
#2155),(#2156,#2157,#2158,#2159,#2160,#2161),(#2162,#2163,#2164,#2165,#2166,
#2167),(#2168,#2169,#2170,#2171,#2172,#2173)),.UNSPECIFIED.,.F.,.F.,.F.,
(4,1,1,4),(4,1,1,4),(0.,0.333333333333333,0.666666666666667,1.),(0.,0.333333333333333,
0.666666666666667,1.),.UNSPECIFIED.);
#1140=B_SPLINE_SURFACE_WITH_KNOTS('',3,3,((#2184,#2185,#2186,#2187,#2188,
#2189),(#2190,#2191,#2192,#2193,#2194,#2195),(#2196,#2197,#2198,#2199,#2200,
#2201),(#2202,#2203,#2204,#2205,#2206,#2207),(#2208,#2209,#2210,#2211,#2212,
#2213),(#2214,#2215,#2216,#2217,#2218,#2219)),.UNSPECIFIED.,.F.,.F.,.F.,
(4,1,1,4),(4,1,1,4),(0.,0.333333333333333,0.666666666666667,1.),(0.,0.333333333333333,
0.666666666666667,1.),.UNSPECIFIED.);
#1141=B_SPLINE_SURFACE_WITH_KNOTS('',3,3,((#2238,#2239,#2240,#2241,#2242,
#2243),(#2244,#2245,#2246,#2247,#2248,#2249),(#2250,#2251,#2252,#2253,#2254,
#2255),(#2256,#2257,#2258,#2259,#2260,#2261),(#2262,#2263,#2264,#2265,#2266,
#2267),(#2268,#2269,#2270,#2271,#2272,#2273)),.UNSPECIFIED.,.F.,.F.,.F.,
(4,1,1,4),(4,1,1,4),(0.,0.333333333333333,0.666666666666667,1.),(0.,0.333333333333333,
0.666666666666667,1.),.UNSPECIFIED.);
#1142=B_SPLINE_SURFACE_WITH_KNOTS('',3,3,((#2284,#2285,#2286,#2287,#2288,
#2289),(#2290,#2291,#2292,#2293,#2294,#2295),(#2296,#2297,#2298,#2299,#2300,
#2301),(#2302,#2303,#2304,#2305,#2306,#2307),(#2308,#2309,#2310,#2311,#2312,
#2313),(#2314,#2315,#2316,#2317,#2318,#2319)),.UNSPECIFIED.,.F.,.F.,.F.,
(4,1,1,4),(4,1,1,4),(0.,0.333333333333333,0.666666666666667,1.),(0.,0.333333333333333,
0.666666666666667,1.),.UNSPECIFIED.);
#1143=B_SPLINE_SURFACE_WITH_KNOTS('',3,3,((#2330,#2331,#2332,#2333,#2334,
#2335),(#2336,#2337,#2338,#2339,#2340,#2341),(#2342,#2343,#2344,#2345,#2346,
#2347),(#2348,#2349,#2350,#2351,#2352,#2353),(#2354,#2355,#2356,#2357,#2358,
#2359),(#2360,#2361,#2362,#2363,#2364,#2365)),.UNSPECIFIED.,.F.,.F.,.F.,
(4,1,1,4),(4,1,1,4),(0.,0.333333333333333,0.666666666666667,1.),(0.,0.333333333333333,
0.666666666666667,1.),.UNSPECIFIED.);
#1144=B_SPLINE_SURFACE_WITH_KNOTS('',3,3,((#2376,#2377,#2378,#2379,#2380,
#2381),(#2382,#2383,#2384,#2385,#2386,#2387),(#2388,#2389,#2390,#2391,#2392,
#2393),(#2394,#2395,#2396,#2397,#2398,#2399),(#2400,#2401,#2402,#2403,#2404,
#2405),(#2406,#2407,#2408,#2409,#2410,#2411)),.UNSPECIFIED.,.F.,.F.,.F.,
(4,1,1,4),(4,1,1,4),(0.,0.333333333333333,0.666666666666667,1.),(0.,0.333333333333333,
0.666666666666667,1.),.UNSPECIFIED.);
#1145=B_SPLINE_SURFACE_WITH_KNOTS('',3,3,((#2422,#2423,#2424,#2425,#2426,
#2427),(#2428,#2429,#2430,#2431,#2432,#2433),(#2434,#2435,#2436,#2437,#2438,
#2439),(#2440,#2441,#2442,#2443,#2444,#2445),(#2446,#2447,#2448,#2449,#2450,
#2451),(#2452,#2453,#2454,#2455,#2456,#2457)),.UNSPECIFIED.,.F.,.F.,.F.,
(4,1,1,4),(4,1,1,4),(0.,0.333333333333333,0.666666666666667,1.),(0.,0.333333333333333,
0.666666666666667,1.),.UNSPECIFIED.);
#1146=B_SPLINE_SURFACE_WITH_KNOTS('',3,3,((#2476,#2477,#2478,#2479,#2480,
#2481),(#2482,#2483,#2484,#2485,#2486,#2487),(#2488,#2489,#2490,#2491,#2492,
#2493),(#2494,#2495,#2496,#2497,#2498,#2499),(#2500,#2501,#2502,#2503,#2504,
#2505),(#2506,#2507,#2508,#2509,#2510,#2511)),.UNSPECIFIED.,.F.,.F.,.F.,
(4,1,1,4),(4,1,1,4),(0.,0.333333333333333,0.666666666666667,1.),(0.,0.333333333333333,
0.666666666666667,1.),.UNSPECIFIED.);
#1147=B_SPLINE_SURFACE_WITH_KNOTS('',3,3,((#2522,#2523,#2524,#2525,#2526,
#2527),(#2528,#2529,#2530,#2531,#2532,#2533),(#2534,#2535,#2536,#2537,#2538,
#2539),(#2540,#2541,#2542,#2543,#2544,#2545),(#2546,#2547,#2548,#2549,#2550,
#2551),(#2552,#2553,#2554,#2555,#2556,#2557)),.UNSPECIFIED.,.F.,.F.,.F.,
(4,1,1,4),(4,1,1,4),(0.,0.333333333333333,0.666666666666667,1.),(0.,0.333333333333333,
0.666666666666667,1.),.UNSPECIFIED.);
#1148=B_SPLINE_SURFACE_WITH_KNOTS('',3,3,((#2568,#2569,#2570,#2571,#2572,
#2573),(#2574,#2575,#2576,#2577,#2578,#2579),(#2580,#2581,#2582,#2583,#2584,
#2585),(#2586,#2587,#2588,#2589,#2590,#2591),(#2592,#2593,#2594,#2595,#2596,
#2597),(#2598,#2599,#2600,#2601,#2602,#2603)),.UNSPECIFIED.,.F.,.F.,.F.,
(4,1,1,4),(4,1,1,4),(0.,0.333333333333333,0.666666666666667,1.),(0.,0.333333333333333,
0.666666666666667,1.),.UNSPECIFIED.);
#1149=B_SPLINE_SURFACE_WITH_KNOTS('',3,3,((#2614,#2615,#2616,#2617,#2618,
#2619),(#2620,#2621,#2622,#2623,#2624,#2625),(#2626,#2627,#2628,#2629,#2630,
#2631),(#2632,#2633,#2634,#2635,#2636,#2637),(#2638,#2639,#2640,#2641,#2642,
#2643),(#2644,#2645,#2646,#2647,#2648,#2649)),.UNSPECIFIED.,.F.,.F.,.F.,
(4,1,1,4),(4,1,1,4),(0.,0.333333333333333,0.666666666666667,1.),(0.,0.333333333333333,
0.666666666666667,1.),.UNSPECIFIED.);
#1150=B_SPLINE_SURFACE_WITH_KNOTS('',3,3,((#2660,#2661,#2662,#2663,#2664,
#2665),(#2666,#2667,#2668,#2669,#2670,#2671),(#2672,#2673,#2674,#2675,#2676,
#2677),(#2678,#2679,#2680,#2681,#2682,#2683),(#2684,#2685,#2686,#2687,#2688,
#2689),(#2690,#2691,#2692,#2693,#2694,#2695)),.UNSPECIFIED.,.F.,.F.,.F.,
(4,1,1,4),(4,1,1,4),(0.,0.333333333333333,0.666666666666667,1.),(0.,0.333333333333333,
0.666666666666667,1.),.UNSPECIFIED.);
#1151=B_SPLINE_SURFACE_WITH_KNOTS('',3,3,((#2714,#2715,#2716,#2717,#2718,
#2719),(#2720,#2721,#2722,#2723,#2724,#2725),(#2726,#2727,#2728,#2729,#2730,
#2731),(#2732,#2733,#2734,#2735,#2736,#2737),(#2738,#2739,#2740,#2741,#2742,
#2743),(#2744,#2745,#2746,#2747,#2748,#2749)),.UNSPECIFIED.,.F.,.F.,.F.,
(4,1,1,4),(4,1,1,4),(0.,0.333333333333333,0.666666666666667,1.),(0.,0.333333333333333,
0.666666666666667,1.),.UNSPECIFIED.);
#1152=B_SPLINE_SURFACE_WITH_KNOTS('',3,3,((#2760,#2761,#2762,#2763,#2764,
#2765),(#2766,#2767,#2768,#2769,#2770,#2771),(#2772,#2773,#2774,#2775,#2776,
#2777),(#2778,#2779,#2780,#2781,#2782,#2783),(#2784,#2785,#2786,#2787,#2788,
#2789),(#2790,#2791,#2792,#2793,#2794,#2795)),.UNSPECIFIED.,.F.,.F.,.F.,
(4,1,1,4),(4,1,1,4),(0.,0.333333333333333,0.666666666666667,1.),(0.,0.333333333333333,
0.666666666666667,1.),.UNSPECIFIED.);
#1153=B_SPLINE_SURFACE_WITH_KNOTS('',3,3,((#2806,#2807,#2808,#2809,#2810,
#2811),(#2812,#2813,#2814,#2815,#2816,#2817),(#2818,#2819,#2820,#2821,#2822,
#2823),(#2824,#2825,#2826,#2827,#2828,#2829),(#2830,#2831,#2832,#2833,#2834,
#2835),(#2836,#2837,#2838,#2839,#2840,#2841)),.UNSPECIFIED.,.F.,.F.,.F.,
(4,1,1,4),(4,1,1,4),(0.,0.333333333333333,0.666666666666667,1.),(0.,0.333333333333333,
0.666666666666667,1.),.UNSPECIFIED.);
#1154=B_SPLINE_SURFACE_WITH_KNOTS('',3,3,((#2852,#2853,#2854,#2855,#2856,
#2857),(#2858,#2859,#2860,#2861,#2862,#2863),(#2864,#2865,#2866,#2867,#2868,
#2869),(#2870,#2871,#2872,#2873,#2874,#2875),(#2876,#2877,#2878,#2879,#2880,
#2881),(#2882,#2883,#2884,#2885,#2886,#2887)),.UNSPECIFIED.,.F.,.F.,.F.,
(4,1,1,4),(4,1,1,4),(0.,0.333333333333333,0.666666666666667,1.),(0.,0.333333333333333,
0.666666666666667,1.),.UNSPECIFIED.);
#1155=B_SPLINE_SURFACE_WITH_KNOTS('',3,3,((#2898,#2899,#2900,#2901,#2902,
#2903),(#2904,#2905,#2906,#2907,#2908,#2909),(#2910,#2911,#2912,#2913,#2914,
#2915),(#2916,#2917,#2918,#2919,#2920,#2921),(#2922,#2923,#2924,#2925,#2926,
#2927),(#2928,#2929,#2930,#2931,#2932,#2933)),.UNSPECIFIED.,.F.,.F.,.F.,
(4,1,1,4),(4,1,1,4),(0.,0.333333333333333,0.666666666666667,1.),(0.,0.333333333333333,
0.666666666666667,1.),.UNSPECIFIED.);
#1156=B_SPLINE_SURFACE_WITH_KNOTS('',3,3,((#2985,#2986,#2987,#2988,#2989,
#2990),(#2991,#2992,#2993,#2994,#2995,#2996),(#2997,#2998,#2999,#3000,#3001,
#3002),(#3003,#3004,#3005,#3006,#3007,#3008),(#3009,#3010,#3011,#3012,#3013,
#3014),(#3015,#3016,#3017,#3018,#3019,#3020)),.UNSPECIFIED.,.F.,.F.,.F.,
(4,1,1,4),(4,1,1,4),(0.,0.333333333333333,0.666666666666667,1.),(0.,0.333333333333333,
0.666666666666667,1.),.UNSPECIFIED.);
#1157=B_SPLINE_SURFACE_WITH_KNOTS('',3,3,((#3024,#3025,#3026,#3027,#3028,
#3029),(#3030,#3031,#3032,#3033,#3034,#3035),(#3036,#3037,#3038,#3039,#3040,
#3041),(#3042,#3043,#3044,#3045,#3046,#3047),(#3048,#3049,#3050,#3051,#3052,
#3053),(#3054,#3055,#3056,#3057,#3058,#3059)),.UNSPECIFIED.,.F.,.F.,.F.,
(4,1,1,4),(4,1,1,4),(0.,0.333333333333333,0.666666666666667,1.),(0.,0.333333333333333,
0.666666666666667,1.),.UNSPECIFIED.);
#1158=B_SPLINE_SURFACE_WITH_KNOTS('',3,3,((#3070,#3071,#3072,#3073,#3074,
#3075),(#3076,#3077,#3078,#3079,#3080,#3081),(#3082,#3083,#3084,#3085,#3086,
#3087),(#3088,#3089,#3090,#3091,#3092,#3093),(#3094,#3095,#3096,#3097,#3098,
#3099),(#3100,#3101,#3102,#3103,#3104,#3105)),.UNSPECIFIED.,.F.,.F.,.F.,
(4,1,1,4),(4,1,1,4),(0.,0.333333333333333,0.666666666666667,1.),(0.,0.333333333333333,
0.666666666666667,1.),.UNSPECIFIED.);
#1159=B_SPLINE_SURFACE_WITH_KNOTS('',3,3,((#3107,#3108,#3109,#3110,#3111,
#3112),(#3113,#3114,#3115,#3116,#3117,#3118),(#3119,#3120,#3121,#3122,#3123,
#3124),(#3125,#3126,#3127,#3128,#3129,#3130),(#3131,#3132,#3133,#3134,#3135,
#3136),(#3137,#3138,#3139,#3140,#3141,#3142)),.UNSPECIFIED.,.F.,.F.,.F.,
(4,1,1,4),(4,1,1,4),(0.,0.333333333333333,0.666666666666667,1.),(0.,0.333333333333333,
0.666666666666667,1.),.UNSPECIFIED.);
#1160=B_SPLINE_SURFACE_WITH_KNOTS('',3,3,((#3201,#3202,#3203,#3204,#3205,
#3206),(#3207,#3208,#3209,#3210,#3211,#3212),(#3213,#3214,#3215,#3216,#3217,
#3218),(#3219,#3220,#3221,#3222,#3223,#3224),(#3225,#3226,#3227,#3228,#3229,
#3230),(#3231,#3232,#3233,#3234,#3235,#3236)),.UNSPECIFIED.,.F.,.F.,.F.,
(4,1,1,4),(4,1,1,4),(0.,0.333333333333333,0.666666666666667,1.),(0.,0.333333333333333,
0.666666666666667,1.),.UNSPECIFIED.);
#1161=B_SPLINE_SURFACE_WITH_KNOTS('',3,3,((#3247,#3248,#3249,#3250,#3251,
#3252),(#3253,#3254,#3255,#3256,#3257,#3258),(#3259,#3260,#3261,#3262,#3263,
#3264),(#3265,#3266,#3267,#3268,#3269,#3270),(#3271,#3272,#3273,#3274,#3275,
#3276),(#3277,#3278,#3279,#3280,#3281,#3282)),.UNSPECIFIED.,.F.,.F.,.F.,
(4,1,1,4),(4,1,1,4),(0.,0.333333333333333,0.666666666666667,1.),(0.,0.333333333333333,
0.666666666666667,1.),.UNSPECIFIED.);
#1162=B_SPLINE_SURFACE_WITH_KNOTS('',3,3,((#3284,#3285,#3286,#3287,#3288,
#3289),(#3290,#3291,#3292,#3293,#3294,#3295),(#3296,#3297,#3298,#3299,#3300,
#3301),(#3302,#3303,#3304,#3305,#3306,#3307),(#3308,#3309,#3310,#3311,#3312,
#3313),(#3314,#3315,#3316,#3317,#3318,#3319)),.UNSPECIFIED.,.F.,.F.,.F.,
(4,1,1,4),(4,1,1,4),(0.,0.333333333333333,0.666666666666667,1.),(0.,0.333333333333333,
0.666666666666667,1.),.UNSPECIFIED.);
#1163=B_SPLINE_SURFACE_WITH_KNOTS('',3,3,((#3337,#3338,#3339,#3340,#3341,
#3342),(#3343,#3344,#3345,#3346,#3347,#3348),(#3349,#3350,#3351,#3352,#3353,
#3354),(#3355,#3356,#3357,#3358,#3359,#3360),(#3361,#3362,#3363,#3364,#3365,
#3366),(#3367,#3368,#3369,#3370,#3371,#3372)),.UNSPECIFIED.,.F.,.F.,.F.,
(4,1,1,4),(4,1,1,4),(0.,0.333333333333333,0.666666666666667,1.),(0.,0.333333333333333,
0.666666666666667,1.),.UNSPECIFIED.);
#1164=B_SPLINE_SURFACE_WITH_KNOTS('',3,3,((#3382,#3383,#3384,#3385,#3386,
#3387),(#3388,#3389,#3390,#3391,#3392,#3393),(#3394,#3395,#3396,#3397,#3398,
#3399),(#3400,#3401,#3402,#3403,#3404,#3405),(#3406,#3407,#3408,#3409,#3410,
#3411),(#3412,#3413,#3414,#3415,#3416,#3417)),.UNSPECIFIED.,.F.,.F.,.F.,
(4,1,1,4),(4,1,1,4),(0.,0.333333333333333,0.666666666666667,1.),(0.,0.333333333333333,
0.666666666666667,1.),.UNSPECIFIED.);
#1165=B_SPLINE_SURFACE_WITH_KNOTS('',3,3,((#3487,#3488,#3489,#3490,#3491,
#3492),(#3493,#3494,#3495,#3496,#3497,#3498),(#3499,#3500,#3501,#3502,#3503,
#3504),(#3505,#3506,#3507,#3508,#3509,#3510),(#3511,#3512,#3513,#3514,#3515,
#3516),(#3517,#3518,#3519,#3520,#3521,#3522)),.UNSPECIFIED.,.F.,.F.,.F.,
(4,1,1,4),(4,1,1,4),(0.,0.333333333333333,0.666666666666667,1.),(0.,0.333333333333333,
0.666666666666667,1.),.UNSPECIFIED.);
#1166=B_SPLINE_SURFACE_WITH_KNOTS('',3,3,((#3524,#3525,#3526,#3527,#3528,
#3529),(#3530,#3531,#3532,#3533,#3534,#3535),(#3536,#3537,#3538,#3539,#3540,
#3541),(#3542,#3543,#3544,#3545,#3546,#3547),(#3548,#3549,#3550,#3551,#3552,
#3553),(#3554,#3555,#3556,#3557,#3558,#3559)),.UNSPECIFIED.,.F.,.F.,.F.,
(4,1,1,4),(4,1,1,4),(0.,0.333333333333333,0.666666666666667,1.),(0.,0.333333333333333,
0.666666666666667,1.),.UNSPECIFIED.);
#1167=B_SPLINE_SURFACE_WITH_KNOTS('',3,3,((#3565,#3566,#3567,#3568,#3569,
#3570),(#3571,#3572,#3573,#3574,#3575,#3576),(#3577,#3578,#3579,#3580,#3581,
#3582),(#3583,#3584,#3585,#3586,#3587,#3588),(#3589,#3590,#3591,#3592,#3593,
#3594),(#3595,#3596,#3597,#3598,#3599,#3600)),.UNSPECIFIED.,.F.,.F.,.F.,
(4,1,1,4),(4,1,1,4),(0.,0.333333333333333,0.666666666666667,1.),(0.,0.333333333333333,
0.666666666666667,1.),.UNSPECIFIED.);
#1168=B_SPLINE_SURFACE_WITH_KNOTS('',3,3,((#3607,#3608,#3609,#3610,#3611,
#3612),(#3613,#3614,#3615,#3616,#3617,#3618),(#3619,#3620,#3621,#3622,#3623,
#3624),(#3625,#3626,#3627,#3628,#3629,#3630),(#3631,#3632,#3633,#3634,#3635,
#3636),(#3637,#3638,#3639,#3640,#3641,#3642)),.UNSPECIFIED.,.F.,.F.,.F.,
(4,1,1,4),(4,1,1,4),(0.,0.333333333333333,0.666666666666667,1.),(0.,0.333333333333333,
0.666666666666667,1.),.UNSPECIFIED.);
#1169=B_SPLINE_SURFACE_WITH_KNOTS('',3,3,((#3646,#3647,#3648,#3649,#3650,
#3651),(#3652,#3653,#3654,#3655,#3656,#3657),(#3658,#3659,#3660,#3661,#3662,
#3663),(#3664,#3665,#3666,#3667,#3668,#3669),(#3670,#3671,#3672,#3673,#3674,
#3675),(#3676,#3677,#3678,#3679,#3680,#3681)),.UNSPECIFIED.,.F.,.F.,.F.,
(4,1,1,4),(4,1,1,4),(0.,0.333333333333333,0.666666666666667,1.),(0.,0.333333333333333,
0.666666666666667,1.),.UNSPECIFIED.);
#1170=ADVANCED_FACE('',(#170),#1130,.T.);
#1171=ADVANCED_FACE('',(#171),#1131,.T.);
#1172=ADVANCED_FACE('',(#172),#1132,.T.);
#1173=ADVANCED_FACE('',(#173),#1133,.T.);
#1174=ADVANCED_FACE('',(#174),#1134,.T.);
#1175=ADVANCED_FACE('',(#175),#1135,.T.);
#1176=ADVANCED_FACE('',(#176),#1136,.T.);
#1177=ADVANCED_FACE('',(#177),#1137,.T.);
#1178=ADVANCED_FACE('',(#178),#1138,.T.);
#1179=ADVANCED_FACE('',(#179),#1139,.T.);
#1180=ADVANCED_FACE('',(#180),#1140,.T.);
#1181=ADVANCED_FACE('',(#181),#1141,.T.);
#1182=ADVANCED_FACE('',(#182),#1142,.T.);
#1183=ADVANCED_FACE('',(#183),#1143,.T.);
#1184=ADVANCED_FACE('',(#184),#1144,.T.);
#1185=ADVANCED_FACE('',(#185),#1145,.T.);
#1186=ADVANCED_FACE('',(#186),#1146,.T.);
#1187=ADVANCED_FACE('',(#187),#1147,.T.);
#1188=ADVANCED_FACE('',(#188),#1148,.T.);
#1189=ADVANCED_FACE('',(#189),#1149,.T.);
#1190=ADVANCED_FACE('',(#190),#1150,.T.);
#1191=ADVANCED_FACE('',(#191),#1151,.T.);
#1192=ADVANCED_FACE('',(#192),#1152,.T.);
#1193=ADVANCED_FACE('',(#193),#1153,.T.);
#1194=ADVANCED_FACE('',(#194),#1154,.T.);
#1195=ADVANCED_FACE('',(#195),#1155,.T.);
#1196=ADVANCED_FACE('',(#196),#1156,.T.);
#1197=ADVANCED_FACE('',(#197),#1157,.T.);
#1198=ADVANCED_FACE('',(#198),#1158,.T.);
#1199=ADVANCED_FACE('',(#199),#1159,.T.);
#1200=ADVANCED_FACE('',(#200),#1160,.T.);
#1201=ADVANCED_FACE('',(#201),#1161,.T.);
#1202=ADVANCED_FACE('',(#202),#1162,.T.);
#1203=ADVANCED_FACE('',(#203),#1163,.T.);
#1204=ADVANCED_FACE('',(#204),#153,.T.);
#1205=ADVANCED_FACE('',(#205),#1164,.T.);
#1206=ADVANCED_FACE('',(#206),#154,.T.);
#1207=ADVANCED_FACE('',(#207),#155,.T.);
#1208=ADVANCED_FACE('',(#208),#19,.T.);
#1209=ADVANCED_FACE('',(#209,#15,#16,#17,#18),#20,.T.);
#1210=ADVANCED_FACE('',(#210),#21,.F.);
#1211=ADVANCED_FACE('',(#211),#22,.F.);
#1212=ADVANCED_FACE('',(#212),#23,.F.);
#1213=ADVANCED_FACE('',(#213),#1165,.T.);
#1214=ADVANCED_FACE('',(#214),#1166,.T.);
#1215=ADVANCED_FACE('',(#215),#156,.T.);
#1216=ADVANCED_FACE('',(#216),#157,.T.);
#1217=ADVANCED_FACE('',(#217),#1167,.T.);
#1218=ADVANCED_FACE('',(#218),#158,.T.);
#1219=ADVANCED_FACE('',(#219),#1168,.T.);
#1220=ADVANCED_FACE('',(#220),#1169,.T.);
#1221=ADVANCED_FACE('',(#221),#159,.T.);
#1222=ADVANCED_FACE('',(#222),#160,.T.);
#1223=ADVANCED_FACE('',(#223),#161,.T.);
#1224=ADVANCED_FACE('',(#224),#162,.T.);
#1225=ADVANCED_FACE('',(#225),#163,.T.);
#1226=ADVANCED_FACE('',(#226),#164,.T.);
#1227=ADVANCED_FACE('',(#227),#165,.T.);
#1228=ADVANCED_FACE('',(#228),#24,.T.);
#1229=ADVANCED_FACE('',(#229),#25,.T.);
#1230=ADVANCED_FACE('',(#230),#26,.F.);
#1231=ADVANCED_FACE('',(#231),#27,.T.);
#1232=ADVANCED_FACE('',(#232),#28,.T.);
#1233=ADVANCED_FACE('',(#233),#29,.T.);
#1234=ADVANCED_FACE('',(#234),#30,.T.);
#1235=ADVANCED_FACE('',(#235),#31,.T.);
#1236=ADVANCED_FACE('',(#236),#32,.T.);
#1237=ADVANCED_FACE('',(#237),#166,.F.);
#1238=ADVANCED_FACE('',(#238),#167,.F.);
#1239=ADVANCED_FACE('',(#239),#33,.T.);
#1240=ADVANCED_FACE('',(#240),#34,.T.);
#1241=ADVANCED_FACE('',(#241),#35,.T.);
#1242=ADVANCED_FACE('',(#242),#168,.F.);
#1243=ADVANCED_FACE('',(#243),#169,.F.);
#1244=ADVANCED_FACE('',(#244),#36,.T.);
#1245=ADVANCED_FACE('',(#245),#37,.T.);
#1246=ADVANCED_FACE('',(#246),#38,.T.);
#1247=CLOSED_SHELL('',(#1170,#1171,#1172,#1173,#1174,#1175,#1176,#1177,
#1178,#1179,#1180,#1181,#1182,#1183,#1184,#1185,#1186,#1187,#1188,#1189,
#1190,#1191,#1192,#1193,#1194,#1195,#1196,#1197,#1198,#1199,#1200,#1201,
#1202,#1203,#1204,#1205,#1206,#1207,#1208,#1209,#1210,#1211,#1212,#1213,
#1214,#1215,#1216,#1217,#1218,#1219,#1220,#1221,#1222,#1223,#1224,#1225,
#1226,#1227,#1228,#1229,#1230,#1231,#1232,#1233,#1234,#1235,#1236,#1237,
#1238,#1239,#1240,#1241,#1242,#1243,#1244,#1245,#1246));
#1248=DERIVED_UNIT_ELEMENT(#1250,1.);
#1249=DERIVED_UNIT_ELEMENT(#3756,-3.);
#1250=(
MASS_UNIT()
NAMED_UNIT(*)
SI_UNIT(.KILO.,.GRAM.)
);
#1251=DERIVED_UNIT((#1248,#1249));
#1252=MEASURE_REPRESENTATION_ITEM('density measure',
POSITIVE_RATIO_MEASURE(7850.),#1251);
#1253=PROPERTY_DEFINITION_REPRESENTATION(#1258,#1255);
#1254=PROPERTY_DEFINITION_REPRESENTATION(#1259,#1256);
#1255=REPRESENTATION('material name',(#1257),#3753);
#1256=REPRESENTATION('density',(#1252),#3753);
#1257=DESCRIPTIVE_REPRESENTATION_ITEM('Steel','Steel');
#1258=PROPERTY_DEFINITION('material property','material name',#3763);
#1259=PROPERTY_DEFINITION('material property','density of part',#3763);
#1260=AXIS2_PLACEMENT_3D('',#1707,#1390,#1391);
#1261=AXIS2_PLACEMENT_3D('',#1760,#1392,#1393);
#1262=AXIS2_PLACEMENT_3D('',#1761,#1394,#1395);
#1263=AXIS2_PLACEMENT_3D('',#1806,#1396,#1397);
#1264=AXIS2_PLACEMENT_3D('',#1807,#1398,#1399);
#1265=AXIS2_PLACEMENT_3D('',#1852,#1400,#1401);
#1266=AXIS2_PLACEMENT_3D('',#1853,#1402,#1403);
#1267=AXIS2_PLACEMENT_3D('',#1898,#1404,#1405);
#1268=AXIS2_PLACEMENT_3D('',#1899,#1406,#1407);
#1269=AXIS2_PLACEMENT_3D('',#1944,#1408,#1409);
#1270=AXIS2_PLACEMENT_3D('',#1945,#1410,#1411);
#1271=AXIS2_PLACEMENT_3D('',#1998,#1412,#1413);
#1272=AXIS2_PLACEMENT_3D('',#1999,#1414,#1415);
#1273=AXIS2_PLACEMENT_3D('',#2044,#1416,#1417);
#1274=AXIS2_PLACEMENT_3D('',#2045,#1418,#1419);
#1275=AXIS2_PLACEMENT_3D('',#2090,#1420,#1421);
#1276=AXIS2_PLACEMENT_3D('',#2091,#1422,#1423);
#1277=AXIS2_PLACEMENT_3D('',#2136,#1424,#1425);
#1278=AXIS2_PLACEMENT_3D('',#2137,#1426,#1427);
#1279=AXIS2_PLACEMENT_3D('',#2182,#1428,#1429);
#1280=AXIS2_PLACEMENT_3D('',#2183,#1430,#1431);
#1281=AXIS2_PLACEMENT_3D('',#2236,#1432,#1433);
#1282=AXIS2_PLACEMENT_3D('',#2237,#1434,#1435);
#1283=AXIS2_PLACEMENT_3D('',#2282,#1436,#1437);
#1284=AXIS2_PLACEMENT_3D('',#2283,#1438,#1439);
#1285=AXIS2_PLACEMENT_3D('',#2328,#1440,#1441);
#1286=AXIS2_PLACEMENT_3D('',#2329,#1442,#1443);
#1287=AXIS2_PLACEMENT_3D('',#2374,#1444,#1445);
#1288=AXIS2_PLACEMENT_3D('',#2375,#1446,#1447);
#1289=AXIS2_PLACEMENT_3D('',#2420,#1448,#1449);
#1290=AXIS2_PLACEMENT_3D('',#2421,#1450,#1451);
#1291=AXIS2_PLACEMENT_3D('',#2474,#1452,#1453);
#1292=AXIS2_PLACEMENT_3D('',#2475,#1454,#1455);
#1293=AXIS2_PLACEMENT_3D('',#2520,#1456,#1457);
#1294=AXIS2_PLACEMENT_3D('',#2521,#1458,#1459);
#1295=AXIS2_PLACEMENT_3D('',#2566,#1460,#1461);
#1296=AXIS2_PLACEMENT_3D('',#2567,#1462,#1463);
#1297=AXIS2_PLACEMENT_3D('',#2612,#1464,#1465);
#1298=AXIS2_PLACEMENT_3D('',#2613,#1466,#1467);
#1299=AXIS2_PLACEMENT_3D('',#2658,#1468,#1469);
#1300=AXIS2_PLACEMENT_3D('',#2659,#1470,#1471);
#1301=AXIS2_PLACEMENT_3D('',#2712,#1472,#1473);
#1302=AXIS2_PLACEMENT_3D('',#2713,#1474,#1475);
#1303=AXIS2_PLACEMENT_3D('',#2758,#1476,#1477);
#1304=AXIS2_PLACEMENT_3D('',#2759,#1478,#1479);
#1305=AXIS2_PLACEMENT_3D('',#2804,#1480,#1481);
#1306=AXIS2_PLACEMENT_3D('',#2805,#1482,#1483);
#1307=AXIS2_PLACEMENT_3D('',#2850,#1484,#1485);
#1308=AXIS2_PLACEMENT_3D('',#2851,#1486,#1487);
#1309=AXIS2_PLACEMENT_3D('',#2896,#1488,#1489);
#1310=AXIS2_PLACEMENT_3D('',#2897,#1490,#1491);
#1311=AXIS2_PLACEMENT_3D('',#2983,#1492,#1493);
#1312=AXIS2_PLACEMENT_3D('',#2984,#1494,#1495);
#1313=AXIS2_PLACEMENT_3D('',#3022,#1496,#1497);
#1314=AXIS2_PLACEMENT_3D('',#3023,#1498,#1499);
#1315=AXIS2_PLACEMENT_3D('',#3068,#1500,#1501);
#1316=AXIS2_PLACEMENT_3D('',#3069,#1502,#1503);
#1317=AXIS2_PLACEMENT_3D('',#3106,#1504,#1505);
#1318=AXIS2_PLACEMENT_3D('',#3199,#1506,#1507);
#1319=AXIS2_PLACEMENT_3D('',#3200,#1508,#1509);
#1320=AXIS2_PLACEMENT_3D('',#3245,#1510,#1511);
#1321=AXIS2_PLACEMENT_3D('',#3246,#1512,#1513);
#1322=AXIS2_PLACEMENT_3D('',#3283,#1514,#1515);
#1323=AXIS2_PLACEMENT_3D('',#3335,#1516,#1517);
#1324=AXIS2_PLACEMENT_3D('',#3336,#1518,#1519);
#1325=AXIS2_PLACEMENT_3D('',#3374,#1520,#1521);
#1326=AXIS2_PLACEMENT_3D('',#3375,#1522,#1523);
#1327=AXIS2_PLACEMENT_3D('',#3376,#1524,#1525);
#1328=AXIS2_PLACEMENT_3D('',#3379,#1526,#1527);
#1329=AXIS2_PLACEMENT_3D('',#3418,#1530,#1531);
#1330=AXIS2_PLACEMENT_3D('',#3419,#1532,#1533);
#1331=AXIS2_PLACEMENT_3D('',#3422,#1534,#1535);
#1332=AXIS2_PLACEMENT_3D('',#3425,#1538,#1539);
#1333=AXIS2_PLACEMENT_3D('',#3428,#1542,#1543);
#1334=AXIS2_PLACEMENT_3D('',#3433,#1546,#1547);
#1335=AXIS2_PLACEMENT_3D('',#3436,#1549,#1550);
#1336=AXIS2_PLACEMENT_3D('',#3440,#1553,#1554);
#1337=AXIS2_PLACEMENT_3D('',#3442,#1555,#1556);
#1338=AXIS2_PLACEMENT_3D('',#3446,#1558,#1559);
#1339=AXIS2_PLACEMENT_3D('',#3450,#1561,#1562);
#1340=AXIS2_PLACEMENT_3D('',#3454,#1564,#1565);
#1341=AXIS2_PLACEMENT_3D('',#3457,#1567,#1568);
#1342=AXIS2_PLACEMENT_3D('',#3474,#1577,#1578);
#1343=AXIS2_PLACEMENT_3D('',#3476,#1579,#1580);
#1344=AXIS2_PLACEMENT_3D('',#3478,#1581,#1582);
#1345=AXIS2_PLACEMENT_3D('',#3480,#1583,#1584);
#1346=AXIS2_PLACEMENT_3D('',#3481,#1585,#1586);
#1347=AXIS2_PLACEMENT_3D('',#3483,#1588,#1589);
#1348=AXIS2_PLACEMENT_3D('',#3485,#1591,#1592);
#1349=AXIS2_PLACEMENT_3D('',#3523,#1594,#1595);
#1350=AXIS2_PLACEMENT_3D('',#3560,#1596,#1597);
#1351=AXIS2_PLACEMENT_3D('',#3561,#1598,#1599);
#1352=AXIS2_PLACEMENT_3D('',#3563,#1601,#1602);
#1353=AXIS2_PLACEMENT_3D('',#3602,#1604,#1605);
#1354=AXIS2_PLACEMENT_3D('',#3603,#1606,#1607);
#1355=AXIS2_PLACEMENT_3D('',#3604,#1608,#1609);
#1356=AXIS2_PLACEMENT_3D('',#3644,#1612,#1613);
#1357=AXIS2_PLACEMENT_3D('',#3645,#1614,#1615);
#1358=AXIS2_PLACEMENT_3D('',#3683,#1616,#1617);
#1359=AXIS2_PLACEMENT_3D('',#3684,#1618,#1619);
#1360=AXIS2_PLACEMENT_3D('',#3685,#1620,#1621);
#1361=AXIS2_PLACEMENT_3D('',#3688,#1624,#1625);
#1362=AXIS2_PLACEMENT_3D('',#3691,#1628,#1629);
#1363=AXIS2_PLACEMENT_3D('',#3694,#1632,#1633);
#1364=AXIS2_PLACEMENT_3D('',#3697,#1636,#1637);
#1365=AXIS2_PLACEMENT_3D('',#3700,#1640,#1641);
#1366=AXIS2_PLACEMENT_3D('',#3703,#1644,#1645);
#1367=AXIS2_PLACEMENT_3D('',#3705,#1647,#1648);
#1368=AXIS2_PLACEMENT_3D('',#3706,#1649,#1650);
#1369=AXIS2_PLACEMENT_3D('',#3707,#1651,#1652);
#1370=AXIS2_PLACEMENT_3D('',#3708,#1653,#1654);
#1371=AXIS2_PLACEMENT_3D('',#3710,#1655,#1656);
#1372=AXIS2_PLACEMENT_3D('',#3711,#1657,#1658);
#1373=AXIS2_PLACEMENT_3D('',#3713,#1659,#1660);
#1374=AXIS2_PLACEMENT_3D('',#3714,#1661,#1662);
#1375=AXIS2_PLACEMENT_3D('',#3716,#1663,#1664);
#1376=AXIS2_PLACEMENT_3D('',#3717,#1665,#1666);
#1377=AXIS2_PLACEMENT_3D('',#3719,#1667,#1668);
#1378=AXIS2_PLACEMENT_3D('',#3720,#1669,#1670);
#1379=AXIS2_PLACEMENT_3D('',#3726,#1674,#1675);
#1380=AXIS2_PLACEMENT_3D('',#3730,#1678,#1679);
#1381=AXIS2_PLACEMENT_3D('',#3732,#1681,#1682);
#1382=AXIS2_PLACEMENT_3D('',#3734,#1684,#1685);
#1383=AXIS2_PLACEMENT_3D('',#3738,#1688,#1689);
#1384=AXIS2_PLACEMENT_3D('',#3742,#1692,#1693);
#1385=AXIS2_PLACEMENT_3D('',#3744,#1695,#1696);
#1386=AXIS2_PLACEMENT_3D('',#3746,#1698,#1699);
#1387=AXIS2_PLACEMENT_3D('',#3748,#1701,#1702);
#1388=AXIS2_PLACEMENT_3D('',#3749,#1703,#1704);
#1389=AXIS2_PLACEMENT_3D('',#3750,#1705,#1706);
#1390=DIRECTION('axis',(0.,0.,1.));
#1391=DIRECTION('refdir',(1.,0.,0.));
#1392=DIRECTION('center_axis',(0.,0.,1.));
#1393=DIRECTION('ref_axis',(-0.460387861774058,-0.887717870007758,0.));
#1394=DIRECTION('center_axis',(1.,1.24344978758017E-13,-2.22044604925031E-15));
#1395=DIRECTION('ref_axis',(1.24344978758017E-13,-1.,0.));
#1396=DIRECTION('center_axis',(-0.576086033462114,0.817389064063062,0.));
#1397=DIRECTION('ref_axis',(0.,0.,-1.));
#1398=DIRECTION('center_axis',(0.,0.,1.));
#1399=DIRECTION('ref_axis',(-0.460387861774058,-0.887717870007758,0.));
#1400=DIRECTION('center_axis',(0.817389064063059,0.576086033462118,0.));
#1401=DIRECTION('ref_axis',(0.407354340807925,-0.577981350066715,-0.707106781186546));
#1402=DIRECTION('center_axis',(-0.576086033462114,0.817389064063062,0.));
#1403=DIRECTION('ref_axis',(0.,0.,-1.));
#1404=DIRECTION('center_axis',(0.,0.,1.));
#1405=DIRECTION('ref_axis',(-0.817389064063059,-0.576086033462118,0.));
#1406=DIRECTION('center_axis',(0.817389064063059,0.576086033462118,0.));
#1407=DIRECTION('ref_axis',(0.407354340807925,-0.577981350066715,-0.707106781186546));
#1408=DIRECTION('center_axis',(-1.2581362711376E-13,1.,0.));
#1409=DIRECTION('ref_axis',(-0.707106781186547,-8.88501437142429E-14,-0.707106781186548));
#1410=DIRECTION('center_axis',(0.,0.,1.));
#1411=DIRECTION('ref_axis',(-0.817389064063059,-0.576086033462118,0.));
#1412=DIRECTION('center_axis',(-1.,-1.25690782841563E-13,0.));
#1413=DIRECTION('ref_axis',(8.7938457396052E-14,-0.707106781186547,-0.707106781186548));
#1414=DIRECTION('center_axis',(0.,0.,1.));
#1415=DIRECTION('ref_axis',(1.24344978758017E-13,-1.,0.));
#1416=DIRECTION('center_axis',(-1.24344978758017E-13,1.,0.));
#1417=DIRECTION('ref_axis',(1.,1.24344978758017E-13,0.));
#1418=DIRECTION('center_axis',(-1.,-1.25690782841563E-13,0.));
#1419=DIRECTION('ref_axis',(8.7938457396052E-14,-0.707106781186547,-0.707106781186548));
#1420=DIRECTION('center_axis',(0.,0.,1.));
#1421=DIRECTION('ref_axis',(0.707106781186636,-0.70710678118646,0.));
#1422=DIRECTION('center_axis',(-1.24344978758017E-13,1.,0.));
#1423=DIRECTION('ref_axis',(1.,1.24344978758017E-13,0.));
#1424=DIRECTION('center_axis',(-1.,-1.28785870856518E-13,0.));
#1425=DIRECTION('ref_axis',(0.,0.,-1.));
#1426=DIRECTION('center_axis',(0.,0.,1.));
#1427=DIRECTION('ref_axis',(0.707106781186636,-0.70710678118646,0.));
#1428=DIRECTION('center_axis',(-1.2581362711376E-13,1.,0.));
#1429=DIRECTION('ref_axis',(0.707106781186547,8.7938457396052E-14,-0.707106781186548));
#1430=DIRECTION('center_axis',(-1.,-1.28785870856518E-13,0.));
#1431=DIRECTION('ref_axis',(0.,0.,-1.));
#1432=DIRECTION('center_axis',(0.,0.,1.));
#1433=DIRECTION('ref_axis',(-0.953254704699394,-0.302167946626492,0.));
#1434=DIRECTION('center_axis',(0.576086033462118,-0.817389064063059,0.));
#1435=DIRECTION('ref_axis',(-0.817389064063059,-0.576086033462118,0.));
#1436=DIRECTION('center_axis',(1.11022302462515E-15,1.,0.));
#1437=DIRECTION('ref_axis',(0.,0.,-1.));
#1438=DIRECTION('center_axis',(0.,0.,1.));
#1439=DIRECTION('ref_axis',(-0.953254704699394,-0.302167946626492,0.));
#1440=DIRECTION('center_axis',(1.,-1.50149038823002E-15,0.));
#1441=DIRECTION('ref_axis',(0.,-0.707106781186547,-0.707106781186548));
#1442=DIRECTION('center_axis',(1.11022302462515E-15,1.,0.));
#1443=DIRECTION('ref_axis',(0.,0.,-1.));
#1444=DIRECTION('center_axis',(0.,0.,1.));
#1445=DIRECTION('ref_axis',(-1.,1.38777878078144E-15,0.));
#1446=DIRECTION('center_axis',(1.,-1.50149038823002E-15,0.));
#1447=DIRECTION('ref_axis',(0.,-0.707106781186547,-0.707106781186548));
#1448=DIRECTION('center_axis',(0.817389064063059,0.576086033462118,0.));
#1449=DIRECTION('ref_axis',(-0.407354340807923,0.577981350066713,-0.707106781186549));
#1450=DIRECTION('center_axis',(0.,0.,1.));
#1451=DIRECTION('ref_axis',(-1.,1.38777878078144E-15,0.));
#1452=DIRECTION('center_axis',(0.,0.,1.));
#1453=DIRECTION('ref_axis',(0.707106781186503,0.707106781186592,0.));
#1454=DIRECTION('center_axis',(-1.,0.,0.));
#1455=DIRECTION('ref_axis',(0.,1.,0.));
#1456=DIRECTION('center_axis',(1.26565424807268E-13,-1.,0.));
#1457=DIRECTION('ref_axis',(0.,0.,-1.));
#1458=DIRECTION('center_axis',(0.,0.,1.));
#1459=DIRECTION('ref_axis',(0.707106781186503,0.707106781186592,0.));
#1460=DIRECTION('center_axis',(-1.,-1.25690782841563E-13,0.));
#1461=DIRECTION('ref_axis',(-9.42197757814861E-14,0.707106781186548,-0.707106781186547));
#1462=DIRECTION('center_axis',(1.26565424807268E-13,-1.,0.));
#1463=DIRECTION('ref_axis',(0.,0.,-1.));
#1464=DIRECTION('center_axis',(0.,0.,1.));
#1465=DIRECTION('ref_axis',(1.,1.26565424807268E-13,0.));
#1466=DIRECTION('center_axis',(-1.,-1.25690782841563E-13,0.));
#1467=DIRECTION('ref_axis',(-9.42197757814861E-14,0.707106781186548,-0.707106781186547));
#1468=DIRECTION('center_axis',(-4.76490568508653E-17,-1.,0.));
#1469=DIRECTION('ref_axis',(0.707106781186545,0.,-0.70710678118655));
#1470=DIRECTION('center_axis',(0.,0.,1.));
#1471=DIRECTION('ref_axis',(1.,1.26565424807268E-13,0.));
#1472=DIRECTION('center_axis',(1.,-1.50149038823002E-15,0.));
#1473=DIRECTION('ref_axis',(-6.28131838543228E-15,0.707106781186547,-0.707106781186548));
#1474=DIRECTION('center_axis',(0.,0.,1.));
#1475=DIRECTION('ref_axis',(0.,1.,0.));
#1476=DIRECTION('center_axis',(0.,-1.,0.));
#1477=DIRECTION('ref_axis',(-1.,0.,0.));
#1478=DIRECTION('center_axis',(1.,-1.50149038823002E-15,0.));
#1479=DIRECTION('ref_axis',(-6.28131838543228E-15,0.707106781186547,-0.707106781186548));
#1480=DIRECTION('center_axis',(0.,0.,1.));
#1481=DIRECTION('ref_axis',(-0.707106781186546,0.707106781186549,0.));
#1482=DIRECTION('center_axis',(0.,-1.,0.));
#1483=DIRECTION('ref_axis',(-1.,0.,0.));
#1484=DIRECTION('center_axis',(1.,0.,0.));
#1485=DIRECTION('ref_axis',(0.,0.,-1.));
#1486=DIRECTION('center_axis',(0.,0.,1.));
#1487=DIRECTION('ref_axis',(-0.707106781186546,0.707106781186549,0.));
#1488=DIRECTION('center_axis',(-4.76490568508653E-17,-1.,0.));
#1489=DIRECTION('ref_axis',(-0.707106781186547,0.,-0.707106781186548));
#1490=DIRECTION('center_axis',(1.,0.,0.));
#1491=DIRECTION('ref_axis',(0.,0.,-1.));
#1492=DIRECTION('center_axis',(0.,0.,1.));
#1493=DIRECTION('ref_axis',(1.,0.,0.));
#1494=DIRECTION('center_axis',(-1.,0.,0.));
#1495=DIRECTION('ref_axis',(0.,0.707106781186549,-0.707106781186546));
#1496=DIRECTION('center_axis',(4.76490568508653E-17,1.,0.));
#1497=DIRECTION('ref_axis',(-0.707106781186547,-1.04678099774461E-15,-0.707106781186548));
#1498=DIRECTION('center_axis',(0.,0.,1.));
#1499=DIRECTION('ref_axis',(1.,0.,0.));
#1500=DIRECTION('center_axis',(1.,0.,0.));
#1501=DIRECTION('ref_axis',(0.,1.,0.));
#1502=DIRECTION('center_axis',(4.76490568508653E-17,1.,0.));
#1503=DIRECTION('ref_axis',(-0.707106781186547,-1.04678099774461E-15,-0.707106781186548));
#1504=DIRECTION('center_axis',(1.,0.,0.));
#1505=DIRECTION('ref_axis',(0.,1.,0.));
#1506=DIRECTION('center_axis',(4.76490568508653E-17,1.,0.));
#1507=DIRECTION('ref_axis',(0.707106781186548,0.,-0.707106781186547));
#1508=DIRECTION('center_axis',(-1.,0.,0.));
#1509=DIRECTION('ref_axis',(0.,0.,1.));
#1510=DIRECTION('center_axis',(0.,0.,1.));
#1511=DIRECTION('ref_axis',(0.,1.,0.));
#1512=DIRECTION('center_axis',(4.76490568508653E-17,1.,0.));
#1513=DIRECTION('ref_axis',(0.707106781186548,0.,-0.707106781186547));
#1514=DIRECTION('center_axis',(0.,0.,1.));
#1515=DIRECTION('ref_axis',(0.,1.,0.));
#1516=DIRECTION('center_axis',(0.,0.,-1.));
#1517=DIRECTION('ref_axis',(0.707106781186549,0.707106781186546,0.));
#1518=DIRECTION('center_axis',(0.,-1.,0.));
#1519=DIRECTION('ref_axis',(0.707106781186548,0.,-0.707106781186547));
#1520=DIRECTION('center_axis',(-1.,0.,0.));
#1521=DIRECTION('ref_axis',(0.,0.,1.));
#1522=DIRECTION('center_axis',(0.,0.,-1.));
#1523=DIRECTION('ref_axis',(0.707106781186549,0.707106781186546,0.));
#1524=DIRECTION('center_axis',(0.,0.,1.));
#1525=DIRECTION('ref_axis',(-0.707106781186548,0.707106781186548,0.));
#1526=DIRECTION('center_axis',(0.,0.,-1.));
#1527=DIRECTION('ref_axis',(-0.707106781186548,0.707106781186548,0.));
#1528=DIRECTION('',(0.,0.,-1.));
#1529=DIRECTION('',(0.,0.,1.));
#1530=DIRECTION('center_axis',(-1.,0.,0.));
#1531=DIRECTION('ref_axis',(0.,0.707106781186549,-0.707106781186546));
#1532=DIRECTION('center_axis',(0.,0.,-1.));
#1533=DIRECTION('ref_axis',(0.707106781186544,0.707106781186551,0.));
#1534=DIRECTION('center_axis',(0.,0.,-1.));
#1535=DIRECTION('ref_axis',(0.707106781186544,0.707106781186551,0.));
#1536=DIRECTION('',(0.,0.,-1.));
#1537=DIRECTION('',(0.,0.,1.));
#1538=DIRECTION('center_axis',(1.,-4.76490568508653E-17,0.));
#1539=DIRECTION('ref_axis',(0.,0.707106781186548,0.707106781186547));
#1540=DIRECTION('',(-1.,4.76490568508653E-17,0.));
#1541=DIRECTION('',(1.,-4.76490568508653E-17,0.));
#1542=DIRECTION('center_axis',(4.76490568508653E-17,1.,0.));
#1543=DIRECTION('ref_axis',(-1.,4.76490568508653E-17,0.));
#1544=DIRECTION('',(-1.,4.76490568508653E-17,0.));
#1545=DIRECTION('',(0.,0.,1.));
#1546=DIRECTION('center_axis',(-4.76490568508653E-17,-1.,0.));
#1547=DIRECTION('ref_axis',(0.707106781186545,0.,-0.70710678118655));
#1548=DIRECTION('',(1.,-4.76490568508653E-17,0.));
#1549=DIRECTION('center_axis',(-4.76490568508653E-17,-1.,0.));
#1550=DIRECTION('ref_axis',(-0.707106781186547,0.,-0.707106781186548));
#1551=DIRECTION('',(0.,0.,-1.));
#1552=DIRECTION('',(-1.,4.76490568508653E-17,0.));
#1553=DIRECTION('center_axis',(0.,0.,1.));
#1554=DIRECTION('ref_axis',(1.,0.,0.));
#1555=DIRECTION('center_axis',(0.,0.,-1.));
#1556=DIRECTION('ref_axis',(-0.707106781186544,0.707106781186551,0.));
#1557=DIRECTION('',(-1.50149038823002E-15,-1.,0.));
#1558=DIRECTION('center_axis',(0.,0.,-1.));
#1559=DIRECTION('ref_axis',(-0.953254704699395,-0.302167946626491,0.));
#1560=DIRECTION('',(0.576086033462118,-0.817389064063059,0.));
#1561=DIRECTION('center_axis',(0.,0.,-1.));
#1562=DIRECTION('ref_axis',(-0.460387861774058,-0.887717870007758,0.));
#1563=DIRECTION('',(1.,1.2581362711376E-13,0.));
#1564=DIRECTION('center_axis',(0.,0.,-1.));
#1565=DIRECTION('ref_axis',(0.707106781186634,-0.707106781186461,0.));
#1566=DIRECTION('',(-1.25690782841563E-13,1.,0.));
#1567=DIRECTION('center_axis',(0.,0.,-1.));
#1568=DIRECTION('ref_axis',(0.707106781186504,0.707106781186591,0.));
#1569=DIRECTION('',(0.,-1.,0.));
#1570=DIRECTION('',(1.,0.,0.));
#1571=DIRECTION('',(1.25886171163348E-13,-1.,0.));
#1572=DIRECTION('',(-1.,-1.26169916133213E-13,0.));
#1573=DIRECTION('',(-0.576086033463122,0.817389064062352,0.));
#1574=DIRECTION('',(0.,1.,0.));
#1575=DIRECTION('',(1.,0.,0.));
#1576=DIRECTION('',(0.,1.,0.));
#1577=DIRECTION('center_axis',(0.,0.,-1.));
#1578=DIRECTION('ref_axis',(1.,0.,0.));
#1579=DIRECTION('center_axis',(0.,0.,-1.));
#1580=DIRECTION('ref_axis',(1.,0.,0.));
#1581=DIRECTION('center_axis',(0.,0.,-1.));
#1582=DIRECTION('ref_axis',(1.,0.,0.));
#1583=DIRECTION('center_axis',(0.,0.,-1.));
#1584=DIRECTION('ref_axis',(1.,0.,0.));
#1585=DIRECTION('center_axis',(1.,0.,0.));
#1586=DIRECTION('ref_axis',(0.,-1.,0.));
#1587=DIRECTION('',(0.,0.,-1.));
#1588=DIRECTION('center_axis',(-1.,0.,0.));
#1589=DIRECTION('ref_axis',(0.,1.,0.));
#1590=DIRECTION('',(0.,0.,1.));
#1591=DIRECTION('center_axis',(0.,0.,-1.));
#1592=DIRECTION('ref_axis',(-1.,0.,0.));
#1593=DIRECTION('',(-1.,0.,0.));
#1594=DIRECTION('center_axis',(0.,0.,1.));
#1595=DIRECTION('ref_axis',(0.,1.,0.));
#1596=DIRECTION('center_axis',(-1.,0.,0.));
#1597=DIRECTION('ref_axis',(0.,1.,0.));
#1598=DIRECTION('center_axis',(1.,-4.76490568508653E-17,0.));
#1599=DIRECTION('ref_axis',(0.,0.707106781186548,-0.707106781186547));
#1600=DIRECTION('',(-1.,4.76490568508653E-17,0.));
#1601=DIRECTION('center_axis',(0.,0.,1.));
#1602=DIRECTION('ref_axis',(0.707106781186504,0.707106781186591,0.));
#1603=DIRECTION('',(0.,0.,-1.));
#1604=DIRECTION('center_axis',(0.576086033462118,-0.817389064063059,0.));
#1605=DIRECTION('ref_axis',(-0.817389064063059,-0.576086033462118,0.));
#1606=DIRECTION('center_axis',(0.817389064063059,0.576086033462118,0.));
#1607=DIRECTION('ref_axis',(-0.407354340807923,0.577981350066713,-0.707106781186549));
#1608=DIRECTION('center_axis',(1.50149038823002E-15,1.,0.));
#1609=DIRECTION('ref_axis',(-0.707106781186549,0.,-0.707106781186546));
#1610=DIRECTION('',(-1.50149038823002E-15,-1.,0.));
#1611=DIRECTION('',(1.50149038823002E-15,1.,0.));
#1612=DIRECTION('center_axis',(0.,0.,1.));
#1613=DIRECTION('ref_axis',(1.24344978758017E-13,-1.,0.));
#1614=DIRECTION('center_axis',(-1.2581362711376E-13,1.,0.));
#1615=DIRECTION('ref_axis',(0.707106781186547,8.7938457396052E-14,-0.707106781186548));
#1616=DIRECTION('center_axis',(1.,1.24344978758017E-13,-2.22044604925031E-15));
#1617=DIRECTION('ref_axis',(1.24344978758017E-13,-1.,0.));
#1618=DIRECTION('center_axis',(-1.2581362711376E-13,1.,0.));
#1619=DIRECTION('ref_axis',(-0.707106781186547,-8.88501437142429E-14,-0.707106781186548));
#1620=DIRECTION('center_axis',(-0.576086033462118,0.817389064063059,0.));
#1621=DIRECTION('ref_axis',(-0.577981350066715,-0.407354340807925,-0.707106781186547));
#1622=DIRECTION('',(0.576086033462118,-0.817389064063059,0.));
#1623=DIRECTION('',(-0.576086033462118,0.817389064063059,0.));
#1624=DIRECTION('center_axis',(-1.,-1.2581362711376E-13,0.));
#1625=DIRECTION('ref_axis',(8.79251776862914E-14,-0.707106781186548,-0.707106781186547));
#1626=DIRECTION('',(1.,1.2581362711376E-13,0.));
#1627=DIRECTION('',(-1.,-1.2581362711376E-13,0.));
#1628=DIRECTION('center_axis',(0.,0.,1.));
#1629=DIRECTION('ref_axis',(-0.460387861774058,-0.887717870007758,0.));
#1630=DIRECTION('',(0.,0.,-1.));
#1631=DIRECTION('',(0.,0.,1.));
#1632=DIRECTION('center_axis',(1.25690782841563E-13,-1.,0.));
#1633=DIRECTION('ref_axis',(0.707106781186549,8.79251776862912E-14,-0.707106781186546));
#1634=DIRECTION('',(-1.25690782841563E-13,1.,0.));
#1635=DIRECTION('',(1.25690782841563E-13,-1.,0.));
#1636=DIRECTION('center_axis',(0.,0.,1.));
#1637=DIRECTION('ref_axis',(0.707106781186634,-0.707106781186461,0.));
#1638=DIRECTION('',(0.,0.,-1.));
#1639=DIRECTION('',(0.,0.,1.));
#1640=DIRECTION('center_axis',(0.,0.,1.));
#1641=DIRECTION('ref_axis',(-0.953254704699395,-0.302167946626491,0.));
#1642=DIRECTION('',(0.,0.,-1.));
#1643=DIRECTION('',(0.,0.,1.));
#1644=DIRECTION('center_axis',(0.,0.,1.));
#1645=DIRECTION('ref_axis',(-0.707106781186544,0.707106781186551,0.));
#1646=DIRECTION('',(0.,0.,1.));
#1647=DIRECTION('center_axis',(-1.,1.50149038823002E-15,0.));
#1648=DIRECTION('ref_axis',(-1.50149038823002E-15,-1.,0.));
#1649=DIRECTION('center_axis',(-0.817389064063059,-0.576086033462118,0.));
#1650=DIRECTION('ref_axis',(0.576086033462118,-0.817389064063059,0.));
#1651=DIRECTION('center_axis',(0.,0.,1.));
#1652=DIRECTION('ref_axis',(1.,0.,0.));
#1653=DIRECTION('center_axis',(0.,0.,1.));
#1654=DIRECTION('ref_axis',(1.,0.,0.));
#1655=DIRECTION('center_axis',(0.,0.,-1.));
#1656=DIRECTION('ref_axis',(1.,0.,0.));
#1657=DIRECTION('center_axis',(0.,0.,1.));
#1658=DIRECTION('ref_axis',(1.,0.,0.));
#1659=DIRECTION('center_axis',(0.,0.,-1.));
#1660=DIRECTION('ref_axis',(1.,0.,0.));
#1661=DIRECTION('center_axis',(0.,0.,1.));
#1662=DIRECTION('ref_axis',(1.,0.,0.));
#1663=DIRECTION('center_axis',(0.,0.,-1.));
#1664=DIRECTION('ref_axis',(1.,0.,0.));
#1665=DIRECTION('center_axis',(0.,0.,1.));
#1666=DIRECTION('ref_axis',(1.,0.,0.));
#1667=DIRECTION('center_axis',(0.,0.,-1.));
#1668=DIRECTION('ref_axis',(1.,0.,0.));
#1669=DIRECTION('center_axis',(-1.26169916133213E-13,1.,0.));
#1670=DIRECTION('ref_axis',(-1.,-1.26169916133213E-13,0.));
#1671=DIRECTION('',(1.,1.26169916133213E-13,0.));
#1672=DIRECTION('',(0.,0.,1.));
#1673=DIRECTION('',(0.,0.,1.));
#1674=DIRECTION('center_axis',(0.817389064062351,0.576086033463122,0.));
#1675=DIRECTION('ref_axis',(-0.576086033463122,0.817389064062351,0.));
#1676=DIRECTION('',(0.576086033463122,-0.817389064062352,0.));
#1677=DIRECTION('',(0.,0.,1.));
#1678=DIRECTION('center_axis',(0.,0.,1.));
#1679=DIRECTION('ref_axis',(1.,0.,0.));
#1680=DIRECTION('',(0.,0.,-1.));
#1681=DIRECTION('center_axis',(0.,0.,1.));
#1682=DIRECTION('ref_axis',(1.,0.,0.));
#1683=DIRECTION('',(0.,0.,-1.));
#1684=DIRECTION('center_axis',(-1.,-1.25886171163348E-13,0.));
#1685=DIRECTION('ref_axis',(1.25886171163348E-13,-1.,0.));
#1686=DIRECTION('',(-1.25886171163348E-13,1.,0.));
#1687=DIRECTION('',(0.,0.,1.));
#1688=DIRECTION('center_axis',(0.,-1.,0.));
#1689=DIRECTION('ref_axis',(1.,0.,0.));
#1690=DIRECTION('',(0.,0.,1.));
#1691=DIRECTION('',(-1.,0.,0.));
#1692=DIRECTION('center_axis',(1.,0.,0.));
#1693=DIRECTION('ref_axis',(0.,1.,0.));
#1694=DIRECTION('',(0.,-1.,0.));
#1695=DIRECTION('center_axis',(0.,0.,1.));
#1696=DIRECTION('ref_axis',(1.,0.,0.));
#1697=DIRECTION('',(0.,0.,-1.));
#1698=DIRECTION('center_axis',(0.,0.,1.));
#1699=DIRECTION('ref_axis',(1.,0.,0.));
#1700=DIRECTION('',(0.,0.,-1.));
#1701=DIRECTION('center_axis',(1.,1.25690782841563E-13,0.));
#1702=DIRECTION('ref_axis',(-1.25690782841563E-13,1.,0.));
#1703=DIRECTION('center_axis',(1.2581362711376E-13,-1.,0.));
#1704=DIRECTION('ref_axis',(1.,1.2581362711376E-13,0.));
#1705=DIRECTION('center_axis',(0.,0.,1.));
#1706=DIRECTION('ref_axis',(1.,0.,0.));
#1707=CARTESIAN_POINT('',(0.,0.,0.));
#1708=CARTESIAN_POINT('Ctrl Pts',(-23.8960461834044,-30.7489926428634,1.07546673998362));
#1709=CARTESIAN_POINT('Ctrl Pts',(-23.7322177491865,-30.7704779884892,0.984738184261684));
#1710=CARTESIAN_POINT('Ctrl Pts',(-23.3883384126763,-30.7969974431001,0.834779546212104));
#1711=CARTESIAN_POINT('Ctrl Pts',(-22.5413751710605,-30.8237406632862,0.629342698190128));
#1712=CARTESIAN_POINT('Ctrl Pts',(-21.8057882776052,-30.8471247257589,0.585786437626906));
#1713=CARTESIAN_POINT('Ctrl Pts',(-21.4463762940098,-30.8471247257589,0.585786437626906));
#1714=CARTESIAN_POINT('Ctrl Pts',(-23.8441589085756,-30.648943825516,0.894009628539743));
#1715=CARTESIAN_POINT('Ctrl Pts',(-23.6788523087779,-30.6700340962832,0.82132055160306));
#1716=CARTESIAN_POINT('Ctrl Pts',(-23.3313068468893,-30.6965004058853,0.696319508731024));
#1717=CARTESIAN_POINT('Ctrl Pts',(-22.4836253438261,-30.7158533855691,0.508518168176552));
#1718=CARTESIAN_POINT('Ctrl Pts',(-21.7899204584958,-30.7305676116406,0.469229323508554));
#1719=CARTESIAN_POINT('Ctrl Pts',(-21.4463762940098,-30.72371131081,0.462373022678063));
#1720=CARTESIAN_POINT('Ctrl Pts',(-23.7255569446232,-30.4202560351542,0.582008633576013));
#1721=CARTESIAN_POINT('Ctrl Pts',(-23.5562230686698,-30.4415425612967,0.533385120175587));
#1722=CARTESIAN_POINT('Ctrl Pts',(-23.1957130664928,-30.4651551557007,0.439958931965999));
#1723=CARTESIAN_POINT('Ctrl Pts',(-22.3462958127573,-30.4623523867133,0.283784561112144));
#1724=CARTESIAN_POINT('Ctrl Pts',(-21.754561303373,-30.4638544113904,0.260275181405255));
#1725=CARTESIAN_POINT('Ctrl Pts',(-21.4463762940098,-30.4444018365051,0.248051963330006));
#1726=CARTESIAN_POINT('Ctrl Pts',(-23.4118891753475,-29.8154432085115,0.138723245381074));
#1727=CARTESIAN_POINT('Ctrl Pts',(-23.2305506647602,-29.8483992414299,0.11972992733108));
#1728=CARTESIAN_POINT('Ctrl Pts',(-22.8372994687306,-29.8926079558243,0.0770136207478783));
#1729=CARTESIAN_POINT('Ctrl Pts',(-22.1476094805656,-29.9662367640535,0.0493163919677141));
#1730=CARTESIAN_POINT('Ctrl Pts',(-21.6928316041653,-29.978891754334,0.0510656761386585));
#1731=CARTESIAN_POINT('Ctrl Pts',(-21.4463762940099,-29.956493586332,0.0459537489146217));
#1732=CARTESIAN_POINT('Ctrl Pts',(-23.1393336904722,-29.2899029095992,0.));
#1733=CARTESIAN_POINT('Ctrl Pts',(-22.9716125101304,-29.3599966292605,0.));
#1734=CARTESIAN_POINT('Ctrl Pts',(-22.6225430592068,-29.4826908828253,8.38296538423055E-18));
#1735=CARTESIAN_POINT('Ctrl Pts',(-22.0493765577599,-29.6017038523449,-2.93403788448069E-17));
#1736=CARTESIAN_POINT('Ctrl Pts',(-21.6490290647495,-29.6171403622074,6.28722403817292E-17));
#1737=CARTESIAN_POINT('Ctrl Pts',(-21.4463762940099,-29.6074440885852,6.93889390390723E-17));
#1738=CARTESIAN_POINT('Ctrl Pts',(-23.0150840921883,-29.0503253753154,0.));
#1739=CARTESIAN_POINT('Ctrl Pts',(-22.8542896896986,-29.1337164995099,0.));
#1740=CARTESIAN_POINT('Ctrl Pts',(-22.5193757749529,-29.2748002453072,-7.30426764093529E-33));
#1741=CARTESIAN_POINT('Ctrl Pts',(-21.9897709309488,-29.4039634246096,2.55649367432735E-32));
#1742=CARTESIAN_POINT('Ctrl Pts',(-21.6275086198561,-29.4329111633858,-5.47820073070147E-32));
#1743=CARTESIAN_POINT('Ctrl Pts',(-21.44637629401,-29.4329111633858,0.));
#1744=CARTESIAN_POINT('',(-23.8960461834044,-30.7489926428634,1.07546673998362));
#1745=CARTESIAN_POINT('',(-21.4463762940098,-30.8471247257589,0.585786437626904));
#1746=CARTESIAN_POINT('Ctrl Pts',(-23.8960461834044,-30.7489926428634,1.07546673998362));
#1747=CARTESIAN_POINT('Ctrl Pts',(-23.7322177491865,-30.7704779884892,0.984738184261684));
#1748=CARTESIAN_POINT('Ctrl Pts',(-23.3883384126763,-30.7969974431001,0.834779546212104));
#1749=CARTESIAN_POINT('Ctrl Pts',(-22.5413751710605,-30.8237406632862,0.629342698190128));
#1750=CARTESIAN_POINT('Ctrl Pts',(-21.8057882776052,-30.8471247257589,0.585786437626906));
#1751=CARTESIAN_POINT('Ctrl Pts',(-21.4463762940098,-30.8471247257589,0.585786437626906));
#1752=CARTESIAN_POINT('',(-23.0150840921883,-29.0503253753154,0.));
#1753=CARTESIAN_POINT('Ctrl Pts',(-23.8960461834044,-30.7489926428634,1.07546673998362));
#1754=CARTESIAN_POINT('Ctrl Pts',(-23.8441589085756,-30.648943825516,0.894009628539743));
#1755=CARTESIAN_POINT('Ctrl Pts',(-23.7255569446232,-30.4202560351542,0.582008633576013));
#1756=CARTESIAN_POINT('Ctrl Pts',(-23.4118891753475,-29.8154432085115,0.138723245381074));
#1757=CARTESIAN_POINT('Ctrl Pts',(-23.1393336904722,-29.2899029095992,0.));
#1758=CARTESIAN_POINT('Ctrl Pts',(-23.0150840921883,-29.0503253753154,0.));
#1759=CARTESIAN_POINT('',(-21.44637629401,-29.4329111633858,0.));
#1760=CARTESIAN_POINT('Origin',(-21.4463762940104,-26.0255498308498,0.));
#1761=CARTESIAN_POINT('Origin',(-21.44637629401,-29.4329111633858,2.));
#1762=CARTESIAN_POINT('Ctrl Pts',(-23.8960461834044,-30.7489926428634,1.07546673998362));
#1763=CARTESIAN_POINT('Ctrl Pts',(-23.8441589085756,-30.648943825516,0.894009628539743));
#1764=CARTESIAN_POINT('Ctrl Pts',(-23.7255569446232,-30.4202560351542,0.582008633576013));
#1765=CARTESIAN_POINT('Ctrl Pts',(-23.4118891753475,-29.8154432085115,0.138723245381074));
#1766=CARTESIAN_POINT('Ctrl Pts',(-23.1393336904722,-29.2899029095992,0.));
#1767=CARTESIAN_POINT('Ctrl Pts',(-23.0150840921883,-29.0503253753154,0.));
#1768=CARTESIAN_POINT('Ctrl Pts',(-24.0079873427935,-30.6274584798902,0.984738184261683));
#1769=CARTESIAN_POINT('Ctrl Pts',(-23.9566286886413,-30.5259738290549,0.821320551603059));
#1770=CARTESIAN_POINT('Ctrl Pts',(-23.8405071992327,-30.2941072471861,0.533385120175586));
#1771=CARTESIAN_POINT('Ctrl Pts',(-23.5432936595281,-29.6862046033466,0.11972992733108));
#1772=CARTESIAN_POINT('Ctrl Pts',(-23.2932493598937,-29.1931894639063,0.));
#1773=CARTESIAN_POINT('Ctrl Pts',(-23.175878494678,-28.966934251121,0.));
#1774=CARTESIAN_POINT('Ctrl Pts',(-24.2277681379371,-30.3616527582859,0.834779546212102));
#1775=CARTESIAN_POINT('Ctrl Pts',(-24.1784780472634,-30.2571408405615,0.696319508731022));
#1776=CARTESIAN_POINT('Ctrl Pts',(-24.0674926528504,-30.0130331997713,0.439958931965999));
#1777=CARTESIAN_POINT('Ctrl Pts',(-23.8059759008853,-29.3902333992023,0.0770136207478776));
#1778=CARTESIAN_POINT('Ctrl Pts',(-23.5946323363663,-28.9785463579876,0.));
#1779=CARTESIAN_POINT('Ctrl Pts',(-23.4841380343068,-28.7744556553077,0.));
#1780=CARTESIAN_POINT('Ctrl Pts',(-24.7375514480058,-29.6847606625649,0.629342698190126));
#1781=CARTESIAN_POINT('Ctrl Pts',(-24.682634435953,-29.5754042314509,0.50851816817655));
#1782=CARTESIAN_POINT('Ctrl Pts',(-24.5545391165898,-29.3171141896728,0.283784561112141));
#1783=CARTESIAN_POINT('Ctrl Pts',(-24.2634800531324,-28.8689048733637,0.0493163919677143));
#1784=CARTESIAN_POINT('Ctrl Pts',(-24.0221054524653,-28.5786080373588,0.));
#1785=CARTESIAN_POINT('Ctrl Pts',(-23.894812558433,-28.4159715511776,0.));
#1786=CARTESIAN_POINT('Ctrl Pts',(-25.1804266606619,-29.0969712119826,0.585786437626902));
#1787=CARTESIAN_POINT('Ctrl Pts',(-25.0942953792132,-29.0168541046278,0.46922932350855));
#1788=CARTESIAN_POINT('Ctrl Pts',(-24.8966568415088,-28.8343021683118,0.260275181405253));
#1789=CARTESIAN_POINT('Ctrl Pts',(-24.5358152867152,-28.5044647737706,0.0510656761386579));
#1790=CARTESIAN_POINT('Ctrl Pts',(-24.2653576860691,-28.2602611324843,-6.93889390390723E-17));
#1791=CARTESIAN_POINT('Ctrl Pts',(-24.1271683814082,-28.1365386877776,0.));
#1792=CARTESIAN_POINT('Ctrl Pts',(-25.3874788846701,-28.8031917870985,0.585786437626902));
#1793=CARTESIAN_POINT('Ctrl Pts',(-25.2866021089322,-28.7320950424046,0.462373022678059));
#1794=CARTESIAN_POINT('Ctrl Pts',(-25.0582975991461,-28.5711887552438,0.248051963330005));
#1795=CARTESIAN_POINT('Ctrl Pts',(-24.6594867311886,-28.2901116267082,0.045953748914621));
#1796=CARTESIAN_POINT('Ctrl Pts',(-24.3741774889136,-28.0890290860693,-6.93889390390723E-17));
#1797=CARTESIAN_POINT('Ctrl Pts',(-24.2315161845367,-27.9884831054826,0.));
#1798=CARTESIAN_POINT('',(-25.3874788846701,-28.8031917870985,0.585786437626902));
#1799=CARTESIAN_POINT('Ctrl Pts',(-23.8960461834044,-30.7489926428634,1.07546673998362));
#1800=CARTESIAN_POINT('Ctrl Pts',(-24.0079873427935,-30.6274584798902,0.984738184261683));
#1801=CARTESIAN_POINT('Ctrl Pts',(-24.2277681379371,-30.3616527582859,0.834779546212102));
#1802=CARTESIAN_POINT('Ctrl Pts',(-24.7375514480058,-29.6847606625649,0.629342698190127));
#1803=CARTESIAN_POINT('Ctrl Pts',(-25.1804266606619,-29.0969712119826,0.585786437626903));
#1804=CARTESIAN_POINT('Ctrl Pts',(-25.3874788846701,-28.8031917870985,0.585786437626903));
#1805=CARTESIAN_POINT('',(-24.2315161845367,-27.9884831054826,0.));
#1806=CARTESIAN_POINT('Origin',(-24.2315161845367,-27.9884831054826,2.));
#1807=CARTESIAN_POINT('Origin',(-21.4463762940104,-26.0255498308498,0.));
#1808=CARTESIAN_POINT('Ctrl Pts',(-23.8960461834044,-30.7489926428634,1.07546673998362));
#1809=CARTESIAN_POINT('Ctrl Pts',(-24.0079873427935,-30.6274584798902,0.984738184261683));
#1810=CARTESIAN_POINT('Ctrl Pts',(-24.2277681379371,-30.3616527582859,0.834779546212102));
#1811=CARTESIAN_POINT('Ctrl Pts',(-24.7375514480058,-29.6847606625649,0.629342698190127));
#1812=CARTESIAN_POINT('Ctrl Pts',(-25.1804266606619,-29.0969712119826,0.585786437626903));
#1813=CARTESIAN_POINT('Ctrl Pts',(-25.3874788846701,-28.8031917870985,0.585786437626903));
#1814=CARTESIAN_POINT('Ctrl Pts',(-24.0598746176223,-30.7275072972376,1.16619529570557));
#1815=CARTESIAN_POINT('Ctrl Pts',(-24.160573970309,-30.6092877403545,1.0772871240313));
#1816=CARTESIAN_POINT('Ctrl Pts',(-24.3661810307726,-30.3482964360553,0.927825065488088));
#1817=CARTESIAN_POINT('Ctrl Pts',(-24.8737218094006,-29.6874064219624,0.735092158443909));
#1818=CARTESIAN_POINT('Ctrl Pts',(-25.2895637447781,-29.1444461610169,0.702343551745254));
#1819=CARTESIAN_POINT('Ctrl Pts',(-25.488355660408,-28.8742885317924,0.709199852575745));
#1820=CARTESIAN_POINT('Ctrl Pts',(-24.3518639814227,-30.6728885663246,1.36674765935383));
#1821=CARTESIAN_POINT('Ctrl Pts',(-24.4407035043393,-30.5581797562075,1.28003870097709));
#1822=CARTESIAN_POINT('Ctrl Pts',(-24.6364169757657,-30.3007569283916,1.13574164961866));
#1823=CARTESIAN_POINT('Ctrl Pts',(-25.1455989426082,-29.6695505334328,0.983364971925339));
#1824=CARTESIAN_POINT('Ctrl Pts',(-25.4887255079508,-29.2245756767925,0.969056751995399));
#1825=CARTESIAN_POINT('Ctrl Pts',(-25.6635393505175,-28.9977559007596,0.988509326880745));
#1826=CARTESIAN_POINT('Ctrl Pts',(-24.8247731082343,-30.4753932710668,1.8990311393992));
#1827=CARTESIAN_POINT('Ctrl Pts',(-24.9081268894123,-30.3626195048033,1.80651119196505));
#1828=CARTESIAN_POINT('Ctrl Pts',(-25.1055313745451,-30.1038390622368,1.65458513368452));
#1829=CARTESIAN_POINT('Ctrl Pts',(-25.4680575596492,-29.6136240628503,1.47782053815998));
#1830=CARTESIAN_POINT('Ctrl Pts',(-25.7009659204232,-29.2865916103237,1.45401940905185));
#1831=CARTESIAN_POINT('Ctrl Pts',(-25.8287322208473,-29.1141818594719,1.47641757705375));
#1832=CARTESIAN_POINT('Ctrl Pts',(-25.0669581581402,-30.2748063117609,2.32860639004442));
#1833=CARTESIAN_POINT('Ctrl Pts',(-25.1354048952474,-30.1776895425068,2.21860897781256));
#1834=CARTESIAN_POINT('Ctrl Pts',(-25.2898612748645,-29.9585365892316,2.026569131207));
#1835=CARTESIAN_POINT('Ctrl Pts',(-25.5674000397526,-29.5647461862432,1.84336683257831));
#1836=CARTESIAN_POINT('Ctrl Pts',(-25.7660771939822,-29.2828498657049,1.81577080117837));
#1837=CARTESIAN_POINT('Ctrl Pts',(-25.8662943126628,-29.1406551724069,1.82546707480056));
#1838=CARTESIAN_POINT('Ctrl Pts',(-25.1464485681566,-30.1620200470865,2.51757871719109));
#1839=CARTESIAN_POINT('Ctrl Pts',(-25.2092669598971,-30.0728891474496,2.40853529643153));
#1840=CARTESIAN_POINT('Ctrl Pts',(-25.3514376629848,-29.8711679266874,2.21916932303381));
#1841=CARTESIAN_POINT('Ctrl Pts',(-25.5997867715927,-29.5187937435712,2.0406029926362));
#1842=CARTESIAN_POINT('Ctrl Pts',(-25.7774556910969,-29.2667052994999,1.99999999999999));
#1843=CARTESIAN_POINT('Ctrl Pts',(-25.8662943126628,-29.1406551724069,1.99999999999999));
#1844=CARTESIAN_POINT('',(-25.1464485681566,-30.1620200470865,2.51757871719109));
#1845=CARTESIAN_POINT('Ctrl Pts',(-23.8960461834044,-30.7489926428634,1.07546673998362));
#1846=CARTESIAN_POINT('Ctrl Pts',(-24.0598746176223,-30.7275072972376,1.16619529570557));
#1847=CARTESIAN_POINT('Ctrl Pts',(-24.3518639814227,-30.6728885663246,1.36674765935383));
#1848=CARTESIAN_POINT('Ctrl Pts',(-24.8247731082343,-30.4753932710668,1.8990311393992));
#1849=CARTESIAN_POINT('Ctrl Pts',(-25.0669581581402,-30.2748063117609,2.32860639004442));
#1850=CARTESIAN_POINT('Ctrl Pts',(-25.1464485681566,-30.1620200470865,2.51757871719109));
#1851=CARTESIAN_POINT('',(-25.8662943126628,-29.1406551724069,2.));
#1852=CARTESIAN_POINT('Origin',(-25.8662943126628,-29.1406551724069,3.76712427582949));
#1853=CARTESIAN_POINT('Origin',(-24.2315161845367,-27.9884831054826,2.));
#1854=CARTESIAN_POINT('Ctrl Pts',(-23.8960461834044,-30.7489926428634,1.07546673998362));
#1855=CARTESIAN_POINT('Ctrl Pts',(-24.0598746176223,-30.7275072972376,1.16619529570557));
#1856=CARTESIAN_POINT('Ctrl Pts',(-24.3518639814227,-30.6728885663246,1.36674765935383));
#1857=CARTESIAN_POINT('Ctrl Pts',(-24.8247731082343,-30.4753932710668,1.8990311393992));
#1858=CARTESIAN_POINT('Ctrl Pts',(-25.0669581581402,-30.2748063117609,2.32860639004442));
#1859=CARTESIAN_POINT('Ctrl Pts',(-25.1464485681566,-30.1620200470865,2.51757871719109));
#1860=CARTESIAN_POINT('Ctrl Pts',(-23.9479334582333,-30.8490414602107,1.25692385142751));
#1861=CARTESIAN_POINT('Ctrl Pts',(-24.0943047854605,-30.8213415233025,1.34552998466316));
#1862=CARTESIAN_POINT('Ctrl Pts',(-24.3607574359785,-30.7566872596579,1.5451907029961));
#1863=CARTESIAN_POINT('Ctrl Pts',(-24.792986675123,-30.5528861205454,2.07367902369065));
#1864=CARTESIAN_POINT('Ctrl Pts',(-25.0073436888126,-30.359391273829,2.4596007275148));
#1865=CARTESIAN_POINT('Ctrl Pts',(-25.0836301764161,-30.2511509467234,2.62662213795065));
#1866=CARTESIAN_POINT('Ctrl Pts',(-24.0317063321288,-31.0105719508114,1.64667984309863));
#1867=CARTESIAN_POINT('Ctrl Pts',(-24.1515924058965,-30.9760808112224,1.73423359817683));
#1868=CARTESIAN_POINT('Ctrl Pts',(-24.378791041941,-30.8971623912106,1.94209044158774));
#1869=CARTESIAN_POINT('Ctrl Pts',(-24.7394114893373,-30.6842040913275,2.46855597287573));
#1870=CARTESIAN_POINT('Ctrl Pts',(-24.9035343764053,-30.5066828097818,2.74750403965231));
#1871=CARTESIAN_POINT('Ctrl Pts',(-24.9745390839287,-30.4059366224843,2.87340941420742));
#1872=CARTESIAN_POINT('Ctrl Pts',(-24.1221155868616,-31.18489868204,2.65500719700753));
#1873=CARTESIAN_POINT('Ctrl Pts',(-24.2175312691782,-31.1408003865957,2.72954131233262));
#1874=CARTESIAN_POINT('Ctrl Pts',(-24.4036921360715,-31.0362668308534,2.90509054488903));
#1875=CARTESIAN_POINT('Ctrl Pts',(-24.6597379048508,-30.8210304777513,3.14631818128776));
#1876=CARTESIAN_POINT('Ctrl Pts',(-24.8030871169954,-30.649204042007,3.24544302408733));
#1877=CARTESIAN_POINT('Ctrl Pts',(-24.8716695149401,-30.5518947881612,3.30450667083653));
#1878=CARTESIAN_POINT('Ctrl Pts',(-24.1342762933876,-31.2083469034015,3.41627594243443));
#1879=CARTESIAN_POINT('Ctrl Pts',(-24.223413526166,-31.1621185898914,3.43576751651194));
#1880=CARTESIAN_POINT('Ctrl Pts',(-24.3982741258142,-31.0544196625382,3.47891699199591));
#1881=CARTESIAN_POINT('Ctrl Pts',(-24.6411912775491,-30.8461396718645,3.54929300847691));
#1882=CARTESIAN_POINT('Ctrl Pts',(-24.7836275544249,-30.6768145597294,3.59224349043894));
#1883=CARTESIAN_POINT('Ctrl Pts',(-24.8482786979656,-30.5850832303103,3.61291359130376));
#1884=CARTESIAN_POINT('Ctrl Pts',(-24.1342762933876,-31.2083469034015,3.76712427582949));
#1885=CARTESIAN_POINT('Ctrl Pts',(-24.2286568928,-31.159399277332,3.76712427582949));
#1886=CARTESIAN_POINT('Ctrl Pts',(-24.409594286604,-31.0464211825374,3.76712427582949));
#1887=CARTESIAN_POINT('Ctrl Pts',(-24.6506456363418,-30.8360037544196,3.76712427582949));
#1888=CARTESIAN_POINT('Ctrl Pts',(-24.7870302461902,-30.6719865950231,3.76712427582949));
#1889=CARTESIAN_POINT('Ctrl Pts',(-24.8482786979656,-30.5850832303103,3.76712427582949));
#1890=CARTESIAN_POINT('',(-24.1342762933876,-31.2083469034015,3.76712427582949));
#1891=CARTESIAN_POINT('Ctrl Pts',(-23.8960461834044,-30.7489926428634,1.07546673998362));
#1892=CARTESIAN_POINT('Ctrl Pts',(-23.9479334582333,-30.8490414602107,1.25692385142751));
#1893=CARTESIAN_POINT('Ctrl Pts',(-24.0317063321288,-31.0105719508114,1.64667984309863));
#1894=CARTESIAN_POINT('Ctrl Pts',(-24.1221155868616,-31.18489868204,2.65500719700753));
#1895=CARTESIAN_POINT('Ctrl Pts',(-24.1342762933876,-31.2083469034015,3.41627594243443));
#1896=CARTESIAN_POINT('Ctrl Pts',(-24.1342762933876,-31.2083469034015,3.76712427582949));
#1897=CARTESIAN_POINT('',(-24.8482786979656,-30.5850832303103,3.76712427582949));
#1898=CARTESIAN_POINT('Origin',(-23.2135005698395,-29.432911163386,3.76712427582949));
#1899=CARTESIAN_POINT('Origin',(-25.8662943126628,-29.1406551724069,3.76712427582949));
#1900=CARTESIAN_POINT('Ctrl Pts',(-23.8960461834044,-30.7489926428634,1.07546673998362));
#1901=CARTESIAN_POINT('Ctrl Pts',(-23.9479334582333,-30.8490414602107,1.25692385142751));
#1902=CARTESIAN_POINT('Ctrl Pts',(-24.0317063321288,-31.0105719508114,1.64667984309863));
#1903=CARTESIAN_POINT('Ctrl Pts',(-24.1221155868616,-31.18489868204,2.65500719700753));
#1904=CARTESIAN_POINT('Ctrl Pts',(-24.1342762933876,-31.2083469034015,3.41627594243443));
#1905=CARTESIAN_POINT('Ctrl Pts',(-24.1342762933876,-31.2083469034015,3.76712427582949));
#1906=CARTESIAN_POINT('Ctrl Pts',(-23.7841050240154,-30.8705268058365,1.16619529570557));
#1907=CARTESIAN_POINT('Ctrl Pts',(-23.8409693554143,-30.952726235598,1.34552998466316));
#1908=CARTESIAN_POINT('Ctrl Pts',(-23.9344489591175,-31.0886956526472,1.73423359817684));
#1909=CARTESIAN_POINT('Ctrl Pts',(-24.0311024804657,-31.2374860052008,2.72954131233262));
#1910=CARTESIAN_POINT('Ctrl Pts',(-24.0451390606092,-31.2545752169117,3.43576751651194));
#1911=CARTESIAN_POINT('Ctrl Pts',(-24.0398956939752,-31.2572945294711,3.76712427582949));
#1912=CARTESIAN_POINT('Ctrl Pts',(-23.5712492762692,-31.0777306305853,1.36674765935383));
#1913=CARTESIAN_POINT('Ctrl Pts',(-23.6346220168237,-31.1332752999326,1.5451907029961));
#1914=CARTESIAN_POINT('Ctrl Pts',(-23.7390559445997,-31.2289415335683,1.94209044158774));
#1915=CARTESIAN_POINT('Ctrl Pts',(-23.8384132197798,-31.3294315404645,2.90509054488903));
#1916=CARTESIAN_POINT('Ctrl Pts',(-23.8563723859192,-31.3354605109326,3.47891699199592));
#1917=CARTESIAN_POINT('Ctrl Pts',(-23.8433131293099,-31.3401056739483,3.76712427582949));
#1918=CARTESIAN_POINT('Ctrl Pts',(-23.1373824386686,-31.3505070978641,1.8990311393992));
#1919=CARTESIAN_POINT('Ctrl Pts',(-23.2190359665444,-31.3691677633312,2.07367902369065));
#1920=CARTESIAN_POINT('Ctrl Pts',(-23.357237756048,-31.4010264412751,2.46855597287574));
#1921=CARTESIAN_POINT('Ctrl Pts',(-23.5149769872445,-31.4147258948489,3.14631818128777));
#1922=CARTESIAN_POINT('Ctrl Pts',(-23.5461854208765,-31.4140311405574,3.54929300847691));
#1923=CARTESIAN_POINT('Ctrl Pts',(-23.532453908747,-31.4159198695659,3.76712427582949));
#1924=CARTESIAN_POINT('Ctrl Pts',(-22.8339054269741,-31.432911163386,2.32860639004442));
#1925=CARTESIAN_POINT('Ctrl Pts',(-22.9373873131247,-31.432911163386,2.45960072751481));
#1926=CARTESIAN_POINT('Ctrl Pts',(-23.1175848988627,-31.432911163386,2.74750403965232));
#1927=CARTESIAN_POINT('Ctrl Pts',(-23.2919464587259,-31.432911163386,3.24544302408734));
#1928=CARTESIAN_POINT('Ctrl Pts',(-23.3257253761795,-31.432911163386,3.59224349043894));
#1929=CARTESIAN_POINT('Ctrl Pts',(-23.3198188074247,-31.432911163386,3.76712427582949));
#1930=CARTESIAN_POINT('Ctrl Pts',(-22.6959218526481,-31.432911163386,2.51757871719109));
#1931=CARTESIAN_POINT('Ctrl Pts',(-22.8049652734077,-31.432911163386,2.62662213795065));
#1932=CARTESIAN_POINT('Ctrl Pts',(-22.9943312468054,-31.432911163386,2.87340941420742));
#1933=CARTESIAN_POINT('Ctrl Pts',(-23.172897577203,-31.432911163386,3.30450667083653));
#1934=CARTESIAN_POINT('Ctrl Pts',(-23.2135005698392,-31.432911163386,3.61291359130377));
#1935=CARTESIAN_POINT('Ctrl Pts',(-23.2135005698392,-31.432911163386,3.76712427582949));
#1936=CARTESIAN_POINT('',(-22.6959218526481,-31.432911163386,2.51757871719109));
#1937=CARTESIAN_POINT('Ctrl Pts',(-23.8960461834044,-30.7489926428634,1.07546673998362));
#1938=CARTESIAN_POINT('Ctrl Pts',(-23.7841050240154,-30.8705268058365,1.16619529570557));
#1939=CARTESIAN_POINT('Ctrl Pts',(-23.5712492762692,-31.0777306305853,1.36674765935383));
#1940=CARTESIAN_POINT('Ctrl Pts',(-23.1373824386686,-31.3505070978641,1.8990311393992));
#1941=CARTESIAN_POINT('Ctrl Pts',(-22.8339054269741,-31.432911163386,2.32860639004442));
#1942=CARTESIAN_POINT('Ctrl Pts',(-22.6959218526481,-31.432911163386,2.51757871719109));
#1943=CARTESIAN_POINT('',(-23.2135005698392,-31.432911163386,3.76712427582949));
#1944=CARTESIAN_POINT('Origin',(-21.4463762940097,-31.4329111633858,3.76712427582949));
#1945=CARTESIAN_POINT('Origin',(-23.2135005698395,-29.432911163386,3.76712427582949));
#1946=CARTESIAN_POINT('Ctrl Pts',(44.2227244209441,-30.3352284601664,1.09768270321111));
#1947=CARTESIAN_POINT('Ctrl Pts',(44.3174599922214,-30.4299640314437,1.28715384576567));
#1948=CARTESIAN_POINT('Ctrl Pts',(44.474680186354,-30.5871842255763,1.69697810152562));
#1949=CARTESIAN_POINT('Ctrl Pts',(44.6879246620059,-30.8004287012281,2.77420536556209));
#1950=CARTESIAN_POINT('Ctrl Pts',(44.7346206865284,-30.8471247257506,3.61147874183992));
#1951=CARTESIAN_POINT('Ctrl Pts',(44.7346206865284,-30.8471247257506,3.99969797719556));
#1952=CARTESIAN_POINT('Ctrl Pts',(44.4121955634987,-30.2404928888891,1.19241827448839));
#1953=CARTESIAN_POINT('Ctrl Pts',(44.4875282475857,-30.3340556784071,1.38023995506047));
#1954=CARTESIAN_POINT('Ctrl Pts',(44.6174675294274,-30.4918028601939,1.78987201963065));
#1955=CARTESIAN_POINT('Ctrl Pts',(44.8100608369629,-30.6939779884576,2.85534344711195));
#1956=CARTESIAN_POINT('Ctrl Pts',(44.8511778006468,-30.7305676116322,3.63304647713745));
#1957=CARTESIAN_POINT('Ctrl Pts',(44.8580341014772,-30.7237113108017,3.99969797719556));
#1958=CARTESIAN_POINT('Ctrl Pts',(44.735093069747,-30.0313526786273,1.40155848475018));
#1959=CARTESIAN_POINT('Ctrl Pts',(44.7847208046721,-30.1240123590296,1.58933510024208));
#1960=CARTESIAN_POINT('Ctrl Pts',(44.8798035239431,-30.2789108871258,2.00930402891301));
#1961=CARTESIAN_POINT('Ctrl Pts',(45.0363536453589,-30.4446144536064,3.04541826695034));
#1962=CARTESIAN_POINT('Ctrl Pts',(45.06013194275,-30.463854411382,3.68003198601804));
#1963=CARTESIAN_POINT('Ctrl Pts',(45.0723551608253,-30.4444018364967,3.99969797719556));
#1964=CARTESIAN_POINT('Ctrl Pts',(45.1834107402014,-29.4818092355016,1.95110192787585));
#1965=CARTESIAN_POINT('Ctrl Pts',(45.2021962206497,-29.5839405273747,2.13747608651052));
#1966=CARTESIAN_POINT('Ctrl Pts',(45.2441258676932,-29.7532384692221,2.5618507081616));
#1967=CARTESIAN_POINT('Ctrl Pts',(45.2709722583018,-29.9493933094748,3.30437254286654));
#1968=CARTESIAN_POINT('Ctrl Pts',(45.2693414480165,-29.9788917543256,3.75573299282399));
#1969=CARTESIAN_POINT('Ctrl Pts',(45.2744533752406,-29.9564935863237,3.99969797719556));
#1970=CARTESIAN_POINT('Ctrl Pts',(45.3204071241551,-29.0413403748342,2.39157078854322));
#1971=CARTESIAN_POINT('Ctrl Pts',(45.3204071241551,-29.1640357833129,2.53583588464998));
#1972=CARTESIAN_POINT('Ctrl Pts',(45.3204071241551,-29.3783605882415,2.85489871352122));
#1973=CARTESIAN_POINT('Ctrl Pts',(45.3204071241552,-29.5838279764408,3.41177954655953));
#1974=CARTESIAN_POINT('Ctrl Pts',(45.3204071241552,-29.617140362199,3.8025346148859));
#1975=CARTESIAN_POINT('Ctrl Pts',(45.3204071241552,-29.6074440885768,3.99969797719556));
#1976=CARTESIAN_POINT('Ctrl Pts',(45.3204071241551,-28.8472131861818,2.58569797719556));
#1977=CARTESIAN_POINT('Ctrl Pts',(45.3204071241551,-28.9706079642978,2.70909275531156));
#1978=CARTESIAN_POINT('Ctrl Pts',(45.3204071241551,-29.1848966587222,2.98836005070119));
#1979=CARTESIAN_POINT('Ctrl Pts',(45.3204071241552,-29.3869643540028,3.47619462116519));
#1980=CARTESIAN_POINT('Ctrl Pts',(45.3204071241551,-29.4329111633774,3.82519140845789));
#1981=CARTESIAN_POINT('Ctrl Pts',(45.3204071241551,-29.4329111633774,3.99969797719556));
#1982=CARTESIAN_POINT('',(44.2227244209441,-30.3352284601664,1.09768270321111));
#1983=CARTESIAN_POINT('',(44.7346206865284,-30.8471247257506,3.99969797719556));
#1984=CARTESIAN_POINT('Ctrl Pts',(44.2227244209441,-30.3352284601664,1.09768270321111));
#1985=CARTESIAN_POINT('Ctrl Pts',(44.3174599922214,-30.4299640314437,1.28715384576567));
#1986=CARTESIAN_POINT('Ctrl Pts',(44.474680186354,-30.5871842255763,1.69697810152562));
#1987=CARTESIAN_POINT('Ctrl Pts',(44.6879246620059,-30.8004287012281,2.77420536556209));
#1988=CARTESIAN_POINT('Ctrl Pts',(44.7346206865284,-30.8471247257506,3.61147874183992));
#1989=CARTESIAN_POINT('Ctrl Pts',(44.7346206865284,-30.8471247257506,3.99969797719556));
#1990=CARTESIAN_POINT('',(45.3204071241551,-28.8472131861818,2.58569797719556));
#1991=CARTESIAN_POINT('Ctrl Pts',(44.2227244209441,-30.3352284601664,1.09768270321111));
#1992=CARTESIAN_POINT('Ctrl Pts',(44.4121955634987,-30.2404928888891,1.19241827448839));
#1993=CARTESIAN_POINT('Ctrl Pts',(44.735093069747,-30.0313526786273,1.40155848475018));
#1994=CARTESIAN_POINT('Ctrl Pts',(45.1834107402014,-29.4818092355016,1.95110192787585));
#1995=CARTESIAN_POINT('Ctrl Pts',(45.3204071241551,-29.0413403748342,2.39157078854322));
#1996=CARTESIAN_POINT('Ctrl Pts',(45.3204071241551,-28.8472131861818,2.58569797719556));
#1997=CARTESIAN_POINT('',(45.3204071241551,-29.4329111633774,3.99969797719556));
#1998=CARTESIAN_POINT('Origin',(45.3204071241549,-27.4332131861818,3.99969797719556));
#1999=CARTESIAN_POINT('Origin',(43.3204071241551,-29.4329111633776,3.99969797719556));
#2000=CARTESIAN_POINT('Ctrl Pts',(44.2227244209441,-30.3352284601664,1.09768270321111));
#2001=CARTESIAN_POINT('Ctrl Pts',(44.4121955634987,-30.2404928888891,1.19241827448839));
#2002=CARTESIAN_POINT('Ctrl Pts',(44.735093069747,-30.0313526786273,1.40155848475018));
#2003=CARTESIAN_POINT('Ctrl Pts',(45.1834107402014,-29.4818092355016,1.95110192787585));
#2004=CARTESIAN_POINT('Ctrl Pts',(45.3204071241551,-29.0413403748342,2.39157078854322));
#2005=CARTESIAN_POINT('Ctrl Pts',(45.3204071241551,-28.8472131861818,2.58569797719556));
#2006=CARTESIAN_POINT('Ctrl Pts',(44.3174599922214,-30.1457573176119,1.00294713193383));
#2007=CARTESIAN_POINT('Ctrl Pts',(44.4875282475857,-30.052671208317,1.09885548497041));
#2008=CARTESIAN_POINT('Ctrl Pts',(44.7847208046721,-29.8435760631354,1.30889880434784));
#2009=CARTESIAN_POINT('Ctrl Pts',(45.2021962206497,-29.2954350768669,1.84897063600267));
#2010=CARTESIAN_POINT('Ctrl Pts',(45.3204071241551,-28.8970752787274,2.2688753800645));
#2011=CARTESIAN_POINT('Ctrl Pts',(45.320407124155,-28.7238184080658,2.46230319907956));
#2012=CARTESIAN_POINT('Ctrl Pts',(44.4746801863539,-29.7359330618519,0.845726937801269));
#2013=CARTESIAN_POINT('Ctrl Pts',(44.6174675294273,-29.6430391437468,0.94110830318356));
#2014=CARTESIAN_POINT('Ctrl Pts',(44.879803523943,-29.4236071344645,1.15400027625162));
#2015=CARTESIAN_POINT('Ctrl Pts',(45.244125867693,-28.8710604552158,1.67967269415535));
#2016=CARTESIAN_POINT('Ctrl Pts',(45.320407124155,-28.5780124498562,2.05455057513588));
#2017=CARTESIAN_POINT('Ctrl Pts',(45.320407124155,-28.4445511126762,2.2480145046552));
#2018=CARTESIAN_POINT('Ctrl Pts',(44.6879246620056,-28.6587057978154,0.632482462149419));
#2019=CARTESIAN_POINT('Ctrl Pts',(44.8100608369626,-28.5775677162655,0.738933174919826));
#2020=CARTESIAN_POINT('Ctrl Pts',(45.0363536453588,-28.3874928964271,0.988296709771053));
#2021=CARTESIAN_POINT('Ctrl Pts',(45.2709722583016,-28.1285386205109,1.48351785390262));
#2022=CARTESIAN_POINT('Ctrl Pts',(45.3204071241549,-28.0211316168179,1.84908318693661));
#2023=CARTESIAN_POINT('Ctrl Pts',(45.3204071241549,-27.9567165422122,2.04594680937456));
#2024=CARTESIAN_POINT('Ctrl Pts',(44.734620686528,-27.8214324215376,0.585786437626905));
#2025=CARTESIAN_POINT('Ctrl Pts',(44.8511778006464,-27.79986468624,0.702343551745257));
#2026=CARTESIAN_POINT('Ctrl Pts',(45.0601319427497,-27.7528791773594,0.969056751995403));
#2027=CARTESIAN_POINT('Ctrl Pts',(45.2693414480163,-27.6771781705534,1.45401940905186));
#2028=CARTESIAN_POINT('Ctrl Pts',(45.3204071241549,-27.6303765484915,1.81577080117838));
#2029=CARTESIAN_POINT('Ctrl Pts',(45.3204071241549,-27.6077197549195,2.));
#2030=CARTESIAN_POINT('Ctrl Pts',(44.734620686528,-27.4332131861819,0.585786437626905));
#2031=CARTESIAN_POINT('Ctrl Pts',(44.8580341014768,-27.4332131861819,0.709199852575748));
#2032=CARTESIAN_POINT('Ctrl Pts',(45.0723551608249,-27.4332131861819,0.988509326880749));
#2033=CARTESIAN_POINT('Ctrl Pts',(45.2744533752403,-27.4332131861818,1.47641757705376));
#2034=CARTESIAN_POINT('Ctrl Pts',(45.3204071241549,-27.4332131861818,1.82546707480057));
#2035=CARTESIAN_POINT('Ctrl Pts',(45.3204071241549,-27.4332131861818,2.));
#2036=CARTESIAN_POINT('',(44.734620686528,-27.4332131861819,0.585786437626905));
#2037=CARTESIAN_POINT('Ctrl Pts',(44.2227244209441,-30.3352284601664,1.09768270321111));
#2038=CARTESIAN_POINT('Ctrl Pts',(44.3174599922214,-30.1457573176119,1.00294713193383));
#2039=CARTESIAN_POINT('Ctrl Pts',(44.4746801863539,-29.7359330618519,0.845726937801269));
#2040=CARTESIAN_POINT('Ctrl Pts',(44.6879246620056,-28.6587057978154,0.632482462149417));
#2041=CARTESIAN_POINT('Ctrl Pts',(44.734620686528,-27.8214324215376,0.585786437626904));
#2042=CARTESIAN_POINT('Ctrl Pts',(44.734620686528,-27.4332131861819,0.585786437626904));
#2043=CARTESIAN_POINT('',(45.3204071241549,-27.4332131861818,2.));
#2044=CARTESIAN_POINT('Origin',(43.3204071241549,-27.4332131861821,2.));
#2045=CARTESIAN_POINT('Origin',(45.3204071241549,-27.4332131861818,3.99969797719556));
#2046=CARTESIAN_POINT('Ctrl Pts',(44.2227244209441,-30.3352284601664,1.09768270321111));
#2047=CARTESIAN_POINT('Ctrl Pts',(44.3174599922214,-30.1457573176119,1.00294713193383));
#2048=CARTESIAN_POINT('Ctrl Pts',(44.4746801863539,-29.7359330618519,0.845726937801269));
#2049=CARTESIAN_POINT('Ctrl Pts',(44.6879246620056,-28.6587057978154,0.632482462149417));
#2050=CARTESIAN_POINT('Ctrl Pts',(44.734620686528,-27.8214324215376,0.585786437626904));
#2051=CARTESIAN_POINT('Ctrl Pts',(44.734620686528,-27.4332131861819,0.585786437626904));
#2052=CARTESIAN_POINT('Ctrl Pts',(44.1279888496668,-30.2404928888892,0.908211560656549));
#2053=CARTESIAN_POINT('Ctrl Pts',(44.2215516391848,-30.0526712083171,0.832878876569514));
#2054=CARTESIAN_POINT('Ctrl Pts',(44.3792988209716,-29.6430391437469,0.702939594727847));
#2055=CARTESIAN_POINT('Ctrl Pts',(44.5814739492352,-28.5775677162655,0.51034628719237));
#2056=CARTESIAN_POINT('Ctrl Pts',(44.6180635724097,-27.79986468624,0.469229323508552));
#2057=CARTESIAN_POINT('Ctrl Pts',(44.6112072715791,-27.4332131861819,0.462373022678061));
#2058=CARTESIAN_POINT('Ctrl Pts',(43.918848639405,-30.0313526786274,0.585314054408215));
#2059=CARTESIAN_POINT('Ctrl Pts',(44.0115083198074,-29.8435760631355,0.535686319483103));
#2060=CARTESIAN_POINT('Ctrl Pts',(44.1664068479035,-29.4236071344646,0.440603600212137));
#2061=CARTESIAN_POINT('Ctrl Pts',(44.332110414384,-28.3874928964272,0.284053478796303));
#2062=CARTESIAN_POINT('Ctrl Pts',(44.3513503721595,-27.7528791773595,0.260275181405254));
#2063=CARTESIAN_POINT('Ctrl Pts',(44.3318977972741,-27.433213186182,0.248051963330006));
#2064=CARTESIAN_POINT('Ctrl Pts',(43.3693051962793,-29.4818092355018,0.136996383953707));
#2065=CARTESIAN_POINT('Ctrl Pts',(43.4714364881525,-29.2954350768671,0.118210903505448));
#2066=CARTESIAN_POINT('Ctrl Pts',(43.6407344299997,-28.871060455216,0.0762812564620459));
#2067=CARTESIAN_POINT('Ctrl Pts',(43.8368892702524,-28.1285386205111,0.049434865853427));
#2068=CARTESIAN_POINT('Ctrl Pts',(43.8663877151031,-27.6771781705536,0.0510656761386584));
#2069=CARTESIAN_POINT('Ctrl Pts',(43.8439895471011,-27.433213186182,0.0459537489146215));
#2070=CARTESIAN_POINT('Ctrl Pts',(42.9288363356119,-29.0413403748345,0.));
#2071=CARTESIAN_POINT('Ctrl Pts',(43.0515317440906,-28.8970752787277,0.));
#2072=CARTESIAN_POINT('Ctrl Pts',(43.2658565490192,-28.5780124498564,2.63780889764548E-19));
#2073=CARTESIAN_POINT('Ctrl Pts',(43.4713239372184,-28.0211316168181,-9.23233114175919E-19));
#2074=CARTESIAN_POINT('Ctrl Pts',(43.5046363229765,-27.6303765484917,1.97835667323411E-18));
#2075=CARTESIAN_POINT('Ctrl Pts',(43.4949400493543,-27.4332131861821,0.));
#2076=CARTESIAN_POINT('Ctrl Pts',(42.7347091469595,-28.8472131861822,0.));
#2077=CARTESIAN_POINT('Ctrl Pts',(42.8581039250755,-28.7238184080662,0.));
#2078=CARTESIAN_POINT('Ctrl Pts',(43.0723926194998,-28.4445511126765,0.));
#2079=CARTESIAN_POINT('Ctrl Pts',(43.2744603147804,-27.9567165422125,0.));
#2080=CARTESIAN_POINT('Ctrl Pts',(43.3204071241549,-27.6077197549198,0.));
#2081=CARTESIAN_POINT('Ctrl Pts',(43.3204071241549,-27.4332131861821,0.));
#2082=CARTESIAN_POINT('',(42.7347091469595,-28.8472131861822,-7.11901165322193E-33));
#2083=CARTESIAN_POINT('Ctrl Pts',(44.2227244209441,-30.3352284601664,1.09768270321111));
#2084=CARTESIAN_POINT('Ctrl Pts',(44.1279888496668,-30.2404928888892,0.908211560656549));
#2085=CARTESIAN_POINT('Ctrl Pts',(43.918848639405,-30.0313526786274,0.585314054408215));
#2086=CARTESIAN_POINT('Ctrl Pts',(43.3693051962793,-29.4818092355018,0.136996383953707));
#2087=CARTESIAN_POINT('Ctrl Pts',(42.9288363356119,-29.0413403748345,0.));
#2088=CARTESIAN_POINT('Ctrl Pts',(42.7347091469595,-28.8472131861822,0.));
#2089=CARTESIAN_POINT('',(43.3204071241549,-27.4332131861821,0.));
#2090=CARTESIAN_POINT('Origin',(41.3207091469593,-27.4332131861823,0.));
#2091=CARTESIAN_POINT('Origin',(43.3204071241549,-27.4332131861821,2.));
#2092=CARTESIAN_POINT('Ctrl Pts',(44.2227244209441,-30.3352284601664,1.09768270321111));
#2093=CARTESIAN_POINT('Ctrl Pts',(44.1279888496668,-30.2404928888892,0.908211560656549));
#2094=CARTESIAN_POINT('Ctrl Pts',(43.918848639405,-30.0313526786274,0.585314054408215));
#2095=CARTESIAN_POINT('Ctrl Pts',(43.3693051962793,-29.4818092355018,0.136996383953707));
#2096=CARTESIAN_POINT('Ctrl Pts',(42.9288363356119,-29.0413403748345,0.));
#2097=CARTESIAN_POINT('Ctrl Pts',(42.7347091469595,-28.8472131861822,0.));
#2098=CARTESIAN_POINT('Ctrl Pts',(44.0332532783896,-30.4299640314437,1.00294713193383));
#2099=CARTESIAN_POINT('Ctrl Pts',(43.9401671690948,-30.3340556784072,0.832878876569515));
#2100=CARTESIAN_POINT('Ctrl Pts',(43.7310720239132,-30.1240123590298,0.535686319483104));
#2101=CARTESIAN_POINT('Ctrl Pts',(43.1829310376446,-29.583940527375,0.118210903505449));
#2102=CARTESIAN_POINT('Ctrl Pts',(42.7845712395051,-29.1640357833132,0.));
#2103=CARTESIAN_POINT('Ctrl Pts',(42.6113143688435,-28.9706079642982,0.));
#2104=CARTESIAN_POINT('Ctrl Pts',(43.6234290226297,-30.5871842255764,0.845726937801271));
#2105=CARTESIAN_POINT('Ctrl Pts',(43.5305351045247,-30.4918028601941,0.702939594727848));
#2106=CARTESIAN_POINT('Ctrl Pts',(43.3111030952422,-30.278910887126,0.440603600212138));
#2107=CARTESIAN_POINT('Ctrl Pts',(42.7585564159936,-29.7532384692224,0.076281256462047));
#2108=CARTESIAN_POINT('Ctrl Pts',(42.4655084106339,-29.3783605882419,0.));
#2109=CARTESIAN_POINT('Ctrl Pts',(42.3320470734539,-29.1848966587226,0.));
#2110=CARTESIAN_POINT('Ctrl Pts',(42.5462017585932,-30.8004287012283,0.632482462149423));
#2111=CARTESIAN_POINT('Ctrl Pts',(42.4650636770433,-30.6939779884579,0.510346287192375));
#2112=CARTESIAN_POINT('Ctrl Pts',(42.2749888572049,-30.4446144536067,0.284053478796306));
#2113=CARTESIAN_POINT('Ctrl Pts',(42.0160345812887,-29.9493933094752,0.0494348658534267));
#2114=CARTESIAN_POINT('Ctrl Pts',(41.9086275775956,-29.5838279764412,0.));
#2115=CARTESIAN_POINT('Ctrl Pts',(41.84421250299,-29.3869643540033,0.));
#2116=CARTESIAN_POINT('Ctrl Pts',(41.7089283823154,-30.847124725751,0.585786437626911));
#2117=CARTESIAN_POINT('Ctrl Pts',(41.6873606470179,-30.7305676116326,0.469229323508558));
#2118=CARTESIAN_POINT('Ctrl Pts',(41.6403751381372,-30.4638544113824,0.260275181405258));
#2119=CARTESIAN_POINT('Ctrl Pts',(41.5646741313312,-29.978891754326,0.0510656761386578));
#2120=CARTESIAN_POINT('Ctrl Pts',(41.5178725092693,-29.6171403621995,0.));
#2121=CARTESIAN_POINT('Ctrl Pts',(41.4952157156972,-29.4329111633779,0.));
#2122=CARTESIAN_POINT('Ctrl Pts',(41.3207091469598,-30.847124725751,0.585786437626911));
#2123=CARTESIAN_POINT('Ctrl Pts',(41.3207091469598,-30.7237113108022,0.462373022678066));
#2124=CARTESIAN_POINT('Ctrl Pts',(41.3207091469597,-30.4444018364971,0.24805196333001));
#2125=CARTESIAN_POINT('Ctrl Pts',(41.3207091469597,-29.9564935863241,0.0459537489146207));
#2126=CARTESIAN_POINT('Ctrl Pts',(41.3207091469596,-29.6074440885773,0.));
#2127=CARTESIAN_POINT('Ctrl Pts',(41.3207091469596,-29.4329111633779,0.));
#2128=CARTESIAN_POINT('',(41.3207091469598,-30.847124725751,0.585786437626911));
#2129=CARTESIAN_POINT('Ctrl Pts',(44.2227244209441,-30.3352284601664,1.09768270321111));
#2130=CARTESIAN_POINT('Ctrl Pts',(44.0332532783896,-30.4299640314437,1.00294713193383));
#2131=CARTESIAN_POINT('Ctrl Pts',(43.6234290226297,-30.5871842255764,0.845726937801271));
#2132=CARTESIAN_POINT('Ctrl Pts',(42.5462017585932,-30.8004287012283,0.632482462149423));
#2133=CARTESIAN_POINT('Ctrl Pts',(41.7089283823154,-30.847124725751,0.585786437626911));
#2134=CARTESIAN_POINT('Ctrl Pts',(41.3207091469598,-30.847124725751,0.585786437626911));
#2135=CARTESIAN_POINT('',(41.3207091469596,-29.4329111633779,0.));
#2136=CARTESIAN_POINT('Origin',(41.3207091469596,-29.4329111633779,2.));
#2137=CARTESIAN_POINT('Origin',(41.3207091469593,-27.4332131861823,0.));
#2138=CARTESIAN_POINT('Ctrl Pts',(44.2227244209441,-30.3352284601664,1.09768270321111));
#2139=CARTESIAN_POINT('Ctrl Pts',(44.0332532783896,-30.4299640314437,1.00294713193383));
#2140=CARTESIAN_POINT('Ctrl Pts',(43.6234290226297,-30.5871842255764,0.845726937801271));
#2141=CARTESIAN_POINT('Ctrl Pts',(42.5462017585932,-30.8004287012283,0.632482462149423));
#2142=CARTESIAN_POINT('Ctrl Pts',(41.7089283823154,-30.847124725751,0.585786437626911));
#2143=CARTESIAN_POINT('Ctrl Pts',(41.3207091469598,-30.847124725751,0.585786437626911));
#2144=CARTESIAN_POINT('Ctrl Pts',(44.1279888496669,-30.524699602721,1.19241827448839));
#2145=CARTESIAN_POINT('Ctrl Pts',(43.9401671690948,-30.6000322868081,1.09885548497041));
#2146=CARTESIAN_POINT('Ctrl Pts',(43.5305351045247,-30.7299715686498,0.941108303183563));
#2147=CARTESIAN_POINT('Ctrl Pts',(42.4650636770434,-30.9225648761854,0.738933174919831));
#2148=CARTESIAN_POINT('Ctrl Pts',(41.6873606470179,-30.9636818398693,0.702343551745264));
#2149=CARTESIAN_POINT('Ctrl Pts',(41.3207091469598,-30.9705381406999,0.709199852575755));
#2150=CARTESIAN_POINT('Ctrl Pts',(43.9188486394051,-30.8475971089694,1.40155848475019));
#2151=CARTESIAN_POINT('Ctrl Pts',(43.7310720239133,-30.8972248438945,1.30889880434784));
#2152=CARTESIAN_POINT('Ctrl Pts',(43.3111030952424,-30.9923075631655,1.15400027625162));
#2153=CARTESIAN_POINT('Ctrl Pts',(42.274988857205,-31.1488576845815,0.988296709771059));
#2154=CARTESIAN_POINT('Ctrl Pts',(41.6403751381373,-31.1726359819726,0.969056751995412));
#2155=CARTESIAN_POINT('Ctrl Pts',(41.3207091469598,-31.1848592000479,0.988509326880758));
#2156=CARTESIAN_POINT('Ctrl Pts',(43.3693051962795,-31.2959147794239,1.95110192787585));
#2157=CARTESIAN_POINT('Ctrl Pts',(43.1829310376448,-31.3147002598722,1.84897063600268));
#2158=CARTESIAN_POINT('Ctrl Pts',(42.7585564159937,-31.3566299069157,1.67967269415536));
#2159=CARTESIAN_POINT('Ctrl Pts',(42.0160345812889,-31.3834762975244,1.48351785390263));
#2160=CARTESIAN_POINT('Ctrl Pts',(41.5646741313314,-31.3818454872392,1.45401940905187));
#2161=CARTESIAN_POINT('Ctrl Pts',(41.3207091469598,-31.3869574144633,1.47641757705377));
#2162=CARTESIAN_POINT('Ctrl Pts',(42.9288363356122,-31.4329111633777,2.39157078854323));
#2163=CARTESIAN_POINT('Ctrl Pts',(42.7845712395054,-31.4329111633777,2.26887538006451));
#2164=CARTESIAN_POINT('Ctrl Pts',(42.4655084106342,-31.4329111633778,2.05455057513589));
#2165=CARTESIAN_POINT('Ctrl Pts',(41.9086275775959,-31.4329111633778,1.84908318693662));
#2166=CARTESIAN_POINT('Ctrl Pts',(41.5178725092695,-31.4329111633779,1.81577080117839));
#2167=CARTESIAN_POINT('Ctrl Pts',(41.3207091469598,-31.4329111633779,1.82546707480058));
#2168=CARTESIAN_POINT('Ctrl Pts',(42.7347091469598,-31.4329111633777,2.58569797719556));
#2169=CARTESIAN_POINT('Ctrl Pts',(42.6113143688438,-31.4329111633777,2.46230319907957));
#2170=CARTESIAN_POINT('Ctrl Pts',(42.3320470734542,-31.4329111633778,2.24801450465521));
#2171=CARTESIAN_POINT('Ctrl Pts',(41.8442125029902,-31.4329111633778,2.04594680937457));
#2172=CARTESIAN_POINT('Ctrl Pts',(41.4952157156975,-31.4329111633779,2.00000000000001));
#2173=CARTESIAN_POINT('Ctrl Pts',(41.3207091469598,-31.4329111633779,2.00000000000001));
#2174=CARTESIAN_POINT('',(42.7347091469598,-31.4329111633777,2.58569797719556));
#2175=CARTESIAN_POINT('Ctrl Pts',(44.2227244209441,-30.3352284601664,1.09768270321111));
#2176=CARTESIAN_POINT('Ctrl Pts',(44.1279888496669,-30.524699602721,1.19241827448839));
#2177=CARTESIAN_POINT('Ctrl Pts',(43.9188486394051,-30.8475971089694,1.40155848475019));
#2178=CARTESIAN_POINT('Ctrl Pts',(43.3693051962795,-31.2959147794239,1.95110192787585));
#2179=CARTESIAN_POINT('Ctrl Pts',(42.9288363356122,-31.4329111633777,2.39157078854323));
#2180=CARTESIAN_POINT('Ctrl Pts',(42.7347091469598,-31.4329111633777,2.58569797719556));
#2181=CARTESIAN_POINT('',(41.3207091469598,-31.4329111633779,2.));
#2182=CARTESIAN_POINT('Origin',(41.3207091469598,-31.4329111633779,3.99969797719556));
#2183=CARTESIAN_POINT('Origin',(41.3207091469596,-29.4329111633779,2.));
#2184=CARTESIAN_POINT('Ctrl Pts',(-47.3545816886612,2.25969346139793,1.0625449954964));
#2185=CARTESIAN_POINT('Ctrl Pts',(-47.267924954465,2.15764478737387,0.974345700264781));
#2186=CARTESIAN_POINT('Ctrl Pts',(-47.0816580838221,1.94622718770218,0.828899550962303));
#2187=CARTESIAN_POINT('Ctrl Pts',(-46.6558680772392,1.40334003947845,0.627595421923862));
#2188=CARTESIAN_POINT('Ctrl Pts',(-46.2926819983916,0.858496597326848,0.585786437626905));
#2189=CARTESIAN_POINT('Ctrl Pts',(-46.1034624097094,0.59001929791049,0.585786437626905));
#2190=CARTESIAN_POINT('Ctrl Pts',(-47.2558815034442,2.29097999179912,0.886146405033163));
#2191=CARTESIAN_POINT('Ctrl Pts',(-47.1670612357192,2.18661404468916,0.815109994153386));
#2192=CARTESIAN_POINT('Ctrl Pts',(-46.9769281605843,1.97106738755615,0.693121684419451));
#2193=CARTESIAN_POINT('Ctrl Pts',(-46.5409766094649,1.42636954576003,0.507554648148567));
#2194=CARTESIAN_POINT('Ctrl Pts',(-46.1893993801879,0.914278250802671,0.469229323508553));
#2195=CARTESIAN_POINT('Ctrl Pts',(-46.0025856339715,0.661116042604384,0.462373022678062));
#2196=CARTESIAN_POINT('Ctrl Pts',(-47.0277331011899,2.3632997337269,0.580964954376461));
#2197=CARTESIAN_POINT('Ctrl Pts',(-46.9349765715005,2.25376086175913,0.53293311402271));
#2198=CARTESIAN_POINT('Ctrl Pts',(-46.7328078355757,2.02805675593496,0.440366356939097));
#2199=CARTESIAN_POINT('Ctrl Pts',(-46.2699187527991,1.4797044881767,0.283679859193874));
#2200=CARTESIAN_POINT('Ctrl Pts',(-45.9538540048582,1.04304545232502,0.260275181405255));
#2201=CARTESIAN_POINT('Ctrl Pts',(-45.7742811241854,0.822022329765141,0.248051963330007));
#2202=CARTESIAN_POINT('Ctrl Pts',(-46.4194645214031,2.5561120711279,0.140170041438814));
#2203=CARTESIAN_POINT('Ctrl Pts',(-46.324306463007,2.42477267436192,0.120989705577816));
#2204=CARTESIAN_POINT('Ctrl Pts',(-46.111662729269,2.1489305611006,0.0775862233846607));
#2205=CARTESIAN_POINT('Ctrl Pts',(-45.7712840711383,1.62928130422247,0.0491841936026863));
#2206=CARTESIAN_POINT('Ctrl Pts',(-45.5272635467188,1.27959394304374,0.0510656761386581));
#2207=CARTESIAN_POINT('Ctrl Pts',(-45.3754702562278,1.10309945830075,0.0459537489146213));
#2208=CARTESIAN_POINT('Ctrl Pts',(-45.8853130712479,2.72543035100136,0.));
#2209=CARTESIAN_POINT('Ctrl Pts',(-45.8210066465988,2.56968433614509,0.));
#2210=CARTESIAN_POINT('Ctrl Pts',(-45.6826995761614,2.25521213906518,8.31702016178942E-18));
#2211=CARTESIAN_POINT('Ctrl Pts',(-45.425864034006,1.77023288441109,-2.9109570566263E-17));
#2212=CARTESIAN_POINT('Ctrl Pts',(-45.2094270143365,1.45657321432522,6.23776512134206E-17));
#2213=CARTESIAN_POINT('Ctrl Pts',(-45.0901610139529,1.30418199893966,6.93889390390723E-17));
#2214=CARTESIAN_POINT('Ctrl Pts',(-45.6409928704269,2.80287631904904,0.));
#2215=CARTESIAN_POINT('Ctrl Pts',(-45.5883876513141,2.63692167968089,0.));
#2216=CARTESIAN_POINT('Ctrl Pts',(-45.4661816959724,2.31040013411502,-7.30426764093529E-33));
#2217=CARTESIAN_POINT('Ctrl Pts',(-45.2338032493267,1.84190302749625,2.55649367432735E-32));
#2218=CARTESIAN_POINT('Ctrl Pts',(-45.047792054798,1.54702940922957,-5.47820073070147E-32));
#2219=CARTESIAN_POINT('Ctrl Pts',(-44.9474997095759,1.40472797952634,0.));
#2220=CARTESIAN_POINT('',(-47.3545816886612,2.25969346139793,1.0625449954964));
#2221=CARTESIAN_POINT('',(-46.1034624097094,0.590019297910491,0.585786437626904));
#2222=CARTESIAN_POINT('Ctrl Pts',(-47.3545816886612,2.25969346139793,1.0625449954964));
#2223=CARTESIAN_POINT('Ctrl Pts',(-47.267924954465,2.15764478737387,0.974345700264781));
#2224=CARTESIAN_POINT('Ctrl Pts',(-47.0816580838221,1.94622718770218,0.828899550962303));
#2225=CARTESIAN_POINT('Ctrl Pts',(-46.6558680772392,1.40334003947845,0.627595421923862));
#2226=CARTESIAN_POINT('Ctrl Pts',(-46.2926819983916,0.858496597326848,0.585786437626905));
#2227=CARTESIAN_POINT('Ctrl Pts',(-46.1034624097094,0.59001929791049,0.585786437626905));
#2228=CARTESIAN_POINT('',(-45.6409928704269,2.80287631904904,0.));
#2229=CARTESIAN_POINT('Ctrl Pts',(-47.3545816886612,2.25969346139793,1.0625449954964));
#2230=CARTESIAN_POINT('Ctrl Pts',(-47.2558815034442,2.29097999179912,0.886146405033163));
#2231=CARTESIAN_POINT('Ctrl Pts',(-47.0277331011899,2.3632997337269,0.580964954376461));
#2232=CARTESIAN_POINT('Ctrl Pts',(-46.4194645214031,2.5561120711279,0.140170041438814));
#2233=CARTESIAN_POINT('Ctrl Pts',(-45.8853130712479,2.72543035100136,0.));
#2234=CARTESIAN_POINT('Ctrl Pts',(-45.6409928704269,2.80287631904904,0.));
#2235=CARTESIAN_POINT('',(-44.9474997095759,1.40472797952634,0.));
#2236=CARTESIAN_POINT('Origin',(-40.7753357759487,4.34521920598053,0.));
#2237=CARTESIAN_POINT('Origin',(-44.9474997095759,1.40472797952634,2.));
#2238=CARTESIAN_POINT('Ctrl Pts',(-47.3545816886612,2.25969346139793,1.0625449954964));
#2239=CARTESIAN_POINT('Ctrl Pts',(-47.2558815034442,2.29097999179912,0.886146405033163));
#2240=CARTESIAN_POINT('Ctrl Pts',(-47.0277331011899,2.3632997337269,0.580964954376461));
#2241=CARTESIAN_POINT('Ctrl Pts',(-46.4194645214031,2.5561120711279,0.140170041438814));
#2242=CARTESIAN_POINT('Ctrl Pts',(-45.8853130712479,2.72543035100136,0.));
#2243=CARTESIAN_POINT('Ctrl Pts',(-45.6409928704269,2.80287631904904,0.));
#2244=CARTESIAN_POINT('Ctrl Pts',(-47.3425382376404,2.39302866582319,0.974345700264782));
#2245=CARTESIAN_POINT('Ctrl Pts',(-47.2434045524377,2.42745569135217,0.815109994153386));
#2246=CARTESIAN_POINT('Ctrl Pts',(-47.0150187424632,2.50627135102964,0.532933114022711));
#2247=CARTESIAN_POINT('Ctrl Pts',(-46.4173461572329,2.7182866861384,0.120989705577816));
#2248=CARTESIAN_POINT('Ctrl Pts',(-45.9224728069168,2.88978147341847,0.));
#2249=CARTESIAN_POINT('Ctrl Pts',(-45.6935980895397,2.96883095841718,0.));
#2250=CARTESIAN_POINT('Ctrl Pts',(-47.3120804609785,2.67314484241939,0.828899550962302));
#2251=CARTESIAN_POINT('Ctrl Pts',(-47.2121652748395,2.71317418077244,0.693121684419451));
#2252=CARTESIAN_POINT('Ctrl Pts',(-46.9797932116832,2.80722600401342,0.440366356939099));
#2253=CARTESIAN_POINT('Ctrl Pts',(-46.4024422836245,3.06625809803597,0.0775862233846608));
#2254=CARTESIAN_POINT('Ctrl Pts',(-45.9905851607086,3.2265043798715,0.));
#2255=CARTESIAN_POINT('Ctrl Pts',(-45.781812780105,3.30612724302193,0.));
#2256=CARTESIAN_POINT('Ctrl Pts',(-47.2767940698481,3.362186536378,0.627595421923863));
#2257=CARTESIAN_POINT('Ctrl Pts',(-47.1696160636089,3.40954983974141,0.507554648148569));
#2258=CARTESIAN_POINT('Ctrl Pts',(-46.9173308204203,3.52210708656288,0.283679859193874));
#2259=CARTESIAN_POINT('Ctrl Pts',(-46.4235831700143,3.68710110879441,0.0491841936026859));
#2260=CARTESIAN_POINT('Ctrl Pts',(-46.0600403724131,3.77088048765563,0.));
#2261=CARTESIAN_POINT('Ctrl Pts',(-45.8617638189333,3.8229416321075,0.));
#2262=CARTESIAN_POINT('Ctrl Pts',(-47.2938064382252,4.01676203519112,0.585786437626906));
#2263=CARTESIAN_POINT('Ctrl Pts',(-47.1772493241068,4.03066639551118,0.469229323508554));
#2264=CARTESIAN_POINT('Ctrl Pts',(-46.9105361238567,4.06110789415084,0.260275181405256));
#2265=CARTESIAN_POINT('Ctrl Pts',(-46.4255734668002,4.1135085496591,0.0510656761386579));
#2266=CARTESIAN_POINT('Ctrl Pts',(-46.0638220746737,4.15194881597719,-6.93889390390723E-17));
#2267=CARTESIAN_POINT('Ctrl Pts',(-45.8795928758521,4.17112655419501,0.));
#2268=CARTESIAN_POINT('Ctrl Pts',(-47.2938064382252,4.34521920598054,0.585786437626906));
#2269=CARTESIAN_POINT('Ctrl Pts',(-47.1703930232763,4.34521920598054,0.462373022678062));
#2270=CARTESIAN_POINT('Ctrl Pts',(-46.8910835489713,4.34521920598054,0.248051963330007));
#2271=CARTESIAN_POINT('Ctrl Pts',(-46.4031752987983,4.34521920598054,0.0459537489146209));
#2272=CARTESIAN_POINT('Ctrl Pts',(-46.0541258010515,4.34521920598054,-6.93889390390723E-17));
#2273=CARTESIAN_POINT('Ctrl Pts',(-45.8795928758521,4.34521920598054,0.));
#2274=CARTESIAN_POINT('',(-47.2938064382252,4.34521920598054,0.585786437626906));
#2275=CARTESIAN_POINT('Ctrl Pts',(-47.3545816886612,2.25969346139793,1.0625449954964));
#2276=CARTESIAN_POINT('Ctrl Pts',(-47.3425382376404,2.39302866582319,0.974345700264782));
#2277=CARTESIAN_POINT('Ctrl Pts',(-47.3120804609785,2.67314484241939,0.828899550962302));
#2278=CARTESIAN_POINT('Ctrl Pts',(-47.2767940698481,3.36218653637801,0.627595421923864));
#2279=CARTESIAN_POINT('Ctrl Pts',(-47.2938064382252,4.01676203519112,0.585786437626907));
#2280=CARTESIAN_POINT('Ctrl Pts',(-47.2938064382252,4.34521920598054,0.585786437626907));
#2281=CARTESIAN_POINT('',(-45.8795928758521,4.34521920598054,0.));
#2282=CARTESIAN_POINT('Origin',(-45.8795928758521,4.34521920598054,2.));
#2283=CARTESIAN_POINT('Origin',(-40.7753357759487,4.34521920598053,0.));
#2284=CARTESIAN_POINT('Ctrl Pts',(-47.3545816886612,2.25969346139793,1.0625449954964));
#2285=CARTESIAN_POINT('Ctrl Pts',(-47.3425382376404,2.39302866582319,0.974345700264782));
#2286=CARTESIAN_POINT('Ctrl Pts',(-47.3120804609785,2.67314484241939,0.828899550962302));
#2287=CARTESIAN_POINT('Ctrl Pts',(-47.2767940698481,3.36218653637801,0.627595421923864));
#2288=CARTESIAN_POINT('Ctrl Pts',(-47.2938064382252,4.01676203519112,0.585786437626907));
#2289=CARTESIAN_POINT('Ctrl Pts',(-47.2938064382252,4.34521920598054,0.585786437626907));
#2290=CARTESIAN_POINT('Ctrl Pts',(-47.4412384228574,2.36174213542199,1.15074429072802));
#2291=CARTESIAN_POINT('Ctrl Pts',(-47.4291547893495,2.48549618046711,1.0647530746815));
#2292=CARTESIAN_POINT('Ctrl Pts',(-47.4009789134971,2.75239779302987,0.920413026287481));
#2293=CARTESIAN_POINT('Ctrl Pts',(-47.3864286572682,3.42969424137934,0.73284531666348));
#2294=CARTESIAN_POINT('Ctrl Pts',(-47.4103635523435,4.03935291606989,0.702343551745259));
#2295=CARTESIAN_POINT('Ctrl Pts',(-47.417219853174,4.34521920598054,0.709199852575751));
#2296=CARTESIAN_POINT('Ctrl Pts',(-47.5941897546396,2.54554011569726,1.34578831811931));
#2297=CARTESIAN_POINT('Ctrl Pts',(-47.5845211648292,2.65930580983606,1.26278290362407));
#2298=CARTESIAN_POINT('Ctrl Pts',(-47.5673765049573,2.91490104639171,1.1249916647542));
#2299=CARTESIAN_POINT('Ctrl Pts',(-47.5944769609056,3.57799233848201,0.980282225947146));
#2300=CARTESIAN_POINT('Ctrl Pts',(-47.6193176944468,4.08448839098171,0.969056751995406));
#2301=CARTESIAN_POINT('Ctrl Pts',(-47.6315409125221,4.34521920598054,0.988509326880752));
#2302=CARTESIAN_POINT('Ctrl Pts',(-47.8090473795289,2.87202151174413,1.86654592816965));
#2303=CARTESIAN_POINT('Ctrl Pts',(-47.8080188189188,2.98451172322425,1.78004305952313));
#2304=CARTESIAN_POINT('Ctrl Pts',(-47.813852086695,3.2499558230545,1.63892505134358));
#2305=CARTESIAN_POINT('Ctrl Pts',(-47.826141317841,3.77877202025551,1.47416515501545));
#2306=CARTESIAN_POINT('Ctrl Pts',(-47.8285271997134,4.14896188294119,1.45401940905186));
#2307=CARTESIAN_POINT('Ctrl Pts',(-47.8336391269374,4.34521920598054,1.47641757705376));
#2308=CARTESIAN_POINT('Ctrl Pts',(-47.8795928758521,3.09443135301,2.28852206234863));
#2309=CARTESIAN_POINT('Ctrl Pts',(-47.8795928758521,3.19790371566088,2.18661981308367));
#2310=CARTESIAN_POINT('Ctrl Pts',(-47.8795928758521,3.43499389717998,2.00875578367718));
#2311=CARTESIAN_POINT('Ctrl Pts',(-47.8795928758521,3.87015668194361,1.8397012319148));
#2312=CARTESIAN_POINT('Ctrl Pts',(-47.8795928758521,4.18597505331739,1.81577080117838));
#2313=CARTESIAN_POINT('Ctrl Pts',(-47.8795928758521,4.34521920598054,1.82546707480057));
#2314=CARTESIAN_POINT('Ctrl Pts',(-47.8795928758521,3.20113766209976,2.47389409193617));
#2315=CARTESIAN_POINT('Ctrl Pts',(-47.8795928758521,3.30097761135986,2.37405414267607));
#2316=CARTESIAN_POINT('Ctrl Pts',(-47.8795928758521,3.52693557349902,2.20067101654226));
#2317=CARTESIAN_POINT('Ctrl Pts',(-47.8795928758521,3.92164740414603,2.03717602305916));
#2318=CARTESIAN_POINT('Ctrl Pts',(-47.8795928758521,4.20402419567027,2.));
#2319=CARTESIAN_POINT('Ctrl Pts',(-47.8795928758521,4.34521920598054,2.));
#2320=CARTESIAN_POINT('',(-47.8795928758521,3.20113766209976,2.47389409193617));
#2321=CARTESIAN_POINT('Ctrl Pts',(-47.3545816886612,2.25969346139793,1.0625449954964));
#2322=CARTESIAN_POINT('Ctrl Pts',(-47.4412384228574,2.36174213542199,1.15074429072802));
#2323=CARTESIAN_POINT('Ctrl Pts',(-47.5941897546396,2.54554011569726,1.34578831811931));
#2324=CARTESIAN_POINT('Ctrl Pts',(-47.8090473795289,2.87202151174413,1.86654592816965));
#2325=CARTESIAN_POINT('Ctrl Pts',(-47.8795928758521,3.09443135301,2.28852206234863));
#2326=CARTESIAN_POINT('Ctrl Pts',(-47.8795928758521,3.20113766209976,2.47389409193617));
#2327=CARTESIAN_POINT('',(-47.8795928758521,4.34521920598054,2.));
#2328=CARTESIAN_POINT('Origin',(-47.8795928758521,4.34521920598054,3.61797563581695));
#2329=CARTESIAN_POINT('Origin',(-45.8795928758521,4.34521920598054,2.));
#2330=CARTESIAN_POINT('Ctrl Pts',(-47.3545816886612,2.25969346139793,1.0625449954964));
#2331=CARTESIAN_POINT('Ctrl Pts',(-47.4412384228574,2.36174213542199,1.15074429072802));
#2332=CARTESIAN_POINT('Ctrl Pts',(-47.5941897546396,2.54554011569726,1.34578831811931));
#2333=CARTESIAN_POINT('Ctrl Pts',(-47.8090473795289,2.87202151174413,1.86654592816965));
#2334=CARTESIAN_POINT('Ctrl Pts',(-47.8795928758521,3.09443135301,2.28852206234863));
#2335=CARTESIAN_POINT('Ctrl Pts',(-47.8795928758521,3.20113766209976,2.47389409193617));
#2336=CARTESIAN_POINT('Ctrl Pts',(-47.4532818738781,2.22840693099674,1.23894358595964));
#2337=CARTESIAN_POINT('Ctrl Pts',(-47.5240449323666,2.32289669166654,1.32470592215829));
#2338=CARTESIAN_POINT('Ctrl Pts',(-47.6515638005099,2.49626245992408,1.51830896806506));
#2339=CARTESIAN_POINT('Ctrl Pts',(-47.8285238273597,2.80116658685134,2.0337102470535));
#2340=CARTESIAN_POINT('Ctrl Pts',(-47.8795928758521,3.00281524692465,2.41102120378998));
#2341=CARTESIAN_POINT('Ctrl Pts',(-47.8795928758521,3.10129771283966,2.57373404119627));
#2342=CARTESIAN_POINT('Ctrl Pts',(-47.6107002294486,2.17850759031732,1.61594820262061));
#2343=CARTESIAN_POINT('Ctrl Pts',(-47.6590703349408,2.25916335761459,1.70010254833903));
#2344=CARTESIAN_POINT('Ctrl Pts',(-47.7480637867782,2.41309338765551,1.90053378484249));
#2345=CARTESIAN_POINT('Ctrl Pts',(-47.860111117559,2.67875593940062,2.40967780203688));
#2346=CARTESIAN_POINT('Ctrl Pts',(-47.8795928758521,2.84372370637565,2.67893419177473));
#2347=CARTESIAN_POINT('Ctrl Pts',(-47.8795928758521,2.92791458670585,2.79969200333543));
#2348=CARTESIAN_POINT('Ctrl Pts',(-47.7713167615148,2.12759447397031,2.58018792019354));
#2349=CARTESIAN_POINT('Ctrl Pts',(-47.7960160801866,2.19449351126303,2.65043026609379));
#2350=CARTESIAN_POINT('Ctrl Pts',(-47.8381696400613,2.33027692822276,2.81643399959201));
#2351=CARTESIAN_POINT('Ctrl Pts',(-47.8733101784593,2.54463351718564,3.04553512697706));
#2352=CARTESIAN_POINT('Ctrl Pts',(-47.8795928758521,2.68880539454443,3.13894136936454));
#2353=CARTESIAN_POINT('Ctrl Pts',(-47.8795928758521,2.76441959322274,3.19440383398244));
#2354=CARTESIAN_POINT('Ctrl Pts',(-47.7861022852509,2.12290767691061,3.29168212982741));
#2355=CARTESIAN_POINT('Ctrl Pts',(-47.8055694499988,2.18432109481387,3.30980954682683));
#2356=CARTESIAN_POINT('Ctrl Pts',(-47.8393518295767,2.3114451498249,3.35037570249951));
#2357=CARTESIAN_POINT('Ctrl Pts',(-47.8718305669094,2.5137702819687,3.41707343036476));
#2358=CARTESIAN_POINT('Ctrl Pts',(-47.8795928758521,2.65523917768223,3.45743366724701));
#2359=CARTESIAN_POINT('Ctrl Pts',(-47.8795928758521,2.72724357016359,3.47678062550668));
#2360=CARTESIAN_POINT('Ctrl Pts',(-47.7861022852509,2.12290767691061,3.61797563581695));
#2361=CARTESIAN_POINT('Ctrl Pts',(-47.8067145773369,2.18793364880818,3.61797563581695));
#2362=CARTESIAN_POINT('Ctrl Pts',(-47.841279721231,2.32009638199461,3.61797563581695));
#2363=CARTESIAN_POINT('Ctrl Pts',(-47.8726069201802,2.52259965679844,3.61797563581695));
#2364=CARTESIAN_POINT('Ctrl Pts',(-47.8795928758521,2.65902888254967,3.61797563581695));
#2365=CARTESIAN_POINT('Ctrl Pts',(-47.8795928758521,2.72724357016359,3.61797563581695));
#2366=CARTESIAN_POINT('',(-47.7861022852509,2.12290767691061,3.61797563581695));
#2367=CARTESIAN_POINT('Ctrl Pts',(-47.3545816886612,2.25969346139793,1.0625449954964));
#2368=CARTESIAN_POINT('Ctrl Pts',(-47.4532818738781,2.22840693099674,1.23894358595964));
#2369=CARTESIAN_POINT('Ctrl Pts',(-47.6107002294486,2.17850759031732,1.61594820262061));
#2370=CARTESIAN_POINT('Ctrl Pts',(-47.7713167615148,2.12759447397031,2.58018792019354));
#2371=CARTESIAN_POINT('Ctrl Pts',(-47.7861022852509,2.12290767691061,3.29168212982741));
#2372=CARTESIAN_POINT('Ctrl Pts',(-47.7861022852509,2.12290767691061,3.61797563581695));
#2373=CARTESIAN_POINT('',(-47.8795928758521,2.72724357016359,3.61797563581695));
#2374=CARTESIAN_POINT('Origin',(-45.8795928758521,2.72724357016359,3.61797563581695));
#2375=CARTESIAN_POINT('Origin',(-47.8795928758521,4.34521920598054,3.61797563581695));
#2376=CARTESIAN_POINT('Ctrl Pts',(-47.3545816886612,2.25969346139793,1.0625449954964));
#2377=CARTESIAN_POINT('Ctrl Pts',(-47.4532818738781,2.22840693099674,1.23894358595964));
#2378=CARTESIAN_POINT('Ctrl Pts',(-47.6107002294486,2.17850759031732,1.61594820262061));
#2379=CARTESIAN_POINT('Ctrl Pts',(-47.7713167615148,2.12759447397031,2.58018792019354));
#2380=CARTESIAN_POINT('Ctrl Pts',(-47.7861022852509,2.12290767691061,3.29168212982741));
#2381=CARTESIAN_POINT('Ctrl Pts',(-47.7861022852509,2.12290767691061,3.61797563581695));
#2382=CARTESIAN_POINT('Ctrl Pts',(-47.366625139682,2.12635825697267,1.15074429072802));
#2383=CARTESIAN_POINT('Ctrl Pts',(-47.4566885925993,2.11040642427901,1.32470592215829));
#2384=CARTESIAN_POINT('Ctrl Pts',(-47.6037727636474,2.08471510596379,1.70010254833903));
#2385=CARTESIAN_POINT('Ctrl Pts',(-47.7529661134505,2.05868299996801,2.65043026609379));
#2386=CARTESIAN_POINT('Ctrl Pts',(-47.7666351205029,2.06149425900735,3.30980954682683));
#2387=CARTESIAN_POINT('Ctrl Pts',(-47.7654899931648,2.05788170501304,3.61797563581695));
#2388=CARTESIAN_POINT('Ctrl Pts',(-47.3857624361995,1.88801067185963,1.34578831811931));
#2389=CARTESIAN_POINT('Ctrl Pts',(-47.4610475231077,1.89523730228217,1.51830896806506));
#2390=CARTESIAN_POINT('Ctrl Pts',(-47.5878380975155,1.90762649810436,1.90053378484249));
#2391=CARTESIAN_POINT('Ctrl Pts',(-47.7091990422171,1.92341104275952,2.81643399959201));
#2392=CARTESIAN_POINT('Ctrl Pts',(-47.721014075519,1.93812288961007,3.35037570249951));
#2393=CARTESIAN_POINT('Ctrl Pts',(-47.7176060590487,1.92994083558777,3.61797563581695));
#2394=CARTESIAN_POINT('Ctrl Pts',(-47.3733033366668,1.49737187222931,1.86654592816965));
#2395=CARTESIAN_POINT('Ctrl Pts',(-47.4300417047632,1.5440678033949,2.03371024705349));
#2396=CARTESIAN_POINT('Ctrl Pts',(-47.5263798746789,1.62592793122728,2.40967780203688));
#2397=CARTESIAN_POINT('Ctrl Pts',(-47.614434696927,1.72795433775191,3.04553512697706));
#2398=CARTESIAN_POINT('Ctrl Pts',(-47.6310051573829,1.75403399224873,3.41707343036476));
#2399=CARTESIAN_POINT('Ctrl Pts',(-47.6265532605327,1.74636971154402,3.61797563581695));
#2400=CARTESIAN_POINT('Ctrl Pts',(-47.3028392506225,1.27493622508314,2.28852206234863));
#2401=CARTESIAN_POINT('Ctrl Pts',(-47.3556180097784,1.34982222828935,2.41102120378998));
#2402=CARTESIAN_POINT('Ctrl Pts',(-47.4472684243307,1.47986191371904,2.67893419177473));
#2403=CARTESIAN_POINT('Ctrl Pts',(-47.5365147001041,1.60649044763299,3.13894136936454));
#2404=CARTESIAN_POINT('Ctrl Pts',(-47.5558517288346,1.63392710621812,3.45743366724701));
#2405=CARTESIAN_POINT('Ctrl Pts',(-47.5536685327896,1.63082944290345,3.61797563581695));
#2406=CARTESIAN_POINT('Ctrl Pts',(-47.2413672362736,1.18771565496663,2.47389409193617));
#2407=CARTESIAN_POINT('Ctrl Pts',(-47.2988836366239,1.26932373764845,2.57373404119627));
#2408=CARTESIAN_POINT('Ctrl Pts',(-47.3987672340276,1.4110452088433,2.79969200333543));
#2409=CARTESIAN_POINT('Ctrl Pts',(-47.4929544163141,1.54468422854544,3.19440383398244));
#2410=CARTESIAN_POINT('Ctrl Pts',(-47.5143710039782,1.57507150323935,3.47678062550668));
#2411=CARTESIAN_POINT('Ctrl Pts',(-47.5143710039782,1.57507150323935,3.61797563581695));
#2412=CARTESIAN_POINT('',(-47.2413672362736,1.18771565496663,2.47389409193617));
#2413=CARTESIAN_POINT('Ctrl Pts',(-47.3545816894151,2.25969346115894,1.06254499684388));
#2414=CARTESIAN_POINT('Ctrl Pts',(-47.3666251403699,2.12635825685082,1.15074429205688));
#2415=CARTESIAN_POINT('Ctrl Pts',(-47.3857624367746,1.88801067191483,1.34578831943716));
#2416=CARTESIAN_POINT('Ctrl Pts',(-47.3733033371002,1.49737187258601,1.86654592944659));
#2417=CARTESIAN_POINT('Ctrl Pts',(-47.3028392510256,1.27493622565518,2.28852206328437));
#2418=CARTESIAN_POINT('Ctrl Pts',(-47.2413672367129,1.18771565559002,2.47389409269883));
#2419=CARTESIAN_POINT('',(-47.5143710039782,1.57507150323935,3.61797563581695));
#2420=CARTESIAN_POINT('Origin',(-46.5822778377021,0.252555912602103,3.61797563581695));
#2421=CARTESIAN_POINT('Origin',(-45.8795928758521,2.72724357016359,3.61797563581695));
#2422=CARTESIAN_POINT('Ctrl Pts',(44.2227244209366,30.5721500945176,1.0976827032111));
#2423=CARTESIAN_POINT('Ctrl Pts',(44.033253278382,30.6668856657948,1.00294713193382));
#2424=CARTESIAN_POINT('Ctrl Pts',(43.6234290226221,30.8241058599274,0.845726937801265));
#2425=CARTESIAN_POINT('Ctrl Pts',(42.5462017585857,31.0373503355792,0.632482462149417));
#2426=CARTESIAN_POINT('Ctrl Pts',(41.7089283823078,31.0840463601017,0.585786437626906));
#2427=CARTESIAN_POINT('Ctrl Pts',(41.3207091469522,31.0840463601017,0.585786437626906));
#2428=CARTESIAN_POINT('Ctrl Pts',(44.1279888496593,30.4774145232403,0.908211560656543));
#2429=CARTESIAN_POINT('Ctrl Pts',(43.9401671690872,30.5709773127582,0.832878876569509));
#2430=CARTESIAN_POINT('Ctrl Pts',(43.5305351045171,30.7287244945451,0.702939594727844));
#2431=CARTESIAN_POINT('Ctrl Pts',(42.4650636770358,30.9308996228088,0.510346287192371));
#2432=CARTESIAN_POINT('Ctrl Pts',(41.6873606470103,30.9674892459833,0.469229323508554));
#2433=CARTESIAN_POINT('Ctrl Pts',(41.3207091469522,30.9606329451528,0.462373022678063));
#2434=CARTESIAN_POINT('Ctrl Pts',(43.9188486393975,30.2682743129785,0.585314054408212));
#2435=CARTESIAN_POINT('Ctrl Pts',(43.7310720239057,30.3609339933808,0.535686319483101));
#2436=CARTESIAN_POINT('Ctrl Pts',(43.3111030952347,30.515832521477,0.440603600212134));
#2437=CARTESIAN_POINT('Ctrl Pts',(42.2749888571974,30.6815360879575,0.284053478796305));
#2438=CARTESIAN_POINT('Ctrl Pts',(41.6403751381297,30.7007760457332,0.260275181405255));
#2439=CARTESIAN_POINT('Ctrl Pts',(41.3207091469522,30.6813234708478,0.248051963330006));
#2440=CARTESIAN_POINT('Ctrl Pts',(43.3693051962719,29.7187308698528,0.136996383953707));
#2441=CARTESIAN_POINT('Ctrl Pts',(43.1829310376372,29.820862161726,0.118210903505448));
#2442=CARTESIAN_POINT('Ctrl Pts',(42.7585564159862,29.9901601035732,0.0762812564620466));
#2443=CARTESIAN_POINT('Ctrl Pts',(42.0160345812812,30.186314943826,0.0494348658534263));
#2444=CARTESIAN_POINT('Ctrl Pts',(41.5646741313238,30.2158133886767,0.0510656761386585));
#2445=CARTESIAN_POINT('Ctrl Pts',(41.3207091469522,30.1934152206748,0.0459537489146217));
#2446=CARTESIAN_POINT('Ctrl Pts',(42.9288363356046,29.2782620091854,0.));
#2447=CARTESIAN_POINT('Ctrl Pts',(42.7845712394978,29.4009574176641,0.));
#2448=CARTESIAN_POINT('Ctrl Pts',(42.4655084106266,29.6152822225927,8.38296538423055E-18));
#2449=CARTESIAN_POINT('Ctrl Pts',(41.9086275775882,29.820749610792,-2.93403788448069E-17));
#2450=CARTESIAN_POINT('Ctrl Pts',(41.5178725092618,29.8540619965502,6.28722403817292E-17));
#2451=CARTESIAN_POINT('Ctrl Pts',(41.3207091469522,29.844365722928,6.93889390390723E-17));
#2452=CARTESIAN_POINT('Ctrl Pts',(42.7347091469523,29.084134820533,0.));
#2453=CARTESIAN_POINT('Ctrl Pts',(42.6113143688362,29.207529598649,0.));
#2454=CARTESIAN_POINT('Ctrl Pts',(42.3320470734466,29.4218182930734,-7.30426764093529E-33));
#2455=CARTESIAN_POINT('Ctrl Pts',(41.8442125029826,29.623885988354,2.55649367432735E-32));
#2456=CARTESIAN_POINT('Ctrl Pts',(41.4952157156899,29.6698327977286,-5.47820073070147E-32));
#2457=CARTESIAN_POINT('Ctrl Pts',(41.3207091469522,29.6698327977286,0.));
#2458=CARTESIAN_POINT('',(44.2227244209366,30.5721500945176,1.0976827032111));
#2459=CARTESIAN_POINT('',(41.3207091469522,31.0840463601017,0.585786437626904));
#2460=CARTESIAN_POINT('Ctrl Pts',(44.2227244209366,30.5721500945176,1.0976827032111));
#2461=CARTESIAN_POINT('Ctrl Pts',(44.033253278382,30.6668856657948,1.00294713193382));
#2462=CARTESIAN_POINT('Ctrl Pts',(43.6234290226221,30.8241058599274,0.845726937801265));
#2463=CARTESIAN_POINT('Ctrl Pts',(42.5462017585857,31.0373503355792,0.632482462149417));
#2464=CARTESIAN_POINT('Ctrl Pts',(41.7089283823078,31.0840463601017,0.585786437626906));
#2465=CARTESIAN_POINT('Ctrl Pts',(41.3207091469522,31.0840463601017,0.585786437626906));
#2466=CARTESIAN_POINT('',(42.7347091469523,29.084134820533,0.));
#2467=CARTESIAN_POINT('Ctrl Pts',(44.2227244209366,30.5721500945176,1.0976827032111));
#2468=CARTESIAN_POINT('Ctrl Pts',(44.1279888496593,30.4774145232403,0.908211560656543));
#2469=CARTESIAN_POINT('Ctrl Pts',(43.9188486393975,30.2682743129785,0.585314054408212));
#2470=CARTESIAN_POINT('Ctrl Pts',(43.3693051962719,29.7187308698528,0.136996383953707));
#2471=CARTESIAN_POINT('Ctrl Pts',(42.9288363356046,29.2782620091854,0.));
#2472=CARTESIAN_POINT('Ctrl Pts',(42.7347091469523,29.084134820533,0.));
#2473=CARTESIAN_POINT('',(41.3207091469522,29.6698327977286,0.));
#2474=CARTESIAN_POINT('Origin',(41.3207091469522,27.6701348205328,0.));
#2475=CARTESIAN_POINT('Origin',(41.3207091469522,29.6698327977286,2.));
#2476=CARTESIAN_POINT('Ctrl Pts',(44.2227244209366,30.5721500945176,1.0976827032111));
#2477=CARTESIAN_POINT('Ctrl Pts',(44.1279888496593,30.4774145232403,0.908211560656543));
#2478=CARTESIAN_POINT('Ctrl Pts',(43.9188486393975,30.2682743129785,0.585314054408212));
#2479=CARTESIAN_POINT('Ctrl Pts',(43.3693051962719,29.7187308698528,0.136996383953707));
#2480=CARTESIAN_POINT('Ctrl Pts',(42.9288363356046,29.2782620091854,0.));
#2481=CARTESIAN_POINT('Ctrl Pts',(42.7347091469523,29.084134820533,0.));
#2482=CARTESIAN_POINT('Ctrl Pts',(44.3174599922139,30.382678951963,1.00294713193382));
#2483=CARTESIAN_POINT('Ctrl Pts',(44.2215516391773,30.2895928426682,0.832878876569509));
#2484=CARTESIAN_POINT('Ctrl Pts',(44.0115083197999,30.0804976974866,0.535686319483101));
#2485=CARTESIAN_POINT('Ctrl Pts',(43.4714364881451,29.5323567112181,0.118210903505448));
#2486=CARTESIAN_POINT('Ctrl Pts',(43.0515317440833,29.1339969130786,0.));
#2487=CARTESIAN_POINT('Ctrl Pts',(42.8581039250683,28.960740042417,0.));
#2488=CARTESIAN_POINT('Ctrl Pts',(44.4746801863465,29.9728546962031,0.845726937801264));
#2489=CARTESIAN_POINT('Ctrl Pts',(44.3792988209642,29.8799607780981,0.702939594727843));
#2490=CARTESIAN_POINT('Ctrl Pts',(44.1664068478961,29.6605287688157,0.440603600212135));
#2491=CARTESIAN_POINT('Ctrl Pts',(43.6407344299925,29.1079820895671,0.0762812564620463));
#2492=CARTESIAN_POINT('Ctrl Pts',(43.2658565490119,28.8149340842074,0.));
#2493=CARTESIAN_POINT('Ctrl Pts',(43.0723926194926,28.6814727470274,0.));
#2494=CARTESIAN_POINT('Ctrl Pts',(44.6879246619984,28.8956274321667,0.632482462149417));
#2495=CARTESIAN_POINT('Ctrl Pts',(44.581473949228,28.8144893506168,0.510346287192371));
#2496=CARTESIAN_POINT('Ctrl Pts',(44.3321104143768,28.6244145307784,0.284053478796303));
#2497=CARTESIAN_POINT('Ctrl Pts',(43.8368892702452,28.3654602548621,0.0494348658534265));
#2498=CARTESIAN_POINT('Ctrl Pts',(43.4713239372113,28.2580532511691,0.));
#2499=CARTESIAN_POINT('Ctrl Pts',(43.2744603147733,28.1936381765634,0.));
#2500=CARTESIAN_POINT('Ctrl Pts',(44.734620686521,28.0583540558889,0.585786437626904));
#2501=CARTESIAN_POINT('Ctrl Pts',(44.6180635724027,28.0367863205913,0.469229323508552));
#2502=CARTESIAN_POINT('Ctrl Pts',(44.3513503721525,27.9898008117107,0.260275181405255));
#2503=CARTESIAN_POINT('Ctrl Pts',(43.8663877150961,27.9140998049047,0.0510656761386579));
#2504=CARTESIAN_POINT('Ctrl Pts',(43.5046363229696,27.8672981828427,-6.93889390390723E-17));
#2505=CARTESIAN_POINT('Ctrl Pts',(43.3204071241479,27.8446413892707,0.));
#2506=CARTESIAN_POINT('Ctrl Pts',(44.734620686521,27.6701348205332,0.585786437626904));
#2507=CARTESIAN_POINT('Ctrl Pts',(44.6112072715722,27.6701348205332,0.462373022678061));
#2508=CARTESIAN_POINT('Ctrl Pts',(44.3318977972672,27.6701348205332,0.248051963330006));
#2509=CARTESIAN_POINT('Ctrl Pts',(43.8439895470942,27.6701348205331,0.045953748914621));
#2510=CARTESIAN_POINT('Ctrl Pts',(43.4949400493474,27.6701348205331,-6.93889390390723E-17));
#2511=CARTESIAN_POINT('Ctrl Pts',(43.320407124148,27.6701348205331,0.));
#2512=CARTESIAN_POINT('',(44.734620686521,27.6701348205332,0.585786437626904));
#2513=CARTESIAN_POINT('Ctrl Pts',(44.2227244209366,30.5721500945176,1.0976827032111));
#2514=CARTESIAN_POINT('Ctrl Pts',(44.3174599922139,30.382678951963,1.00294713193382));
#2515=CARTESIAN_POINT('Ctrl Pts',(44.4746801863464,29.9728546962031,0.845726937801264));
#2516=CARTESIAN_POINT('Ctrl Pts',(44.6879246619984,28.8956274321667,0.632482462149418));
#2517=CARTESIAN_POINT('Ctrl Pts',(44.734620686521,28.0583540558889,0.585786437626905));
#2518=CARTESIAN_POINT('Ctrl Pts',(44.7346206865211,27.6701348205332,0.585786437626905));
#2519=CARTESIAN_POINT('',(43.320407124148,27.6701348205331,0.));
#2520=CARTESIAN_POINT('Origin',(43.320407124148,27.6701348205331,2.));
#2521=CARTESIAN_POINT('Origin',(41.3207091469522,27.6701348205328,0.));
#2522=CARTESIAN_POINT('Ctrl Pts',(44.2227244209366,30.5721500945176,1.0976827032111));
#2523=CARTESIAN_POINT('Ctrl Pts',(44.3174599922139,30.382678951963,1.00294713193382));
#2524=CARTESIAN_POINT('Ctrl Pts',(44.4746801863464,29.9728546962031,0.845726937801264));
#2525=CARTESIAN_POINT('Ctrl Pts',(44.6879246619984,28.8956274321667,0.632482462149418));
#2526=CARTESIAN_POINT('Ctrl Pts',(44.734620686521,28.0583540558889,0.585786437626905));
#2527=CARTESIAN_POINT('Ctrl Pts',(44.7346206865211,27.6701348205332,0.585786437626905));
#2528=CARTESIAN_POINT('Ctrl Pts',(44.4121955634911,30.4774145232403,1.19241827448838));
#2529=CARTESIAN_POINT('Ctrl Pts',(44.4875282475782,30.2895928426682,1.09885548497041));
#2530=CARTESIAN_POINT('Ctrl Pts',(44.6174675294199,29.8799607780981,0.941108303183555));
#2531=CARTESIAN_POINT('Ctrl Pts',(44.8100608369554,28.8144893506168,0.738933174919826));
#2532=CARTESIAN_POINT('Ctrl Pts',(44.8511778006394,28.0367863205913,0.702343551745257));
#2533=CARTESIAN_POINT('Ctrl Pts',(44.8580341014699,27.6701348205332,0.709199852575748));
#2534=CARTESIAN_POINT('Ctrl Pts',(44.7350930697395,30.2682743129785,1.40155848475018));
#2535=CARTESIAN_POINT('Ctrl Pts',(44.7847208046646,30.0804976974867,1.30889880434783));
#2536=CARTESIAN_POINT('Ctrl Pts',(44.8798035239356,29.6605287688157,1.15400027625161));
#2537=CARTESIAN_POINT('Ctrl Pts',(45.0363536453515,28.6244145307785,0.98829670977105));
#2538=CARTESIAN_POINT('Ctrl Pts',(45.0601319427427,27.9898008117108,0.969056751995403));
#2539=CARTESIAN_POINT('Ctrl Pts',(45.0723551608179,27.6701348205333,0.988509326880749));
#2540=CARTESIAN_POINT('Ctrl Pts',(45.183410740194,29.7187308698529,1.95110192787584));
#2541=CARTESIAN_POINT('Ctrl Pts',(45.2021962206423,29.5323567112183,1.84897063600266));
#2542=CARTESIAN_POINT('Ctrl Pts',(45.2441258676857,29.1079820895672,1.67967269415534));
#2543=CARTESIAN_POINT('Ctrl Pts',(45.2709722582945,28.3654602548623,1.48351785390262));
#2544=CARTESIAN_POINT('Ctrl Pts',(45.2693414480093,27.9140998049049,1.45401940905186));
#2545=CARTESIAN_POINT('Ctrl Pts',(45.2744533752333,27.6701348205333,1.47641757705376));
#2546=CARTESIAN_POINT('Ctrl Pts',(45.3204071241478,29.2782620091856,2.39157078854321));
#2547=CARTESIAN_POINT('Ctrl Pts',(45.3204071241478,29.1339969130789,2.26887538006449));
#2548=CARTESIAN_POINT('Ctrl Pts',(45.3204071241478,28.8149340842076,2.05455057513587));
#2549=CARTESIAN_POINT('Ctrl Pts',(45.3204071241479,28.2580532511693,1.84908318693661));
#2550=CARTESIAN_POINT('Ctrl Pts',(45.3204071241479,27.867298182843,1.81577080117838));
#2551=CARTESIAN_POINT('Ctrl Pts',(45.320407124148,27.6701348205333,1.82546707480057));
#2552=CARTESIAN_POINT('Ctrl Pts',(45.3204071241478,29.0841348205333,2.58569797719554));
#2553=CARTESIAN_POINT('Ctrl Pts',(45.3204071241478,28.9607400424173,2.46230319907955));
#2554=CARTESIAN_POINT('Ctrl Pts',(45.3204071241478,28.6814727470277,2.24801450465519));
#2555=CARTESIAN_POINT('Ctrl Pts',(45.3204071241479,28.1936381765637,2.04594680937456));
#2556=CARTESIAN_POINT('Ctrl Pts',(45.3204071241479,27.844641389271,2.));
#2557=CARTESIAN_POINT('Ctrl Pts',(45.320407124148,27.6701348205333,2.));
#2558=CARTESIAN_POINT('',(45.3204071241478,29.0841348205333,2.58569797719554));
#2559=CARTESIAN_POINT('Ctrl Pts',(44.2227244209366,30.5721500945176,1.0976827032111));
#2560=CARTESIAN_POINT('Ctrl Pts',(44.4121955634911,30.4774145232403,1.19241827448838));
#2561=CARTESIAN_POINT('Ctrl Pts',(44.7350930697395,30.2682743129785,1.40155848475018));
#2562=CARTESIAN_POINT('Ctrl Pts',(45.183410740194,29.7187308698529,1.95110192787584));
#2563=CARTESIAN_POINT('Ctrl Pts',(45.3204071241478,29.2782620091856,2.39157078854321));
#2564=CARTESIAN_POINT('Ctrl Pts',(45.3204071241478,29.0841348205333,2.58569797719554));
#2565=CARTESIAN_POINT('',(45.320407124148,27.6701348205333,2.));
#2566=CARTESIAN_POINT('Origin',(45.320407124148,27.6701348205333,3.99969797719552));
#2567=CARTESIAN_POINT('Origin',(43.320407124148,27.6701348205331,2.));
#2568=CARTESIAN_POINT('Ctrl Pts',(44.2227244209366,30.5721500945176,1.0976827032111));
#2569=CARTESIAN_POINT('Ctrl Pts',(44.4121955634911,30.4774145232403,1.19241827448838));
#2570=CARTESIAN_POINT('Ctrl Pts',(44.7350930697395,30.2682743129785,1.40155848475018));
#2571=CARTESIAN_POINT('Ctrl Pts',(45.183410740194,29.7187308698529,1.95110192787584));
#2572=CARTESIAN_POINT('Ctrl Pts',(45.3204071241478,29.2782620091856,2.39157078854321));
#2573=CARTESIAN_POINT('Ctrl Pts',(45.3204071241478,29.0841348205333,2.58569797719554));
#2574=CARTESIAN_POINT('Ctrl Pts',(44.3174599922138,30.6668856657948,1.28715384576566));
#2575=CARTESIAN_POINT('Ctrl Pts',(44.4875282475782,30.5709773127583,1.38023995506046));
#2576=CARTESIAN_POINT('Ctrl Pts',(44.7847208046645,30.3609339933809,1.58933510024207));
#2577=CARTESIAN_POINT('Ctrl Pts',(45.2021962206423,29.8208621617261,2.13747608651051));
#2578=CARTESIAN_POINT('Ctrl Pts',(45.3204071241477,29.4009574176643,2.53583588464997));
#2579=CARTESIAN_POINT('Ctrl Pts',(45.3204071241478,29.2075295986493,2.70909275531154));
#2580=CARTESIAN_POINT('Ctrl Pts',(44.4746801863464,30.8241058599274,1.69697810152561));
#2581=CARTESIAN_POINT('Ctrl Pts',(44.6174675294198,30.7287244945451,1.78987201963064));
#2582=CARTESIAN_POINT('Ctrl Pts',(44.8798035239355,30.5158325214771,2.009304028913));
#2583=CARTESIAN_POINT('Ctrl Pts',(45.2441258676856,29.9901601035734,2.56185070816158));
#2584=CARTESIAN_POINT('Ctrl Pts',(45.3204071241477,29.6152822225929,2.8548987135212));
#2585=CARTESIAN_POINT('Ctrl Pts',(45.3204071241477,29.4218182930736,2.98836005070117));
#2586=CARTESIAN_POINT('Ctrl Pts',(44.6879246619982,31.0373503355792,2.77420536556207));
#2587=CARTESIAN_POINT('Ctrl Pts',(44.8100608369553,30.9308996228088,2.85534344711193));
#2588=CARTESIAN_POINT('Ctrl Pts',(45.0363536453513,30.6815360879577,3.04541826695032));
#2589=CARTESIAN_POINT('Ctrl Pts',(45.2709722582942,30.1863149438261,3.3043725428665));
#2590=CARTESIAN_POINT('Ctrl Pts',(45.3204071241477,29.8207496107922,3.4117795465595));
#2591=CARTESIAN_POINT('Ctrl Pts',(45.3204071241477,29.6238859883543,3.47619462116515));
#2592=CARTESIAN_POINT('Ctrl Pts',(44.7346206865207,31.0840463601018,3.61147874183988));
#2593=CARTESIAN_POINT('Ctrl Pts',(44.8511778006391,30.9674892459834,3.63304647713742));
#2594=CARTESIAN_POINT('Ctrl Pts',(45.0601319427424,30.7007760457333,3.680031986018));
#2595=CARTESIAN_POINT('Ctrl Pts',(45.269341448009,30.2158133886769,3.75573299282395));
#2596=CARTESIAN_POINT('Ctrl Pts',(45.3204071241477,29.8540619965504,3.80253461488587));
#2597=CARTESIAN_POINT('Ctrl Pts',(45.3204071241477,29.6698327977288,3.82519140845785));
#2598=CARTESIAN_POINT('Ctrl Pts',(44.7346206865207,31.0840463601018,3.99969797719552));
#2599=CARTESIAN_POINT('Ctrl Pts',(44.8580341014696,30.9606329451529,3.99969797719552));
#2600=CARTESIAN_POINT('Ctrl Pts',(45.0723551608176,30.681323470848,3.99969797719552));
#2601=CARTESIAN_POINT('Ctrl Pts',(45.274453375233,30.193415220675,3.99969797719552));
#2602=CARTESIAN_POINT('Ctrl Pts',(45.3204071241477,29.8443657229282,3.99969797719552));
#2603=CARTESIAN_POINT('Ctrl Pts',(45.3204071241477,29.6698327977288,3.99969797719552));
#2604=CARTESIAN_POINT('',(44.7346206865207,31.0840463601018,3.99969797719552));
#2605=CARTESIAN_POINT('Ctrl Pts',(44.2227244209366,30.5721500945176,1.0976827032111));
#2606=CARTESIAN_POINT('Ctrl Pts',(44.3174599922138,30.6668856657948,1.28715384576566));
#2607=CARTESIAN_POINT('Ctrl Pts',(44.4746801863464,30.8241058599274,1.69697810152561));
#2608=CARTESIAN_POINT('Ctrl Pts',(44.6879246619982,31.0373503355792,2.77420536556207));
#2609=CARTESIAN_POINT('Ctrl Pts',(44.7346206865207,31.0840463601018,3.61147874183988));
#2610=CARTESIAN_POINT('Ctrl Pts',(44.7346206865207,31.0840463601018,3.99969797719552));
#2611=CARTESIAN_POINT('',(45.3204071241477,29.6698327977288,3.99969797719552));
#2612=CARTESIAN_POINT('Origin',(43.3204071241477,29.6698327977286,3.99969797719552));
#2613=CARTESIAN_POINT('Origin',(45.320407124148,27.6701348205333,3.99969797719552));
#2614=CARTESIAN_POINT('Ctrl Pts',(44.2227244209366,30.5721500945176,1.0976827032111));
#2615=CARTESIAN_POINT('Ctrl Pts',(44.3174599922138,30.6668856657948,1.28715384576566));
#2616=CARTESIAN_POINT('Ctrl Pts',(44.4746801863464,30.8241058599274,1.69697810152561));
#2617=CARTESIAN_POINT('Ctrl Pts',(44.6879246619982,31.0373503355792,2.77420536556207));
#2618=CARTESIAN_POINT('Ctrl Pts',(44.7346206865207,31.0840463601018,3.61147874183988));
#2619=CARTESIAN_POINT('Ctrl Pts',(44.7346206865207,31.0840463601018,3.99969797719552));
#2620=CARTESIAN_POINT('Ctrl Pts',(44.1279888496593,30.7616212370721,1.19241827448838));
#2621=CARTESIAN_POINT('Ctrl Pts',(44.2215516391773,30.8369539211591,1.38023995506046));
#2622=CARTESIAN_POINT('Ctrl Pts',(44.3792988209641,30.9668932030008,1.78987201963064));
#2623=CARTESIAN_POINT('Ctrl Pts',(44.5814739492278,31.1594865105363,2.85534344711193));
#2624=CARTESIAN_POINT('Ctrl Pts',(44.6180635724024,31.2006034742201,3.63304647713742));
#2625=CARTESIAN_POINT('Ctrl Pts',(44.6112072715719,31.2074597750506,3.99969797719552));
#2626=CARTESIAN_POINT('Ctrl Pts',(43.9188486393975,31.0845187433204,1.40155848475018));
#2627=CARTESIAN_POINT('Ctrl Pts',(44.0115083197998,31.1341464782455,1.58933510024207));
#2628=CARTESIAN_POINT('Ctrl Pts',(44.166406847896,31.2292291975165,2.009304028913));
#2629=CARTESIAN_POINT('Ctrl Pts',(44.3321104143765,31.3857793189323,3.04541826695032));
#2630=CARTESIAN_POINT('Ctrl Pts',(44.3513503721522,31.4095576163234,3.680031986018));
#2631=CARTESIAN_POINT('Ctrl Pts',(44.3318977972669,31.4217808343986,3.99969797719552));
#2632=CARTESIAN_POINT('Ctrl Pts',(43.3693051962718,31.5328364137749,1.95110192787584));
#2633=CARTESIAN_POINT('Ctrl Pts',(43.471436488145,31.5516218942231,2.13747608651051));
#2634=CARTESIAN_POINT('Ctrl Pts',(43.6407344299923,31.5935515412665,2.56185070816158));
#2635=CARTESIAN_POINT('Ctrl Pts',(43.836889270245,31.6203979318752,3.30437254286651));
#2636=CARTESIAN_POINT('Ctrl Pts',(43.8663877150958,31.6187671215899,3.75573299282395));
#2637=CARTESIAN_POINT('Ctrl Pts',(43.8439895470939,31.623879048814,3.99969797719552));
#2638=CARTESIAN_POINT('Ctrl Pts',(42.9288363356045,31.6698327977286,2.39157078854321));
#2639=CARTESIAN_POINT('Ctrl Pts',(43.0515317440832,31.6698327977286,2.53583588464997));
#2640=CARTESIAN_POINT('Ctrl Pts',(43.2658565490118,31.6698327977286,2.8548987135212));
#2641=CARTESIAN_POINT('Ctrl Pts',(43.4713239372111,31.6698327977286,3.4117795465595));
#2642=CARTESIAN_POINT('Ctrl Pts',(43.5046363229693,31.6698327977286,3.80253461488587));
#2643=CARTESIAN_POINT('Ctrl Pts',(43.4949400493471,31.6698327977286,3.99969797719552));
#2644=CARTESIAN_POINT('Ctrl Pts',(42.7347091469522,31.6698327977286,2.58569797719555));
#2645=CARTESIAN_POINT('Ctrl Pts',(42.8581039250682,31.6698327977286,2.70909275531154));
#2646=CARTESIAN_POINT('Ctrl Pts',(43.0723926194925,31.6698327977286,2.98836005070117));
#2647=CARTESIAN_POINT('Ctrl Pts',(43.2744603147732,31.6698327977286,3.47619462116515));
#2648=CARTESIAN_POINT('Ctrl Pts',(43.3204071241477,31.6698327977286,3.82519140845786));
#2649=CARTESIAN_POINT('Ctrl Pts',(43.3204071241477,31.6698327977286,3.99969797719552));
#2650=CARTESIAN_POINT('',(42.7347091469522,31.6698327977286,2.58569797719555));
#2651=CARTESIAN_POINT('Ctrl Pts',(44.2227244209366,30.5721500945176,1.0976827032111));
#2652=CARTESIAN_POINT('Ctrl Pts',(44.1279888496593,30.7616212370721,1.19241827448838));
#2653=CARTESIAN_POINT('Ctrl Pts',(43.9188486393975,31.0845187433204,1.40155848475018));
#2654=CARTESIAN_POINT('Ctrl Pts',(43.3693051962718,31.5328364137749,1.95110192787584));
#2655=CARTESIAN_POINT('Ctrl Pts',(42.9288363356045,31.6698327977286,2.39157078854321));
#2656=CARTESIAN_POINT('Ctrl Pts',(42.7347091469522,31.6698327977286,2.58569797719555));
#2657=CARTESIAN_POINT('',(43.3204071241477,31.6698327977286,3.99969797719552));
#2658=CARTESIAN_POINT('Origin',(41.3207091469522,31.6698327977286,3.99969797719552));
#2659=CARTESIAN_POINT('Origin',(43.3204071241477,29.6698327977286,3.99969797719552));
#2660=CARTESIAN_POINT('Ctrl Pts',(-46.7819101726409,30.5721500945175,1.09768270321111));
#2661=CARTESIAN_POINT('Ctrl Pts',(-46.8766457439182,30.6668856657948,1.28715384576567));
#2662=CARTESIAN_POINT('Ctrl Pts',(-47.0338659380508,30.8241058599273,1.69697810152562));
#2663=CARTESIAN_POINT('Ctrl Pts',(-47.2471104137026,31.0373503355792,2.77420536556209));
#2664=CARTESIAN_POINT('Ctrl Pts',(-47.2938064382251,31.0840463601017,3.61147874183992));
#2665=CARTESIAN_POINT('Ctrl Pts',(-47.2938064382251,31.0840463601017,3.99969797719556));
#2666=CARTESIAN_POINT('Ctrl Pts',(-46.9713813151955,30.4774145232402,1.19241827448839));
#2667=CARTESIAN_POINT('Ctrl Pts',(-47.0467139992825,30.5709773127582,1.38023995506046));
#2668=CARTESIAN_POINT('Ctrl Pts',(-47.1766532811242,30.728724494545,1.78987201963065));
#2669=CARTESIAN_POINT('Ctrl Pts',(-47.3692465886597,30.9308996228088,2.85534344711195));
#2670=CARTESIAN_POINT('Ctrl Pts',(-47.4103635523435,30.9674892459833,3.63304647713745));
#2671=CARTESIAN_POINT('Ctrl Pts',(-47.417219853174,30.9606329451528,3.99969797719556));
#2672=CARTESIAN_POINT('Ctrl Pts',(-47.2942788214439,30.2682743129784,1.40155848475018));
#2673=CARTESIAN_POINT('Ctrl Pts',(-47.343906556369,30.3609339933808,1.58933510024207));
#2674=CARTESIAN_POINT('Ctrl Pts',(-47.4389892756399,30.515832521477,2.00930402891301));
#2675=CARTESIAN_POINT('Ctrl Pts',(-47.5955393970557,30.6815360879575,3.04541826695034));
#2676=CARTESIAN_POINT('Ctrl Pts',(-47.6193176944468,30.7007760457332,3.68003198601804));
#2677=CARTESIAN_POINT('Ctrl Pts',(-47.631540912522,30.6813234708478,3.99969797719556));
#2678=CARTESIAN_POINT('Ctrl Pts',(-47.7425964918983,29.7187308698527,1.95110192787584));
#2679=CARTESIAN_POINT('Ctrl Pts',(-47.7613819723466,29.8208621617259,2.13747608651052));
#2680=CARTESIAN_POINT('Ctrl Pts',(-47.80331161939,29.9901601035732,2.5618507081616));
#2681=CARTESIAN_POINT('Ctrl Pts',(-47.8301580099987,30.186314943826,3.30437254286654));
#2682=CARTESIAN_POINT('Ctrl Pts',(-47.8285271997134,30.2158133886767,3.75573299282399));
#2683=CARTESIAN_POINT('Ctrl Pts',(-47.8336391269374,30.1934152206748,3.99969797719556));
#2684=CARTESIAN_POINT('Ctrl Pts',(-47.879592875852,29.2782620091854,2.39157078854322));
#2685=CARTESIAN_POINT('Ctrl Pts',(-47.879592875852,29.4009574176641,2.53583588464998));
#2686=CARTESIAN_POINT('Ctrl Pts',(-47.879592875852,29.6152822225927,2.85489871352122));
#2687=CARTESIAN_POINT('Ctrl Pts',(-47.879592875852,29.820749610792,3.41177954655953));
#2688=CARTESIAN_POINT('Ctrl Pts',(-47.879592875852,29.8540619965502,3.80253461488591));
#2689=CARTESIAN_POINT('Ctrl Pts',(-47.879592875852,29.844365722928,3.99969797719556));
#2690=CARTESIAN_POINT('Ctrl Pts',(-47.879592875852,29.084134820533,2.58569797719556));
#2691=CARTESIAN_POINT('Ctrl Pts',(-47.879592875852,29.207529598649,2.70909275531156));
#2692=CARTESIAN_POINT('Ctrl Pts',(-47.879592875852,29.4218182930734,2.98836005070119));
#2693=CARTESIAN_POINT('Ctrl Pts',(-47.879592875852,29.623885988354,3.47619462116518));
#2694=CARTESIAN_POINT('Ctrl Pts',(-47.879592875852,29.6698327977286,3.82519140845789));
#2695=CARTESIAN_POINT('Ctrl Pts',(-47.879592875852,29.6698327977286,3.99969797719556));
#2696=CARTESIAN_POINT('',(-46.7819101726409,30.5721500945175,1.09768270321111));
#2697=CARTESIAN_POINT('',(-47.2938064382251,31.0840463601017,3.99969797719556));
#2698=CARTESIAN_POINT('Ctrl Pts',(-46.7819101726409,30.5721500945175,1.09768270321111));
#2699=CARTESIAN_POINT('Ctrl Pts',(-46.8766457439182,30.6668856657948,1.28715384576567));
#2700=CARTESIAN_POINT('Ctrl Pts',(-47.0338659380508,30.8241058599273,1.69697810152562));
#2701=CARTESIAN_POINT('Ctrl Pts',(-47.2471104137026,31.0373503355792,2.77420536556209));
#2702=CARTESIAN_POINT('Ctrl Pts',(-47.2938064382251,31.0840463601017,3.61147874183992));
#2703=CARTESIAN_POINT('Ctrl Pts',(-47.2938064382251,31.0840463601017,3.99969797719556));
#2704=CARTESIAN_POINT('',(-47.879592875852,29.084134820533,2.58569797719556));
#2705=CARTESIAN_POINT('Ctrl Pts',(-46.7819101726409,30.5721500945175,1.09768270321111));
#2706=CARTESIAN_POINT('Ctrl Pts',(-46.9713813151955,30.4774145232402,1.19241827448839));
#2707=CARTESIAN_POINT('Ctrl Pts',(-47.2942788214439,30.2682743129784,1.40155848475018));
#2708=CARTESIAN_POINT('Ctrl Pts',(-47.7425964918983,29.7187308698527,1.95110192787584));
#2709=CARTESIAN_POINT('Ctrl Pts',(-47.879592875852,29.2782620091854,2.39157078854322));
#2710=CARTESIAN_POINT('Ctrl Pts',(-47.879592875852,29.084134820533,2.58569797719556));
#2711=CARTESIAN_POINT('',(-47.879592875852,29.6698327977286,3.99969797719556));
#2712=CARTESIAN_POINT('Origin',(-47.879592875852,27.670134820533,3.99969797719556));
#2713=CARTESIAN_POINT('Origin',(-45.879592875852,29.6698327977286,3.99969797719556));
#2714=CARTESIAN_POINT('Ctrl Pts',(-46.7819101726409,30.5721500945175,1.09768270321111));
#2715=CARTESIAN_POINT('Ctrl Pts',(-46.9713813151955,30.4774145232402,1.19241827448839));
#2716=CARTESIAN_POINT('Ctrl Pts',(-47.2942788214439,30.2682743129784,1.40155848475018));
#2717=CARTESIAN_POINT('Ctrl Pts',(-47.7425964918983,29.7187308698527,1.95110192787584));
#2718=CARTESIAN_POINT('Ctrl Pts',(-47.879592875852,29.2782620091854,2.39157078854322));
#2719=CARTESIAN_POINT('Ctrl Pts',(-47.879592875852,29.084134820533,2.58569797719556));
#2720=CARTESIAN_POINT('Ctrl Pts',(-46.8766457439182,30.3826789519629,1.00294713193383));
#2721=CARTESIAN_POINT('Ctrl Pts',(-47.0467139992825,30.2895928426681,1.09885548497041));
#2722=CARTESIAN_POINT('Ctrl Pts',(-47.343906556369,30.0804976974865,1.30889880434783));
#2723=CARTESIAN_POINT('Ctrl Pts',(-47.7613819723466,29.532356711218,1.84897063600267));
#2724=CARTESIAN_POINT('Ctrl Pts',(-47.879592875852,29.1339969130786,2.2688753800645));
#2725=CARTESIAN_POINT('Ctrl Pts',(-47.879592875852,28.960740042417,2.46230319907956));
#2726=CARTESIAN_POINT('Ctrl Pts',(-47.0338659380508,29.972854696203,0.845726937801266));
#2727=CARTESIAN_POINT('Ctrl Pts',(-47.1766532811242,29.8799607780979,0.941108303183558));
#2728=CARTESIAN_POINT('Ctrl Pts',(-47.4389892756399,29.6605287688156,1.15400027625162));
#2729=CARTESIAN_POINT('Ctrl Pts',(-47.80331161939,29.107982089567,1.67967269415535));
#2730=CARTESIAN_POINT('Ctrl Pts',(-47.879592875852,28.8149340842073,2.05455057513588));
#2731=CARTESIAN_POINT('Ctrl Pts',(-47.879592875852,28.6814727470274,2.2480145046552));
#2732=CARTESIAN_POINT('Ctrl Pts',(-47.2471104137026,28.8956274321665,0.632482462149416));
#2733=CARTESIAN_POINT('Ctrl Pts',(-47.3692465886597,28.8144893506166,0.738933174919824));
#2734=CARTESIAN_POINT('Ctrl Pts',(-47.5955393970558,28.6244145307782,0.98829670977105));
#2735=CARTESIAN_POINT('Ctrl Pts',(-47.8301580099986,28.365460254862,1.48351785390261));
#2736=CARTESIAN_POINT('Ctrl Pts',(-47.879592875852,28.2580532511691,1.84908318693661));
#2737=CARTESIAN_POINT('Ctrl Pts',(-47.879592875852,28.1936381765634,2.04594680937456));
#2738=CARTESIAN_POINT('Ctrl Pts',(-47.2938064382251,28.0583540558887,0.585786437626903));
#2739=CARTESIAN_POINT('Ctrl Pts',(-47.4103635523435,28.0367863205911,0.702343551745255));
#2740=CARTESIAN_POINT('Ctrl Pts',(-47.6193176944468,27.9898008117105,0.9690567519954));
#2741=CARTESIAN_POINT('Ctrl Pts',(-47.8285271997134,27.9140998049046,1.45401940905186));
#2742=CARTESIAN_POINT('Ctrl Pts',(-47.879592875852,27.8672981828427,1.81577080117838));
#2743=CARTESIAN_POINT('Ctrl Pts',(-47.879592875852,27.8446413892707,2.));
#2744=CARTESIAN_POINT('Ctrl Pts',(-47.2938064382251,27.670134820533,0.585786437626903));
#2745=CARTESIAN_POINT('Ctrl Pts',(-47.417219853174,27.670134820533,0.709199852575746));
#2746=CARTESIAN_POINT('Ctrl Pts',(-47.631540912522,27.670134820533,0.988509326880746));
#2747=CARTESIAN_POINT('Ctrl Pts',(-47.8336391269374,27.670134820533,1.47641757705376));
#2748=CARTESIAN_POINT('Ctrl Pts',(-47.879592875852,27.670134820533,1.82546707480057));
#2749=CARTESIAN_POINT('Ctrl Pts',(-47.879592875852,27.670134820533,2.));
#2750=CARTESIAN_POINT('',(-47.2938064382251,27.670134820533,0.585786437626903));
#2751=CARTESIAN_POINT('Ctrl Pts',(-46.7819101726409,30.5721500945175,1.09768270321111));
#2752=CARTESIAN_POINT('Ctrl Pts',(-46.8766457439182,30.3826789519629,1.00294713193383));
#2753=CARTESIAN_POINT('Ctrl Pts',(-47.0338659380508,29.972854696203,0.845726937801266));
#2754=CARTESIAN_POINT('Ctrl Pts',(-47.2471104137026,28.8956274321665,0.632482462149416));
#2755=CARTESIAN_POINT('Ctrl Pts',(-47.2938064382251,28.0583540558887,0.585786437626903));
#2756=CARTESIAN_POINT('Ctrl Pts',(-47.2938064382251,27.670134820533,0.585786437626903));
#2757=CARTESIAN_POINT('',(-47.879592875852,27.670134820533,2.));
#2758=CARTESIAN_POINT('Origin',(-45.879592875852,27.670134820533,2.));
#2759=CARTESIAN_POINT('Origin',(-47.879592875852,27.670134820533,3.99969797719556));
#2760=CARTESIAN_POINT('Ctrl Pts',(-46.7819101726409,30.5721500945175,1.09768270321111));
#2761=CARTESIAN_POINT('Ctrl Pts',(-46.8766457439182,30.3826789519629,1.00294713193383));
#2762=CARTESIAN_POINT('Ctrl Pts',(-47.0338659380508,29.972854696203,0.845726937801266));
#2763=CARTESIAN_POINT('Ctrl Pts',(-47.2471104137026,28.8956274321665,0.632482462149416));
#2764=CARTESIAN_POINT('Ctrl Pts',(-47.2938064382251,28.0583540558887,0.585786437626903));
#2765=CARTESIAN_POINT('Ctrl Pts',(-47.2938064382251,27.670134820533,0.585786437626903));
#2766=CARTESIAN_POINT('Ctrl Pts',(-46.6871746013637,30.4774145232402,0.908211560656546));
#2767=CARTESIAN_POINT('Ctrl Pts',(-46.7807373908816,30.2895928426681,0.832878876569511));
#2768=CARTESIAN_POINT('Ctrl Pts',(-46.9384845726685,29.8799607780979,0.702939594727844));
#2769=CARTESIAN_POINT('Ctrl Pts',(-47.1406597009322,28.8144893506166,0.510346287192369));
#2770=CARTESIAN_POINT('Ctrl Pts',(-47.1772493241068,28.0367863205911,0.469229323508551));
#2771=CARTESIAN_POINT('Ctrl Pts',(-47.1703930232763,27.670134820533,0.462373022678059));
#2772=CARTESIAN_POINT('Ctrl Pts',(-46.4780343911019,30.2682743129784,0.585314054408212));
#2773=CARTESIAN_POINT('Ctrl Pts',(-46.5706940715042,30.0804976974865,0.5356863194831));
#2774=CARTESIAN_POINT('Ctrl Pts',(-46.7255925996004,29.6605287688156,0.440603600212134));
#2775=CARTESIAN_POINT('Ctrl Pts',(-46.891296166081,28.6244145307782,0.284053478796302));
#2776=CARTESIAN_POINT('Ctrl Pts',(-46.9105361238567,27.9898008117105,0.260275181405254));
#2777=CARTESIAN_POINT('Ctrl Pts',(-46.8910835489713,27.670134820533,0.248051963330005));
#2778=CARTESIAN_POINT('Ctrl Pts',(-45.9284909479762,29.7187308698527,0.136996383953707));
#2779=CARTESIAN_POINT('Ctrl Pts',(-46.0306222398494,29.5323567112181,0.118210903505448));
#2780=CARTESIAN_POINT('Ctrl Pts',(-46.1999201816967,29.107982089567,0.076281256462046));
#2781=CARTESIAN_POINT('Ctrl Pts',(-46.3960750219494,28.365460254862,0.0494348658534271));
#2782=CARTESIAN_POINT('Ctrl Pts',(-46.4255734668002,27.9140998049046,0.0510656761386583));
#2783=CARTESIAN_POINT('Ctrl Pts',(-46.4031752987983,27.670134820533,0.0459537489146213));
#2784=CARTESIAN_POINT('Ctrl Pts',(-45.4880220873088,29.2782620091854,0.));
#2785=CARTESIAN_POINT('Ctrl Pts',(-45.6107174957875,29.1339969130786,0.));
#2786=CARTESIAN_POINT('Ctrl Pts',(-45.8250423007162,28.8149340842074,3.95671334646824E-19));
#2787=CARTESIAN_POINT('Ctrl Pts',(-46.0305096889154,28.258053251169,-1.38484967126388E-18));
#2788=CARTESIAN_POINT('Ctrl Pts',(-46.0638220746737,27.8672981828427,2.96753500985118E-18));
#2789=CARTESIAN_POINT('Ctrl Pts',(-46.0541258010515,27.670134820533,0.));
#2790=CARTESIAN_POINT('Ctrl Pts',(-45.2938948986565,29.084134820533,0.));
#2791=CARTESIAN_POINT('Ctrl Pts',(-45.4172896767725,28.960740042417,0.));
#2792=CARTESIAN_POINT('Ctrl Pts',(-45.6315783711968,28.6814727470274,0.));
#2793=CARTESIAN_POINT('Ctrl Pts',(-45.8336460664775,28.1936381765634,0.));
#2794=CARTESIAN_POINT('Ctrl Pts',(-45.879592875852,27.8446413892707,0.));
#2795=CARTESIAN_POINT('Ctrl Pts',(-45.879592875852,27.670134820533,0.));
#2796=CARTESIAN_POINT('',(-45.2938948986565,29.084134820533,-7.11901165322197E-33));
#2797=CARTESIAN_POINT('Ctrl Pts',(-46.7819101726409,30.5721500945175,1.09768270321111));
#2798=CARTESIAN_POINT('Ctrl Pts',(-46.6871746013637,30.4774145232402,0.908211560656546));
#2799=CARTESIAN_POINT('Ctrl Pts',(-46.4780343911019,30.2682743129784,0.585314054408212));
#2800=CARTESIAN_POINT('Ctrl Pts',(-45.9284909479762,29.7187308698527,0.136996383953707));
#2801=CARTESIAN_POINT('Ctrl Pts',(-45.4880220873088,29.2782620091854,0.));
#2802=CARTESIAN_POINT('Ctrl Pts',(-45.2938948986565,29.084134820533,0.));
#2803=CARTESIAN_POINT('',(-45.879592875852,27.670134820533,0.));
#2804=CARTESIAN_POINT('Origin',(-43.8798948986565,27.670134820533,0.));
#2805=CARTESIAN_POINT('Origin',(-45.879592875852,27.670134820533,2.));
#2806=CARTESIAN_POINT('Ctrl Pts',(-46.7819101726409,30.5721500945175,1.09768270321111));
#2807=CARTESIAN_POINT('Ctrl Pts',(-46.6871746013637,30.4774145232402,0.908211560656546));
#2808=CARTESIAN_POINT('Ctrl Pts',(-46.4780343911019,30.2682743129784,0.585314054408212));
#2809=CARTESIAN_POINT('Ctrl Pts',(-45.9284909479762,29.7187308698527,0.136996383953707));
#2810=CARTESIAN_POINT('Ctrl Pts',(-45.4880220873088,29.2782620091854,0.));
#2811=CARTESIAN_POINT('Ctrl Pts',(-45.2938948986565,29.084134820533,0.));
#2812=CARTESIAN_POINT('Ctrl Pts',(-46.5924390300864,30.6668856657948,1.00294713193383));
#2813=CARTESIAN_POINT('Ctrl Pts',(-46.4993529207916,30.5709773127582,0.832878876569511));
#2814=CARTESIAN_POINT('Ctrl Pts',(-46.29025777561,30.3609339933807,0.535686319483101));
#2815=CARTESIAN_POINT('Ctrl Pts',(-45.7421167893415,29.8208621617259,0.118210903505448));
#2816=CARTESIAN_POINT('Ctrl Pts',(-45.3437569912021,29.4009574176641,0.));
#2817=CARTESIAN_POINT('Ctrl Pts',(-45.1705001205405,29.207529598649,0.));
#2818=CARTESIAN_POINT('Ctrl Pts',(-46.1826147743264,30.8241058599273,0.845726937801267));
#2819=CARTESIAN_POINT('Ctrl Pts',(-46.0897208562214,30.728724494545,0.702939594727844));
#2820=CARTESIAN_POINT('Ctrl Pts',(-45.870288846939,30.5158325214769,0.440603600212135));
#2821=CARTESIAN_POINT('Ctrl Pts',(-45.3177421676904,29.9901601035732,0.0762812564620464));
#2822=CARTESIAN_POINT('Ctrl Pts',(-45.0246941623308,29.6152822225927,0.));
#2823=CARTESIAN_POINT('Ctrl Pts',(-44.8912328251508,29.4218182930734,0.));
#2824=CARTESIAN_POINT('Ctrl Pts',(-45.1053875102899,31.0373503355791,0.632482462149419));
#2825=CARTESIAN_POINT('Ctrl Pts',(-45.0242494287401,30.9308996228087,0.510346287192372));
#2826=CARTESIAN_POINT('Ctrl Pts',(-44.8341746089017,30.6815360879575,0.284053478796304));
#2827=CARTESIAN_POINT('Ctrl Pts',(-44.5752203329855,30.186314943826,0.0494348658534268));
#2828=CARTESIAN_POINT('Ctrl Pts',(-44.4678133292925,29.820749610792,0.));
#2829=CARTESIAN_POINT('Ctrl Pts',(-44.4033982546868,29.623885988354,0.));
#2830=CARTESIAN_POINT('Ctrl Pts',(-44.2681141340121,31.0840463601017,0.585786437626906));
#2831=CARTESIAN_POINT('Ctrl Pts',(-44.2465463987146,30.9674892459833,0.469229323508554));
#2832=CARTESIAN_POINT('Ctrl Pts',(-44.199560889834,30.7007760457332,0.260275181405256));
#2833=CARTESIAN_POINT('Ctrl Pts',(-44.1238598830281,30.2158133886767,0.0510656761386578));
#2834=CARTESIAN_POINT('Ctrl Pts',(-44.0770582609661,29.8540619965502,0.));
#2835=CARTESIAN_POINT('Ctrl Pts',(-44.0544014673941,29.6698327977286,0.));
#2836=CARTESIAN_POINT('Ctrl Pts',(-43.8798948986565,31.0840463601017,0.585786437626906));
#2837=CARTESIAN_POINT('Ctrl Pts',(-43.8798948986565,30.9606329451528,0.462373022678063));
#2838=CARTESIAN_POINT('Ctrl Pts',(-43.8798948986565,30.6813234708478,0.248051963330007));
#2839=CARTESIAN_POINT('Ctrl Pts',(-43.8798948986565,30.1934152206748,0.0459537489146208));
#2840=CARTESIAN_POINT('Ctrl Pts',(-43.8798948986565,29.844365722928,0.));
#2841=CARTESIAN_POINT('Ctrl Pts',(-43.8798948986565,29.6698327977286,0.));
#2842=CARTESIAN_POINT('',(-43.8798948986565,31.0840463601017,0.585786437626906));
#2843=CARTESIAN_POINT('Ctrl Pts',(-46.7819101726409,30.5721500945175,1.09768270321111));
#2844=CARTESIAN_POINT('Ctrl Pts',(-46.5924390300864,30.6668856657948,1.00294713193383));
#2845=CARTESIAN_POINT('Ctrl Pts',(-46.1826147743264,30.8241058599273,0.845726937801267));
#2846=CARTESIAN_POINT('Ctrl Pts',(-45.1053875102899,31.0373503355791,0.632482462149419));
#2847=CARTESIAN_POINT('Ctrl Pts',(-44.2681141340121,31.0840463601017,0.585786437626906));
#2848=CARTESIAN_POINT('Ctrl Pts',(-43.8798948986565,31.0840463601017,0.585786437626906));
#2849=CARTESIAN_POINT('',(-43.8798948986565,29.6698327977286,0.));
#2850=CARTESIAN_POINT('Origin',(-43.8798948986565,29.6698327977286,2.));
#2851=CARTESIAN_POINT('Origin',(-43.8798948986565,27.670134820533,0.));
#2852=CARTESIAN_POINT('Ctrl Pts',(-46.7819101726409,30.5721500945175,1.09768270321111));
#2853=CARTESIAN_POINT('Ctrl Pts',(-46.5924390300864,30.6668856657948,1.00294713193383));
#2854=CARTESIAN_POINT('Ctrl Pts',(-46.1826147743264,30.8241058599273,0.845726937801267));
#2855=CARTESIAN_POINT('Ctrl Pts',(-45.1053875102899,31.0373503355791,0.632482462149419));
#2856=CARTESIAN_POINT('Ctrl Pts',(-44.2681141340121,31.0840463601017,0.585786437626906));
#2857=CARTESIAN_POINT('Ctrl Pts',(-43.8798948986565,31.0840463601017,0.585786437626906));
#2858=CARTESIAN_POINT('Ctrl Pts',(-46.6871746013637,30.761621237072,1.19241827448839));
#2859=CARTESIAN_POINT('Ctrl Pts',(-46.4993529207916,30.8369539211591,1.09885548497041));
#2860=CARTESIAN_POINT('Ctrl Pts',(-46.0897208562214,30.9668932030008,0.941108303183558));
#2861=CARTESIAN_POINT('Ctrl Pts',(-45.0242494287401,31.1594865105362,0.738933174919826));
#2862=CARTESIAN_POINT('Ctrl Pts',(-44.2465463987146,31.20060347422,0.702343551745259));
#2863=CARTESIAN_POINT('Ctrl Pts',(-43.8798948986565,31.2074597750505,0.70919985257575));
#2864=CARTESIAN_POINT('Ctrl Pts',(-46.4780343911019,31.0845187433204,1.40155848475018));
#2865=CARTESIAN_POINT('Ctrl Pts',(-46.29025777561,31.1341464782455,1.30889880434783));
#2866=CARTESIAN_POINT('Ctrl Pts',(-45.8702888469391,31.2292291975164,1.15400027625162));
#2867=CARTESIAN_POINT('Ctrl Pts',(-44.8341746089017,31.3857793189322,0.988296709771053));
#2868=CARTESIAN_POINT('Ctrl Pts',(-44.199560889834,31.4095576163233,0.969056751995405));
#2869=CARTESIAN_POINT('Ctrl Pts',(-43.8798948986565,31.4217808343986,0.988509326880751));
#2870=CARTESIAN_POINT('Ctrl Pts',(-45.9284909479762,31.5328364137749,1.95110192787585));
#2871=CARTESIAN_POINT('Ctrl Pts',(-45.7421167893415,31.5516218942231,1.84897063600267));
#2872=CARTESIAN_POINT('Ctrl Pts',(-45.3177421676904,31.5935515412665,1.67967269415535));
#2873=CARTESIAN_POINT('Ctrl Pts',(-44.5752203329856,31.6203979318752,1.48351785390262));
#2874=CARTESIAN_POINT('Ctrl Pts',(-44.123859883028,31.6187671215899,1.45401940905186));
#2875=CARTESIAN_POINT('Ctrl Pts',(-43.8798948986565,31.623879048814,1.47641757705376));
#2876=CARTESIAN_POINT('Ctrl Pts',(-45.4880220873088,31.6698327977286,2.39157078854322));
#2877=CARTESIAN_POINT('Ctrl Pts',(-45.3437569912021,31.6698327977286,2.2688753800645));
#2878=CARTESIAN_POINT('Ctrl Pts',(-45.0246941623308,31.6698327977286,2.05455057513588));
#2879=CARTESIAN_POINT('Ctrl Pts',(-44.4678133292925,31.6698327977286,1.84908318693661));
#2880=CARTESIAN_POINT('Ctrl Pts',(-44.0770582609661,31.6698327977286,1.81577080117838));
#2881=CARTESIAN_POINT('Ctrl Pts',(-43.8798948986565,31.6698327977286,1.82546707480057));
#2882=CARTESIAN_POINT('Ctrl Pts',(-45.2938948986565,31.6698327977286,2.58569797719556));
#2883=CARTESIAN_POINT('Ctrl Pts',(-45.1705001205405,31.6698327977286,2.46230319907956));
#2884=CARTESIAN_POINT('Ctrl Pts',(-44.8912328251508,31.6698327977286,2.2480145046552));
#2885=CARTESIAN_POINT('Ctrl Pts',(-44.4033982546868,31.6698327977286,2.04594680937456));
#2886=CARTESIAN_POINT('Ctrl Pts',(-44.0544014673941,31.6698327977286,2.));
#2887=CARTESIAN_POINT('Ctrl Pts',(-43.8798948986565,31.6698327977286,2.));
#2888=CARTESIAN_POINT('',(-45.2938948986565,31.6698327977286,2.58569797719556));
#2889=CARTESIAN_POINT('Ctrl Pts',(-46.7819101726409,30.5721500945175,1.09768270321111));
#2890=CARTESIAN_POINT('Ctrl Pts',(-46.6871746013637,30.761621237072,1.19241827448839));
#2891=CARTESIAN_POINT('Ctrl Pts',(-46.4780343911019,31.0845187433204,1.40155848475018));
#2892=CARTESIAN_POINT('Ctrl Pts',(-45.9284909479762,31.5328364137749,1.95110192787585));
#2893=CARTESIAN_POINT('Ctrl Pts',(-45.4880220873088,31.6698327977286,2.39157078854322));
#2894=CARTESIAN_POINT('Ctrl Pts',(-45.2938948986565,31.6698327977286,2.58569797719556));
#2895=CARTESIAN_POINT('',(-43.8798948986565,31.6698327977286,2.));
#2896=CARTESIAN_POINT('Origin',(-43.8798948986565,31.6698327977286,3.99969797719556));
#2897=CARTESIAN_POINT('Origin',(-43.8798948986565,29.6698327977286,2.));
#2898=CARTESIAN_POINT('Ctrl Pts',(-37.5781848948278,30.5079287476325,5.47789597618999));
#2899=CARTESIAN_POINT('Ctrl Pts',(-37.7218529908405,30.4112342893198,5.64590165526924));
#2900=CARTESIAN_POINT('Ctrl Pts',(-37.92142020743,30.2021416911513,5.99456860337154));
#2901=CARTESIAN_POINT('Ctrl Pts',(-38.0612376420436,29.6747498984371,6.76787988826946));
#2902=CARTESIAN_POINT('Ctrl Pts',(-38.0560808710178,29.2639905987665,7.33463441208853));
#2903=CARTESIAN_POINT('Ctrl Pts',(-38.0560808710178,29.084134820533,7.58569797719555));
#2904=CARTESIAN_POINT('Ctrl Pts',(-37.7461905739071,30.6046232059452,5.62156407220268));
#2905=CARTESIAN_POINT('Ctrl Pts',(-37.8565792018176,30.5080939105999,5.79976227308098));
#2906=CARTESIAN_POINT('Ctrl Pts',(-38.0056958372805,30.3002594055317,6.16101914669197));
#2907=CARTESIAN_POINT('Ctrl Pts',(-38.0836744096975,29.7839872445268,6.94602003284857));
#2908=CARTESIAN_POINT('Ctrl Pts',(-38.0560808710178,29.3890127354311,7.47594319484006));
#2909=CARTESIAN_POINT('Ctrl Pts',(-38.0560808710178,29.207529598649,7.70909275531155));
#2910=CARTESIAN_POINT('Ctrl Pts',(-38.0519145045554,30.7688370100476,5.97524580400176));
#2911=CARTESIAN_POINT('Ctrl Pts',(-38.1024759440837,30.675106870327,6.16730806612514));
#2912=CARTESIAN_POINT('Ctrl Pts',(-38.1564851348079,30.4693503756229,6.55327445002383));
#2913=CARTESIAN_POINT('Ctrl Pts',(-38.1142147695302,29.9693965516242,7.37442981090141));
#2914=CARTESIAN_POINT('Ctrl Pts',(-38.0560808710178,29.6089317923485,7.79652235715718));
#2915=CARTESIAN_POINT('Ctrl Pts',(-38.0560808710178,29.4218182930734,7.98836005070119));
#2916=CARTESIAN_POINT('Ctrl Pts',(-38.5174578008544,31.0244484620647,7.16721458066446));
#2917=CARTESIAN_POINT('Ctrl Pts',(-38.4580177457236,30.9204136733059,7.35427768578163));
#2918=CARTESIAN_POINT('Ctrl Pts',(-38.3241336243378,30.6776613492642,7.73188467821506));
#2919=CARTESIAN_POINT('Ctrl Pts',(-38.1170890854093,30.1863980989333,8.21096974665968));
#2920=CARTESIAN_POINT('Ctrl Pts',(-38.0560808710178,29.8207362415022,8.3790427497986));
#2921=CARTESIAN_POINT('Ctrl Pts',(-38.0560808710178,29.623885988354,8.47619462116518));
#2922=CARTESIAN_POINT('Ctrl Pts',(-38.6418673086447,31.0840463601017,8.39960370363869));
#2923=CARTESIAN_POINT('Ctrl Pts',(-38.5253101945264,30.9674892459833,8.46933215823733));
#2924=CARTESIAN_POINT('Ctrl Pts',(-38.3163560524231,30.7007760457332,8.58786526800858));
#2925=CARTESIAN_POINT('Ctrl Pts',(-38.1071465471565,30.2158133886767,8.72472872119214));
#2926=CARTESIAN_POINT('Ctrl Pts',(-38.0560808710178,29.8540619965502,8.79304521881012));
#2927=CARTESIAN_POINT('Ctrl Pts',(-38.0560808710178,29.6698327977286,8.82519140845789));
#2928=CARTESIAN_POINT('Ctrl Pts',(-38.6418673086447,31.0840463601017,8.99969797719556));
#2929=CARTESIAN_POINT('Ctrl Pts',(-38.5184538936959,30.9606329451528,8.99969797719556));
#2930=CARTESIAN_POINT('Ctrl Pts',(-38.3041328343478,30.6813234708478,8.99969797719556));
#2931=CARTESIAN_POINT('Ctrl Pts',(-38.1020346199324,30.1934152206748,8.99969797719555));
#2932=CARTESIAN_POINT('Ctrl Pts',(-38.0560808710178,29.844365722928,8.99969797719556));
#2933=CARTESIAN_POINT('Ctrl Pts',(-38.0560808710178,29.6698327977286,8.99969797719556));
#2934=CARTESIAN_POINT('',(-36.7211908622709,29.6050174806776,5.6053325235048));
#2935=CARTESIAN_POINT('',(-38.6418673086447,31.0840463601017,8.99969797719556));
#2936=CARTESIAN_POINT('Ctrl Pts',(-37.5781848948278,30.5079287476325,5.47789597618999));
#2937=CARTESIAN_POINT('Ctrl Pts',(-37.6210749789592,30.5326138265822,5.51457293115215));
#2938=CARTESIAN_POINT('Ctrl Pts',(-37.6631550948625,30.5566152304149,5.55351973780073));
#2939=CARTESIAN_POINT('Ctrl Pts',(-37.704651674608,30.5800893649221,5.59606406117768));
#2940=CARTESIAN_POINT('Ctrl Pts',(-37.7535486537177,30.6077498196308,5.6461956359762));
#2941=CARTESIAN_POINT('Ctrl Pts',(-37.801635975052,30.634678036122,5.70132497952097));
#2942=CARTESIAN_POINT('Ctrl Pts',(-37.8493083864502,30.6611890193061,5.76364989975368));
#2943=CARTESIAN_POINT('Ctrl Pts',(-37.8916882136077,30.684756756959,5.81905551632711));
#2944=CARTESIAN_POINT('Ctrl Pts',(-37.9337411780863,30.7079963875758,5.88015011015035));
#2945=CARTESIAN_POINT('Ctrl Pts',(-37.9757485895484,30.7311564383154,5.94845712282259));
#2946=CARTESIAN_POINT('Ctrl Pts',(-38.0020170010996,30.7456390670516,5.99117141199807));
#2947=CARTESIAN_POINT('Ctrl Pts',(-38.0282676170491,30.7600910197121,6.03670546759366));
#2948=CARTESIAN_POINT('Ctrl Pts',(-38.0545678535199,30.7745758411995,6.08542142633303));
#2949=CARTESIAN_POINT('Ctrl Pts',(-38.0910451168005,30.7946656471432,6.15298830372114));
#2950=CARTESIAN_POINT('Ctrl Pts',(-38.1276180619532,30.814818382642,6.22667864370513));
#2951=CARTESIAN_POINT('Ctrl Pts',(-38.1636273962302,30.8346183427628,6.3063995664575));
#2952=CARTESIAN_POINT('Ctrl Pts',(-38.2006088131955,30.8549528086957,6.38827257922912));
#2953=CARTESIAN_POINT('Ctrl Pts',(-38.2369950710848,30.8749148312676,6.47650608405597));
#2954=CARTESIAN_POINT('Ctrl Pts',(-38.272071310896,30.8940636405245,6.57094483709716));
#2955=CARTESIAN_POINT('Ctrl Pts',(-38.3078455332407,30.9135934921756,6.66726282806281));
#2956=CARTESIAN_POINT('Ctrl Pts',(-38.3422561201215,30.9322770069721,6.7700348605908));
#2957=CARTESIAN_POINT('Ctrl Pts',(-38.3745567653105,30.94966249463,6.87904550494618));
#2958=CARTESIAN_POINT('Ctrl Pts',(-38.4070007059753,30.9671251095931,6.98853975364003));
#2959=CARTESIAN_POINT('Ctrl Pts',(-38.4373148401188,30.9832777163592,7.10432688158967));
#2960=CARTESIAN_POINT('Ctrl Pts',(-38.4647705957003,30.9976850846589,7.22615196045252));
#2961=CARTESIAN_POINT('Ctrl Pts',(-38.4686080523332,30.9996987845143,7.24317929942157));
#2962=CARTESIAN_POINT('Ctrl Pts',(-38.4723897296764,31.0016784326325,7.26032455171414));
#2963=CARTESIAN_POINT('Ctrl Pts',(-38.4761137009825,31.0036228831441,7.27758698769546));
#2964=CARTESIAN_POINT('Ctrl Pts',(-38.5004779631971,31.0163445445734,7.39052730923301));
#2965=CARTESIAN_POINT('Ctrl Pts',(-38.5223704998919,31.0275590980235,7.50847984034567));
#2966=CARTESIAN_POINT('Ctrl Pts',(-38.5416211467752,31.0372579516261,7.62991178136272));
#2967=CARTESIAN_POINT('Ctrl Pts',(-38.5608083579607,31.0469248450794,7.7509435737527));
#2968=CARTESIAN_POINT('Ctrl Pts',(-38.5773708515464,31.0550864736623,7.87543183438977));
#2969=CARTESIAN_POINT('Ctrl Pts',(-38.5911621687357,31.0617365284087,8.00190571143145));
#2970=CARTESIAN_POINT('Ctrl Pts',(-38.6051758012463,31.0684937816945,8.13041834084422));
#2971=CARTESIAN_POINT('Ctrl Pts',(-38.6163279059437,31.0736909345397,8.26098136643199));
#2972=CARTESIAN_POINT('Ctrl Pts',(-38.6244914891973,31.0773156040352,8.39209880088627));
#2973=CARTESIAN_POINT('Ctrl Pts',(-38.6305094208849,31.0799875941082,8.48875436733104));
#2974=CARTESIAN_POINT('Ctrl Pts',(-38.6349038799545,31.0818050093509,8.58571228868199));
#2975=CARTESIAN_POINT('Ctrl Pts',(-38.6376344084995,31.0827578295042,8.6823872028086));
#2976=CARTESIAN_POINT('Ctrl Pts',(-38.6393233680853,31.0833471933233,8.74218515775715));
#2977=CARTESIAN_POINT('Ctrl Pts',(-38.6404579959037,31.0836812619821,8.80213387144276));
#2978=CARTESIAN_POINT('Ctrl Pts',(-38.641127614642,31.0838621410548,8.86273137124115));
#2979=CARTESIAN_POINT('Ctrl Pts',(-38.6416273848878,31.0839971402318,8.90795834240748));
#2980=CARTESIAN_POINT('Ctrl Pts',(-38.6418673086447,31.0840463601017,8.95354677635151));
#2981=CARTESIAN_POINT('Ctrl Pts',(-38.6418673086447,31.0840463601017,8.99969797719556));
#2982=CARTESIAN_POINT('',(-38.0560808710178,29.6698327977286,8.99969797719556));
#2983=CARTESIAN_POINT('Origin',(-40.0560808710178,29.6698327977286,8.99969797719556));
#2984=CARTESIAN_POINT('Origin',(-38.0560808710178,27.670134820533,8.99969797719556));
#2985=CARTESIAN_POINT('Ctrl Pts',(-37.5781848948278,30.5079287476325,5.47789597618999));
#2986=CARTESIAN_POINT('Ctrl Pts',(-37.7461905739071,30.6046232059452,5.62156407220268));
#2987=CARTESIAN_POINT('Ctrl Pts',(-38.0519145045554,30.7688370100476,5.97524580400176));
#2988=CARTESIAN_POINT('Ctrl Pts',(-38.5174578008545,31.0244484620647,7.16721458066446));
#2989=CARTESIAN_POINT('Ctrl Pts',(-38.6418673086447,31.0840463601017,8.39960370363869));
#2990=CARTESIAN_POINT('Ctrl Pts',(-38.6418673086447,31.0840463601017,8.99969797719556));
#2991=CARTESIAN_POINT('Ctrl Pts',(-37.6025224778944,30.7013176642579,5.45355839312342));
#2992=CARTESIAN_POINT('Ctrl Pts',(-37.7765380852328,30.7787180624379,5.60167749409769));
#2993=CARTESIAN_POINT('Ctrl Pts',(-38.1027028389281,30.9161268750008,5.9705061000881));
#2994=CARTESIAN_POINT('Ctrl Pts',(-38.6143472605441,31.1493660307435,7.19909936133321));
#2995=CARTESIAN_POINT('Ctrl Pts',(-38.7584244227631,31.20060347422,8.39655239054638));
#2996=CARTESIAN_POINT('Ctrl Pts',(-38.7652807235936,31.2074597750505,8.99969797719556));
#2997=CARTESIAN_POINT('Ctrl Pts',(-37.6559516746802,31.0323731333704,5.40012919633761));
#2998=CARTESIAN_POINT('Ctrl Pts',(-37.8524243647613,31.0845367541486,5.56384699251541));
#2999=CARTESIAN_POINT('Ctrl Pts',(-38.2417944369333,31.1894516308999,5.98230764113896));
#3000=CARTESIAN_POINT('Ctrl Pts',(-38.8610884695873,31.3824960222273,7.28779426083862));
#3001=CARTESIAN_POINT('Ctrl Pts',(-39.0251376230132,31.4095576163233,8.39212936852667));
#3002=CARTESIAN_POINT('Ctrl Pts',(-39.0445901978986,31.4217808343986,8.99969797719556));
#3003=CARTESIAN_POINT('Ctrl Pts',(-37.901717436001,31.5163910286298,5.15436343501676));
#3004=CARTESIAN_POINT('Ctrl Pts',(-38.18440364614,31.5377803296545,5.38482142180605));
#3005=CARTESIAN_POINT('Ctrl Pts',(-38.7322153682982,31.5885631534269,5.97205040778237));
#3006=CARTESIAN_POINT('Ctrl Pts',(-39.3419442908288,31.6231223753334,7.30872069380401));
#3007=CARTESIAN_POINT('Ctrl Pts',(-39.5101002800697,31.6187671215899,8.40032546360431));
#3008=CARTESIAN_POINT('Ctrl Pts',(-39.5324984480716,31.623879048814,8.99969797719556));
#3009=CARTESIAN_POINT('Ctrl Pts',(-38.1824547351022,31.6698327977286,4.87362613591566));
#3010=CARTESIAN_POINT('Ctrl Pts',(-38.5127349982817,31.6698327977286,5.19097803426565));
#3011=CARTESIAN_POINT('Ctrl Pts',(-39.1039183938231,31.6698327977286,5.94099923958637));
#3012=CARTESIAN_POINT('Ctrl Pts',(-39.7084562336945,31.6698327977286,7.36660891105464));
#3013=CARTESIAN_POINT('Ctrl Pts',(-39.8718516721962,31.6698327977286,8.44703820144033));
#3014=CARTESIAN_POINT('Ctrl Pts',(-39.8815479458184,31.6698327977286,8.99969797719556));
#3015=CARTESIAN_POINT('Ctrl Pts',(-38.2988100185684,31.6698327977286,4.75727085244937));
#3016=CARTESIAN_POINT('Ctrl Pts',(-38.6690316265821,31.6698327977286,5.12749246046305));
#3017=CARTESIAN_POINT('Ctrl Pts',(-39.3119624397026,31.6698327977286,5.96537870446268));
#3018=CARTESIAN_POINT('Ctrl Pts',(-39.918226563814,31.6698327977286,7.4290297752727));
#3019=CARTESIAN_POINT('Ctrl Pts',(-40.0560808710178,31.6698327977286,8.47612555805903));
#3020=CARTESIAN_POINT('Ctrl Pts',(-40.0560808710178,31.6698327977286,8.99969797719556));
#3021=CARTESIAN_POINT('',(-40.0560808710178,31.6698327977286,8.99969797719556));
#3022=CARTESIAN_POINT('Origin',(-34.0563828938223,31.6698327977286,8.99969797719556));
#3023=CARTESIAN_POINT('Origin',(-40.0560808710178,29.6698327977286,8.99969797719556));
#3024=CARTESIAN_POINT('Ctrl Pts',(-37.5781848948278,30.5079287476325,5.47789597618999));
#3025=CARTESIAN_POINT('Ctrl Pts',(-37.6025224778944,30.7013176642579,5.45355839312342));
#3026=CARTESIAN_POINT('Ctrl Pts',(-37.6559516746802,31.0323731333704,5.40012919633761));
#3027=CARTESIAN_POINT('Ctrl Pts',(-37.901717436001,31.5163910286298,5.15436343501676));
#3028=CARTESIAN_POINT('Ctrl Pts',(-38.1824547351022,31.6698327977286,4.87362613591566));
#3029=CARTESIAN_POINT('Ctrl Pts',(-38.2988100185684,31.6698327977286,4.75727085244937));
#3030=CARTESIAN_POINT('Ctrl Pts',(-37.4345167988151,30.6046232059452,5.30989029711074));
#3031=CARTESIAN_POINT('Ctrl Pts',(-37.4544033769201,30.7787180624379,5.27954278578499));
#3032=CARTESIAN_POINT('Ctrl Pts',(-37.4922338785024,31.0845367541486,5.20365650625654));
#3033=CARTESIAN_POINT('Ctrl Pts',(-37.6712594492117,31.5377803296545,4.8716772248778));
#3034=CARTESIAN_POINT('Ctrl Pts',(-37.8651028367522,31.6698327977286,4.54334587273607));
#3035=CARTESIAN_POINT('Ctrl Pts',(-37.9285884105548,31.6698327977286,4.38704924443568));
#3036=CARTESIAN_POINT('Ctrl Pts',(-37.080835067016,30.7688370100476,5.00416636646236));
#3037=CARTESIAN_POINT('Ctrl Pts',(-37.0855747709297,30.9161268750008,4.95337803208974));
#3038=CARTESIAN_POINT('Ctrl Pts',(-37.0737732298788,31.1894516308999,4.81428643408451));
#3039=CARTESIAN_POINT('Ctrl Pts',(-37.0840304632355,31.5885631534269,4.32386550271954));
#3040=CARTESIAN_POINT('Ctrl Pts',(-37.1150816314314,31.6698327977286,3.95216247719472));
#3041=CARTESIAN_POINT('Ctrl Pts',(-37.0907021665551,31.6698327977286,3.74411843131522));
#3042=CARTESIAN_POINT('Ctrl Pts',(-35.8888662903533,31.0244484620647,4.53862307016334));
#3043=CARTESIAN_POINT('Ctrl Pts',(-35.8569815096846,31.1493660307435,4.4417336104737));
#3044=CARTESIAN_POINT('Ctrl Pts',(-35.7682866101792,31.3824960222274,4.19499240143051));
#3045=CARTESIAN_POINT('Ctrl Pts',(-35.7473601772138,31.6231223753334,3.71413658018904));
#3046=CARTESIAN_POINT('Ctrl Pts',(-35.6894719599632,31.6698327977286,3.34762463732326));
#3047=CARTESIAN_POINT('Ctrl Pts',(-35.6270510957451,31.6698327977286,3.1378543072038));
#3048=CARTESIAN_POINT('Ctrl Pts',(-34.6564771673791,31.0840463601017,4.41421356237309));
#3049=CARTESIAN_POINT('Ctrl Pts',(-34.6595284804714,31.20060347422,4.29765644825474));
#3050=CARTESIAN_POINT('Ctrl Pts',(-34.6639515024911,31.4095576163233,4.0309432480046));
#3051=CARTESIAN_POINT('Ctrl Pts',(-34.6557554074135,31.6187671215899,3.54598059094814));
#3052=CARTESIAN_POINT('Ctrl Pts',(-34.6090426695775,31.6698327977286,3.18422919882162));
#3053=CARTESIAN_POINT('Ctrl Pts',(-34.5799553129588,31.6698327977286,3.));
#3054=CARTESIAN_POINT('Ctrl Pts',(-34.0563828938223,31.0840463601017,4.41421356237309));
#3055=CARTESIAN_POINT('Ctrl Pts',(-34.0563828938223,31.2074597750505,4.29080014742425));
#3056=CARTESIAN_POINT('Ctrl Pts',(-34.0563828938223,31.4217808343986,4.01149067311925));
#3057=CARTESIAN_POINT('Ctrl Pts',(-34.0563828938222,31.623879048814,3.52358242294624));
#3058=CARTESIAN_POINT('Ctrl Pts',(-34.0563828938223,31.6698327977286,3.17453292519943));
#3059=CARTESIAN_POINT('Ctrl Pts',(-34.0563828938223,31.6698327977286,3.));
#3060=CARTESIAN_POINT('',(-34.0563828938223,31.0840463601017,4.41421356237309));
#3061=CARTESIAN_POINT('Ctrl Pts',(-37.5781848948278,30.5079287476325,5.47789597618999));
#3062=CARTESIAN_POINT('Ctrl Pts',(-37.4345167988151,30.6046232059452,5.30989029711074));
#3063=CARTESIAN_POINT('Ctrl Pts',(-37.080835067016,30.7688370100476,5.00416636646236));
#3064=CARTESIAN_POINT('Ctrl Pts',(-35.8888662903533,31.0244484620647,4.53862307016334));
#3065=CARTESIAN_POINT('Ctrl Pts',(-34.6564771673791,31.0840463601017,4.41421356237309));
#3066=CARTESIAN_POINT('Ctrl Pts',(-34.0563828938223,31.0840463601017,4.41421356237309));
#3067=CARTESIAN_POINT('',(-34.0563828938223,31.6698327977286,3.));
#3068=CARTESIAN_POINT('Origin',(-34.0563828938223,29.6698327977286,3.));
#3069=CARTESIAN_POINT('Origin',(-34.0563828938223,31.6698327977286,8.99969797719556));
#3070=CARTESIAN_POINT('Ctrl Pts',(-37.5781848948278,30.5079287476325,5.47789597618999));
#3071=CARTESIAN_POINT('Ctrl Pts',(-37.4345167988151,30.6046232059452,5.30989029711074));
#3072=CARTESIAN_POINT('Ctrl Pts',(-37.080835067016,30.7688370100476,5.00416636646236));
#3073=CARTESIAN_POINT('Ctrl Pts',(-35.8888662903533,31.0244484620647,4.53862307016334));
#3074=CARTESIAN_POINT('Ctrl Pts',(-34.6564771673791,31.0840463601017,4.41421356237309));
#3075=CARTESIAN_POINT('Ctrl Pts',(-34.0563828938223,31.0840463601017,4.41421356237309));
#3076=CARTESIAN_POINT('Ctrl Pts',(-37.4101792157486,30.4112342893198,5.3342278801773));
#3077=CARTESIAN_POINT('Ctrl Pts',(-37.2563185979368,30.5080939105999,5.19950166920021));
#3078=CARTESIAN_POINT('Ctrl Pts',(-36.8887728048927,30.675106870327,4.95360492693411));
#3079=CARTESIAN_POINT('Ctrl Pts',(-35.7018031852362,30.9204136733059,4.59806312529417));
#3080=CARTESIAN_POINT('Ctrl Pts',(-34.5867487127805,30.9674892459833,4.53077067649145));
#3081=CARTESIAN_POINT('Ctrl Pts',(-34.0563828938223,30.9606329451528,4.53762697732194));
#3082=CARTESIAN_POINT('Ctrl Pts',(-37.0615122676463,30.2021416911513,5.13466066358779));
#3083=CARTESIAN_POINT('Ctrl Pts',(-36.8950617243258,30.3002594055316,5.05038503373734));
#3084=CARTESIAN_POINT('Ctrl Pts',(-36.502806420994,30.4693503756229,4.89959573620995));
#3085=CARTESIAN_POINT('Ctrl Pts',(-35.3241961928027,30.6776613492642,4.73194724668001));
#3086=CARTESIAN_POINT('Ctrl Pts',(-34.4682156030092,30.7007760457332,4.73972481859474));
#3087=CARTESIAN_POINT('Ctrl Pts',(-34.0563828938222,30.6813234708478,4.75194803666999));
#3088=CARTESIAN_POINT('Ctrl Pts',(-36.2882009827483,29.6747498984371,4.99484322897422));
#3089=CARTESIAN_POINT('Ctrl Pts',(-36.1100608381692,29.7839872445268,4.9724064613203));
#3090=CARTESIAN_POINT('Ctrl Pts',(-35.6816510601164,29.9693965516242,4.94186610148764));
#3091=CARTESIAN_POINT('Ctrl Pts',(-34.8451111243581,30.1863980989333,4.93899178560846));
#3092=CARTESIAN_POINT('Ctrl Pts',(-34.3313521498256,30.2158133886767,4.94893432386134));
#3093=CARTESIAN_POINT('Ctrl Pts',(-34.0563828938222,30.1934152206748,4.95404625108538));
#3094=CARTESIAN_POINT('Ctrl Pts',(-35.7214464589293,29.2639905987665,5.));
#3095=CARTESIAN_POINT('Ctrl Pts',(-35.5801376761777,29.3890127354311,5.));
#3096=CARTESIAN_POINT('Ctrl Pts',(-35.2595585138606,29.6089317923485,5.));
#3097=CARTESIAN_POINT('Ctrl Pts',(-34.6770381212192,29.8207362415022,5.));
#3098=CARTESIAN_POINT('Ctrl Pts',(-34.2630356522077,29.8540619965502,5.));
#3099=CARTESIAN_POINT('Ctrl Pts',(-34.0563828938222,29.844365722928,5.));
#3100=CARTESIAN_POINT('Ctrl Pts',(-35.4703828938222,29.084134820533,5.));
#3101=CARTESIAN_POINT('Ctrl Pts',(-35.3469881157063,29.207529598649,5.));
#3102=CARTESIAN_POINT('Ctrl Pts',(-35.0677208203166,29.4218182930734,5.));
#3103=CARTESIAN_POINT('Ctrl Pts',(-34.5798862498526,29.623885988354,5.));
#3104=CARTESIAN_POINT('Ctrl Pts',(-34.2308894625599,29.6698327977286,5.));
#3105=CARTESIAN_POINT('Ctrl Pts',(-34.0563828938222,29.6698327977286,5.));
#3106=CARTESIAN_POINT('Origin',(-34.0563828938223,29.6698327977286,3.));
#3107=CARTESIAN_POINT('Ctrl Pts',(-25.4862450688311,30.5079287476325,5.47789597618999));
#3108=CARTESIAN_POINT('Ctrl Pts',(-25.6299131648438,30.6046232059452,5.30989029711074));
#3109=CARTESIAN_POINT('Ctrl Pts',(-25.9835948966428,30.7688370100476,5.00416636646236));
#3110=CARTESIAN_POINT('Ctrl Pts',(-27.1755636733055,31.0244484620647,4.53862307016335));
#3111=CARTESIAN_POINT('Ctrl Pts',(-28.4079527962798,31.0840463601017,4.41421356237309));
#3112=CARTESIAN_POINT('Ctrl Pts',(-29.0080470698366,31.0840463601017,4.41421356237309));
#3113=CARTESIAN_POINT('Ctrl Pts',(-25.4619074857645,30.7013176642579,5.45355839312342));
#3114=CARTESIAN_POINT('Ctrl Pts',(-25.6100265867388,30.7787180624379,5.27954278578499));
#3115=CARTESIAN_POINT('Ctrl Pts',(-25.9788551927292,30.9161268750008,4.95337803208974));
#3116=CARTESIAN_POINT('Ctrl Pts',(-27.2074484539743,31.1493660307435,4.4417336104737));
#3117=CARTESIAN_POINT('Ctrl Pts',(-28.4049014831875,31.20060347422,4.29765644825474));
#3118=CARTESIAN_POINT('Ctrl Pts',(-29.0080470698366,31.2074597750505,4.29080014742425));
#3119=CARTESIAN_POINT('Ctrl Pts',(-25.4084782889787,31.0323731333704,5.40012919633761));
#3120=CARTESIAN_POINT('Ctrl Pts',(-25.5721960851565,31.0845367541486,5.20365650625654));
#3121=CARTESIAN_POINT('Ctrl Pts',(-25.9906567337801,31.1894516308999,4.81428643408451));
#3122=CARTESIAN_POINT('Ctrl Pts',(-27.2961433534797,31.3824960222273,4.19499240143051));
#3123=CARTESIAN_POINT('Ctrl Pts',(-28.4004784611678,31.4095576163233,4.0309432480046));
#3124=CARTESIAN_POINT('Ctrl Pts',(-29.0080470698367,31.4217808343986,4.01149067311925));
#3125=CARTESIAN_POINT('Ctrl Pts',(-25.1627125276578,31.5163910286298,5.15436343501676));
#3126=CARTESIAN_POINT('Ctrl Pts',(-25.3931705144471,31.5377803296545,4.8716772248778));
#3127=CARTESIAN_POINT('Ctrl Pts',(-25.9803995004234,31.5885631534269,4.32386550271953));
#3128=CARTESIAN_POINT('Ctrl Pts',(-27.3170697864451,31.6231223753334,3.71413658018904));
#3129=CARTESIAN_POINT('Ctrl Pts',(-28.4086745562454,31.6187671215899,3.54598059094814));
#3130=CARTESIAN_POINT('Ctrl Pts',(-29.0080470698366,31.623879048814,3.52358242294624));
#3131=CARTESIAN_POINT('Ctrl Pts',(-24.8819752285567,31.6698327977286,4.87362613591565));
#3132=CARTESIAN_POINT('Ctrl Pts',(-25.1993271269067,31.6698327977286,4.54334587273607));
#3133=CARTESIAN_POINT('Ctrl Pts',(-25.9493483322274,31.6698327977286,3.95216247719472));
#3134=CARTESIAN_POINT('Ctrl Pts',(-27.3749580036957,31.6698327977286,3.34762463732326));
#3135=CARTESIAN_POINT('Ctrl Pts',(-28.4553872940814,31.6698327977286,3.18422919882162));
#3136=CARTESIAN_POINT('Ctrl Pts',(-29.0080470698366,31.6698327977286,3.17453292519943));
#3137=CARTESIAN_POINT('Ctrl Pts',(-24.7656199450904,31.6698327977286,4.75727085244937));
#3138=CARTESIAN_POINT('Ctrl Pts',(-25.1358415531041,31.6698327977286,4.38704924443568));
#3139=CARTESIAN_POINT('Ctrl Pts',(-25.9737277971038,31.6698327977286,3.74411843131521));
#3140=CARTESIAN_POINT('Ctrl Pts',(-27.4373788679138,31.6698327977286,3.1378543072038));
#3141=CARTESIAN_POINT('Ctrl Pts',(-28.4844746507001,31.6698327977286,3.));
#3142=CARTESIAN_POINT('Ctrl Pts',(-29.0080470698366,31.6698327977286,3.));
#3143=CARTESIAN_POINT('',(-25.1041356940679,28.5551897479328,6.85440846338335));
#3144=CARTESIAN_POINT('',(-29.0080470698366,31.0840463601017,4.41421356237309));
#3145=CARTESIAN_POINT('Ctrl Pts',(-25.4862450688311,30.5079287476325,5.47789597618999));
#3146=CARTESIAN_POINT('Ctrl Pts',(-25.5229220237932,30.5326138265822,5.43500589205861));
#3147=CARTESIAN_POINT('Ctrl Pts',(-25.5618688304418,30.5566152304149,5.39292577615529));
#3148=CARTESIAN_POINT('Ctrl Pts',(-25.6044131538188,30.5800893649222,5.35142919640973));
#3149=CARTESIAN_POINT('Ctrl Pts',(-25.6545447286174,30.6077498196309,5.30253221730003));
#3150=CARTESIAN_POINT('Ctrl Pts',(-25.7096740721622,30.6346780361221,5.25444489596568));
#3151=CARTESIAN_POINT('Ctrl Pts',(-25.7719989923949,30.6611890193062,5.20677248456741));
#3152=CARTESIAN_POINT('Ctrl Pts',(-25.8274046089684,30.6847567569591,5.16439265740998));
#3153=CARTESIAN_POINT('Ctrl Pts',(-25.8884992027917,30.7079963875759,5.12233969293129));
#3154=CARTESIAN_POINT('Ctrl Pts',(-25.956806215464,30.7311564383155,5.08033228146916));
#3155=CARTESIAN_POINT('Ctrl Pts',(-25.9995205046394,30.7456390670517,5.05406386991805));
#3156=CARTESIAN_POINT('Ctrl Pts',(-26.0450545602349,30.7600910197121,5.02781325396863));
#3157=CARTESIAN_POINT('Ctrl Pts',(-26.0937705189741,30.7745758411995,5.00151301749787));
#3158=CARTESIAN_POINT('Ctrl Pts',(-26.1613373963624,30.7946656471432,4.96503575421719));
#3159=CARTESIAN_POINT('Ctrl Pts',(-26.2350277363466,30.8148183826421,4.92846280906446));
#3160=CARTESIAN_POINT('Ctrl Pts',(-26.3147486590992,30.834618342763,4.89245347478732));
#3161=CARTESIAN_POINT('Ctrl Pts',(-26.3966216718709,30.8549528086959,4.855472057822));
#3162=CARTESIAN_POINT('Ctrl Pts',(-26.4848551766978,30.8749148312677,4.81908579993268));
#3163=CARTESIAN_POINT('Ctrl Pts',(-26.5792939297391,30.8940636405247,4.78400956012144));
#3164=CARTESIAN_POINT('Ctrl Pts',(-26.675611920705,30.9135934921758,4.74823533777673));
#3165=CARTESIAN_POINT('Ctrl Pts',(-26.7783839532333,30.9322770069724,4.71382475089588));
#3166=CARTESIAN_POINT('Ctrl Pts',(-26.887394597589,30.9496624946302,4.68152410570681));
#3167=CARTESIAN_POINT('Ctrl Pts',(-26.9968888462831,30.9671251095934,4.64908016504198));
#3168=CARTESIAN_POINT('Ctrl Pts',(-27.112675974233,30.9832777163595,4.61876603089848));
#3169=CARTESIAN_POINT('Ctrl Pts',(-27.2345010530961,30.9976850846591,4.591310275317));
#3170=CARTESIAN_POINT('Ctrl Pts',(-27.2515283920643,30.9996987845144,4.58747281868429));
#3171=CARTESIAN_POINT('Ctrl Pts',(-27.2686736443561,31.0016784326325,4.58369114134127));
#3172=CARTESIAN_POINT('Ctrl Pts',(-27.2859360803365,31.0036228831441,4.57996717003531));
#3173=CARTESIAN_POINT('Ctrl Pts',(-27.3988764018742,31.0163445445734,4.55560290782069));
#3174=CARTESIAN_POINT('Ctrl Pts',(-27.5168289329871,31.0275590980236,4.53371037112583));
#3175=CARTESIAN_POINT('Ctrl Pts',(-27.6382608740043,31.0372579516261,4.51445972424251));
#3176=CARTESIAN_POINT('Ctrl Pts',(-27.7592926663943,31.0469248450794,4.49527251305708));
#3177=CARTESIAN_POINT('Ctrl Pts',(-27.8837809270313,31.0550864736624,4.47871001947133));
#3178=CARTESIAN_POINT('Ctrl Pts',(-28.010254804073,31.0617365284087,4.46491870228208));
#3179=CARTESIAN_POINT('Ctrl Pts',(-28.1387674334858,31.0684937816945,4.45090506977144));
#3180=CARTESIAN_POINT('Ctrl Pts',(-28.2693304590736,31.0736909345397,4.43975296507411));
#3181=CARTESIAN_POINT('Ctrl Pts',(-28.4004478935279,31.0773156040352,4.4315893818205));
#3182=CARTESIAN_POINT('Ctrl Pts',(-28.4971034599733,31.0799875941082,4.42557145013289));
#3183=CARTESIAN_POINT('Ctrl Pts',(-28.5940613813249,31.0818050093509,4.42117699106321));
#3184=CARTESIAN_POINT('Ctrl Pts',(-28.6907362954521,31.0827578295042,4.4184464625182));
#3185=CARTESIAN_POINT('Ctrl Pts',(-28.7505342504006,31.0833471933233,4.41675750293241));
#3186=CARTESIAN_POINT('Ctrl Pts',(-28.8104829640861,31.0836812619822,4.41562287511408));
#3187=CARTESIAN_POINT('Ctrl Pts',(-28.8710804638845,31.0838621410548,4.41495325637579));
#3188=CARTESIAN_POINT('Ctrl Pts',(-28.9163074350501,31.0839971402318,4.41445348613));
#3189=CARTESIAN_POINT('Ctrl Pts',(-28.9618958689933,31.0840463601017,4.41421356237309));
#3190=CARTESIAN_POINT('Ctrl Pts',(-29.0080470698366,31.0840463601017,4.41421356237309));
#3191=CARTESIAN_POINT('',(-24.7656199450904,31.6698327977286,4.75727085244937));
#3192=CARTESIAN_POINT('Ctrl Pts',(-25.4862450688311,30.5079287476325,5.47789597618999));
#3193=CARTESIAN_POINT('Ctrl Pts',(-25.4619074857645,30.7013176642579,5.45355839312342));
#3194=CARTESIAN_POINT('Ctrl Pts',(-25.4084782889787,31.0323731333704,5.40012919633761));
#3195=CARTESIAN_POINT('Ctrl Pts',(-25.1627125276578,31.5163910286298,5.15436343501676));
#3196=CARTESIAN_POINT('Ctrl Pts',(-24.8819752285567,31.6698327977286,4.87362613591565));
#3197=CARTESIAN_POINT('Ctrl Pts',(-24.7656199450904,31.6698327977286,4.75727085244937));
#3198=CARTESIAN_POINT('',(-29.0080470698366,31.6698327977286,3.));
#3199=CARTESIAN_POINT('Origin',(-29.0080470698366,31.6698327977286,8.99969797719556));
#3200=CARTESIAN_POINT('Origin',(-29.0080470698366,29.6698327977286,3.));
#3201=CARTESIAN_POINT('Ctrl Pts',(-25.4862450688311,30.5079287476325,5.47789597618999));
#3202=CARTESIAN_POINT('Ctrl Pts',(-25.4619074857645,30.7013176642579,5.45355839312342));
#3203=CARTESIAN_POINT('Ctrl Pts',(-25.4084782889787,31.0323731333704,5.40012919633761));
#3204=CARTESIAN_POINT('Ctrl Pts',(-25.1627125276578,31.5163910286298,5.15436343501676));
#3205=CARTESIAN_POINT('Ctrl Pts',(-24.8819752285567,31.6698327977286,4.87362613591565));
#3206=CARTESIAN_POINT('Ctrl Pts',(-24.7656199450904,31.6698327977286,4.75727085244937));
#3207=CARTESIAN_POINT('Ctrl Pts',(-25.3182393897518,30.6046232059452,5.62156407220267));
#3208=CARTESIAN_POINT('Ctrl Pts',(-25.2878918784261,30.7787180624379,5.60167749409769));
#3209=CARTESIAN_POINT('Ctrl Pts',(-25.2120055988976,31.0845367541486,5.56384699251541));
#3210=CARTESIAN_POINT('Ctrl Pts',(-24.8800263175189,31.5377803296545,5.38482142180606));
#3211=CARTESIAN_POINT('Ctrl Pts',(-24.5516949653771,31.6698327977286,5.19097803426565));
#3212=CARTESIAN_POINT('Ctrl Pts',(-24.3953983370768,31.6698327977286,5.12749246046305));
#3213=CARTESIAN_POINT('Ctrl Pts',(-25.0125154591034,30.7688370100476,5.97524580400176));
#3214=CARTESIAN_POINT('Ctrl Pts',(-24.9617271247308,30.9161268750008,5.97050610008811));
#3215=CARTESIAN_POINT('Ctrl Pts',(-24.8226355267256,31.1894516308999,5.98230764113896));
#3216=CARTESIAN_POINT('Ctrl Pts',(-24.3322145953606,31.588563153427,5.97205040778238));
#3217=CARTESIAN_POINT('Ctrl Pts',(-23.9605115698358,31.6698327977286,5.94099923958637));
#3218=CARTESIAN_POINT('Ctrl Pts',(-23.7524675239563,31.6698327977286,5.96537870446269));
#3219=CARTESIAN_POINT('Ctrl Pts',(-24.5469721628044,31.0244484620647,7.16721458066445));
#3220=CARTESIAN_POINT('Ctrl Pts',(-24.4500827031148,31.1493660307435,7.1990993613332));
#3221=CARTESIAN_POINT('Ctrl Pts',(-24.2033414940716,31.3824960222273,7.28779426083863));
#3222=CARTESIAN_POINT('Ctrl Pts',(-23.7224856728301,31.6231223753334,7.308720693804));
#3223=CARTESIAN_POINT('Ctrl Pts',(-23.3559737299643,31.6698327977286,7.36660891105464));
#3224=CARTESIAN_POINT('Ctrl Pts',(-23.1462033998449,31.6698327977286,7.42902977527269));
#3225=CARTESIAN_POINT('Ctrl Pts',(-24.4225626550142,31.0840463601017,8.39960370363869));
#3226=CARTESIAN_POINT('Ctrl Pts',(-24.3060055408958,31.20060347422,8.39655239054638));
#3227=CARTESIAN_POINT('Ctrl Pts',(-24.0392923406457,31.4095576163233,8.39212936852668));
#3228=CARTESIAN_POINT('Ctrl Pts',(-23.5543296835892,31.6187671215899,8.40032546360431));
#3229=CARTESIAN_POINT('Ctrl Pts',(-23.1925782914627,31.6698327977286,8.44703820144033));
#3230=CARTESIAN_POINT('Ctrl Pts',(-23.0083490926411,31.6698327977286,8.47612555805903));
#3231=CARTESIAN_POINT('Ctrl Pts',(-24.4225626550142,31.0840463601017,8.99969797719556));
#3232=CARTESIAN_POINT('Ctrl Pts',(-24.2991492400653,31.2074597750505,8.99969797719556));
#3233=CARTESIAN_POINT('Ctrl Pts',(-24.0198397657603,31.4217808343986,8.99969797719556));
#3234=CARTESIAN_POINT('Ctrl Pts',(-23.5319315155873,31.6238790488139,8.99969797719555));
#3235=CARTESIAN_POINT('Ctrl Pts',(-23.1828820178405,31.6698327977286,8.99969797719556));
#3236=CARTESIAN_POINT('Ctrl Pts',(-23.0083490926411,31.6698327977286,8.99969797719556));
#3237=CARTESIAN_POINT('',(-24.4225626550142,31.0840463601017,8.99969797719556));
#3238=CARTESIAN_POINT('Ctrl Pts',(-25.4862450688311,30.5079287476325,5.47789597618999));
#3239=CARTESIAN_POINT('Ctrl Pts',(-25.3182393897518,30.6046232059452,5.62156407220267));
#3240=CARTESIAN_POINT('Ctrl Pts',(-25.0125154591034,30.7688370100476,5.97524580400176));
#3241=CARTESIAN_POINT('Ctrl Pts',(-24.5469721628044,31.0244484620647,7.16721458066446));
#3242=CARTESIAN_POINT('Ctrl Pts',(-24.4225626550142,31.0840463601017,8.39960370363869));
#3243=CARTESIAN_POINT('Ctrl Pts',(-24.4225626550142,31.0840463601017,8.99969797719556));
#3244=CARTESIAN_POINT('',(-23.0083490926411,31.6698327977286,8.99969797719556));
#3245=CARTESIAN_POINT('Origin',(-23.0083490926411,29.6698327977286,8.99969797719556));
#3246=CARTESIAN_POINT('Origin',(-29.0080470698366,31.6698327977286,8.99969797719556));
#3247=CARTESIAN_POINT('Ctrl Pts',(-25.4862450688311,30.5079287476325,5.47789597618999));
#3248=CARTESIAN_POINT('Ctrl Pts',(-25.3182393897518,30.6046232059452,5.62156407220267));
#3249=CARTESIAN_POINT('Ctrl Pts',(-25.0125154591034,30.7688370100476,5.97524580400176));
#3250=CARTESIAN_POINT('Ctrl Pts',(-24.5469721628044,31.0244484620647,7.16721458066446));
#3251=CARTESIAN_POINT('Ctrl Pts',(-24.4225626550142,31.0840463601017,8.39960370363869));
#3252=CARTESIAN_POINT('Ctrl Pts',(-24.4225626550142,31.0840463601017,8.99969797719556));
#3253=CARTESIAN_POINT('Ctrl Pts',(-25.3425769728184,30.4112342893198,5.64590165526924));
#3254=CARTESIAN_POINT('Ctrl Pts',(-25.2078507618413,30.5080939106,5.79976227308098));
#3255=CARTESIAN_POINT('Ctrl Pts',(-24.9619540195752,30.675106870327,6.16730806612514));
#3256=CARTESIAN_POINT('Ctrl Pts',(-24.6064122179352,30.9204136733059,7.35427768578164));
#3257=CARTESIAN_POINT('Ctrl Pts',(-24.5391197691325,30.9674892459833,8.46933215823733));
#3258=CARTESIAN_POINT('Ctrl Pts',(-24.545976069963,30.9606329451528,8.99969797719556));
#3259=CARTESIAN_POINT('Ctrl Pts',(-25.1430097562289,30.2021416911513,5.99456860337154));
#3260=CARTESIAN_POINT('Ctrl Pts',(-25.0587341263784,30.3002594055317,6.16101914669196));
#3261=CARTESIAN_POINT('Ctrl Pts',(-24.907944828851,30.4693503756229,6.55327445002384));
#3262=CARTESIAN_POINT('Ctrl Pts',(-24.7402963393211,30.6776613492642,7.73188467821505));
#3263=CARTESIAN_POINT('Ctrl Pts',(-24.7480739112358,30.7007760457332,8.58786526800857));
#3264=CARTESIAN_POINT('Ctrl Pts',(-24.7602971293111,30.6813234708478,8.99969797719556));
#3265=CARTESIAN_POINT('Ctrl Pts',(-25.0031923216153,29.6747498984371,6.76787988826946));
#3266=CARTESIAN_POINT('Ctrl Pts',(-24.9807555539614,29.7839872445268,6.94602003284858));
#3267=CARTESIAN_POINT('Ctrl Pts',(-24.9502151941287,29.9693965516242,7.3744298109014));
#3268=CARTESIAN_POINT('Ctrl Pts',(-24.9473408782495,30.1863980989333,8.21096974665969));
#3269=CARTESIAN_POINT('Ctrl Pts',(-24.9572834165024,30.2158133886767,8.72472872119214));
#3270=CARTESIAN_POINT('Ctrl Pts',(-24.9623953437265,30.1934152206748,8.99969797719556));
#3271=CARTESIAN_POINT('Ctrl Pts',(-25.0083490926411,29.2639905987665,7.33463441208853));
#3272=CARTESIAN_POINT('Ctrl Pts',(-25.0083490926411,29.3890127354311,7.47594319484007));
#3273=CARTESIAN_POINT('Ctrl Pts',(-25.0083490926411,29.6089317923485,7.79652235715718));
#3274=CARTESIAN_POINT('Ctrl Pts',(-25.0083490926411,29.8207362415022,8.37904274979861));
#3275=CARTESIAN_POINT('Ctrl Pts',(-25.0083490926411,29.8540619965502,8.79304521881012));
#3276=CARTESIAN_POINT('Ctrl Pts',(-25.0083490926411,29.844365722928,8.99969797719556));
#3277=CARTESIAN_POINT('Ctrl Pts',(-25.0083490926411,29.084134820533,7.58569797719556));
#3278=CARTESIAN_POINT('Ctrl Pts',(-25.0083490926411,29.207529598649,7.70909275531156));
#3279=CARTESIAN_POINT('Ctrl Pts',(-25.0083490926411,29.4218182930734,7.98836005070119));
#3280=CARTESIAN_POINT('Ctrl Pts',(-25.0083490926411,29.623885988354,8.47619462116518));
#3281=CARTESIAN_POINT('Ctrl Pts',(-25.0083490926411,29.6698327977286,8.82519140845789));
#3282=CARTESIAN_POINT('Ctrl Pts',(-25.0083490926411,29.6698327977286,8.99969797719556));
#3283=CARTESIAN_POINT('Origin',(-23.0083490926411,29.6698327977286,8.99969797719556));
#3284=CARTESIAN_POINT('Ctrl Pts',(-25.4862450688311,30.5079287476325,5.47789597618999));
#3285=CARTESIAN_POINT('Ctrl Pts',(-25.5105826518976,30.3145398310071,5.50223355925655));
#3286=CARTESIAN_POINT('Ctrl Pts',(-25.5456718671343,29.8989815423581,5.53732277449318));
#3287=CARTESIAN_POINT('Ctrl Pts',(-25.6162247738896,28.817023851219,5.6078756812485));
#3288=CARTESIAN_POINT('Ctrl Pts',(-25.594135530268,28.0298112350509,5.58578643762691));
#3289=CARTESIAN_POINT('Ctrl Pts',(-25.594135530268,27.670134820533,5.58578643762691));
#3290=CARTESIAN_POINT('Ctrl Pts',(-25.6542507479103,30.4112342893198,5.3342278801773));
#3291=CARTESIAN_POINT('Ctrl Pts',(-25.6583307536699,30.2200389699645,5.37185576546072));
#3292=CARTESIAN_POINT('Ctrl Pts',(-25.671873703086,29.8048656260937,5.42560811110998));
#3293=CARTESIAN_POINT('Ctrl Pts',(-25.7300234450462,28.7386319816178,5.49502026442339));
#3294=CARTESIAN_POINT('Ctrl Pts',(-25.7106926443863,28.0098292120221,5.46922932350855));
#3295=CARTESIAN_POINT('Ctrl Pts',(-25.7175489452168,27.670134820533,5.46237302267806));
#3296=CARTESIAN_POINT('Ctrl Pts',(-26.0029176960126,30.2021416911513,5.13466066358779));
#3297=CARTESIAN_POINT('Ctrl Pts',(-25.9784249398213,30.0113029052104,5.17682752115781));
#3298=CARTESIAN_POINT('Ctrl Pts',(-25.960798132959,29.5855545981667,5.24129572559812));
#3299=CARTESIAN_POINT('Ctrl Pts',(-25.9945486538732,28.5597170281863,5.28710135882312));
#3300=CARTESIAN_POINT('Ctrl Pts',(-25.9774058446365,27.9688180323022,5.26027518140525));
#3301=CARTESIAN_POINT('Ctrl Pts',(-25.9968584195218,27.670134820533,5.24805196333));
#3302=CARTESIAN_POINT('Ctrl Pts',(-26.7762289809105,29.6747498984371,4.99484322897422));
#3303=CARTESIAN_POINT('Ctrl Pts',(-26.7071236725603,29.4866093946914,5.01665736604886));
#3304=CARTESIAN_POINT('Ctrl Pts',(-26.6093425714368,29.0618784913655,5.04783223478648));
#3305=CARTESIAN_POINT('Ctrl Pts',(-26.4899240826368,28.3375180928811,5.05695190506549));
#3306=CARTESIAN_POINT('Ctrl Pts',(-26.4623685016929,27.9058807806106,5.05106567613866));
#3307=CARTESIAN_POINT('Ctrl Pts',(-26.4847666696948,27.670134820533,5.04595374891462));
#3308=CARTESIAN_POINT('Ctrl Pts',(-27.3429835047296,29.2639905987665,5.));
#3309=CARTESIAN_POINT('Ctrl Pts',(-27.2295706736566,29.1189844867425,5.));
#3310=CARTESIAN_POINT('Ctrl Pts',(-27.0375643661902,28.8003017350431,5.));
#3311=CARTESIAN_POINT('Ctrl Pts',(-26.8573789422485,28.2498475961649,5.));
#3312=CARTESIAN_POINT('Ctrl Pts',(-26.8241198938195,27.8649196144395,5.));
#3313=CARTESIAN_POINT('Ctrl Pts',(-26.8338161674417,27.670134820533,5.));
#3314=CARTESIAN_POINT('Ctrl Pts',(-27.5940470698366,29.084134820533,5.));
#3315=CARTESIAN_POINT('Ctrl Pts',(-27.4706522917206,28.960740042417,5.));
#3316=CARTESIAN_POINT('Ctrl Pts',(-27.2563635972963,28.6814727470274,5.));
#3317=CARTESIAN_POINT('Ctrl Pts',(-27.0542959020156,28.1936381765634,5.));
#3318=CARTESIAN_POINT('Ctrl Pts',(-27.0083490926411,27.8446413892707,5.));
#3319=CARTESIAN_POINT('Ctrl Pts',(-27.0083490926411,27.670134820533,5.));
#3320=CARTESIAN_POINT('',(-25.594135530268,27.670134820533,5.58578643762691));
#3321=CARTESIAN_POINT('Ctrl Pts',(-25.4862450688311,30.5079287476325,5.47789597618999));
#3322=CARTESIAN_POINT('Ctrl Pts',(-25.5105826518976,30.3145398310071,5.50223355925655));
#3323=CARTESIAN_POINT('Ctrl Pts',(-25.5456718671343,29.8989815423581,5.53732277449318));
#3324=CARTESIAN_POINT('Ctrl Pts',(-25.6162247738896,28.817023851219,5.6078756812485));
#3325=CARTESIAN_POINT('Ctrl Pts',(-25.594135530268,28.0298112350509,5.58578643762691));
#3326=CARTESIAN_POINT('Ctrl Pts',(-25.594135530268,27.670134820533,5.58578643762691));
#3327=CARTESIAN_POINT('',(-27.5940470698366,29.084134820533,5.));
#3328=CARTESIAN_POINT('Ctrl Pts',(-25.4862450688311,30.5079287476325,5.47789597618999));
#3329=CARTESIAN_POINT('Ctrl Pts',(-25.6542507479103,30.4112342893198,5.3342278801773));
#3330=CARTESIAN_POINT('Ctrl Pts',(-26.0029176960126,30.2021416911513,5.13466066358779));
#3331=CARTESIAN_POINT('Ctrl Pts',(-26.7762289809105,29.6747498984371,4.99484322897422));
#3332=CARTESIAN_POINT('Ctrl Pts',(-27.3429835047296,29.2639905987665,5.));
#3333=CARTESIAN_POINT('Ctrl Pts',(-27.5940470698366,29.084134820533,5.));
#3334=CARTESIAN_POINT('',(-27.0083490926411,27.6698327977286,5.));
#3335=CARTESIAN_POINT('Origin',(-29.0080470698366,27.670134820533,5.));
#3336=CARTESIAN_POINT('Origin',(-27.0083490926411,27.6698327977286,7.));
#3337=CARTESIAN_POINT('Ctrl Pts',(-25.4862450688311,30.5079287476325,5.47789597618999));
#3338=CARTESIAN_POINT('Ctrl Pts',(-25.6542507479103,30.4112342893198,5.3342278801773));
#3339=CARTESIAN_POINT('Ctrl Pts',(-26.0029176960126,30.2021416911513,5.13466066358779));
#3340=CARTESIAN_POINT('Ctrl Pts',(-26.7762289809105,29.6747498984371,4.99484322897422));
#3341=CARTESIAN_POINT('Ctrl Pts',(-27.3429835047296,29.2639905987665,5.));
#3342=CARTESIAN_POINT('Ctrl Pts',(-27.5940470698366,29.084134820533,5.));
#3343=CARTESIAN_POINT('Ctrl Pts',(-25.6299131648438,30.6046232059452,5.30989029711074));
#3344=CARTESIAN_POINT('Ctrl Pts',(-25.8081113657221,30.5080939106,5.19950166920021));
#3345=CARTESIAN_POINT('Ctrl Pts',(-26.169368239333,30.3002594055316,5.05038503373733));
#3346=CARTESIAN_POINT('Ctrl Pts',(-26.9543691254897,29.7839872445268,4.9724064613203));
#3347=CARTESIAN_POINT('Ctrl Pts',(-27.4842922874811,29.3890127354311,5.));
#3348=CARTESIAN_POINT('Ctrl Pts',(-27.7174418479526,29.207529598649,5.));
#3349=CARTESIAN_POINT('Ctrl Pts',(-25.9835948966428,30.7688370100476,5.00416636646236));
#3350=CARTESIAN_POINT('Ctrl Pts',(-26.1756571587662,30.675106870327,4.95360492693411));
#3351=CARTESIAN_POINT('Ctrl Pts',(-26.5616235426649,30.4693503756229,4.89959573620995));
#3352=CARTESIAN_POINT('Ctrl Pts',(-27.3827789035425,29.9693965516242,4.94186610148764));
#3353=CARTESIAN_POINT('Ctrl Pts',(-27.8048714497983,29.6089317923485,5.));
#3354=CARTESIAN_POINT('Ctrl Pts',(-27.9967091433423,29.4218182930734,5.));
#3355=CARTESIAN_POINT('Ctrl Pts',(-27.1755636733055,31.0244484620647,4.53862307016335));
#3356=CARTESIAN_POINT('Ctrl Pts',(-27.3626267784227,30.9204136733059,4.59806312529417));
#3357=CARTESIAN_POINT('Ctrl Pts',(-27.7402337708561,30.6776613492642,4.73194724668001));
#3358=CARTESIAN_POINT('Ctrl Pts',(-28.2193188393008,30.1863980989333,4.93899178560846));
#3359=CARTESIAN_POINT('Ctrl Pts',(-28.3873918424397,29.8207362415022,5.));
#3360=CARTESIAN_POINT('Ctrl Pts',(-28.4845437138063,29.623885988354,5.));
#3361=CARTESIAN_POINT('Ctrl Pts',(-28.4079527962798,31.0840463601017,4.41421356237309));
#3362=CARTESIAN_POINT('Ctrl Pts',(-28.4776812508784,30.9674892459833,4.53077067649145));
#3363=CARTESIAN_POINT('Ctrl Pts',(-28.5962143606497,30.7007760457332,4.73972481859474));
#3364=CARTESIAN_POINT('Ctrl Pts',(-28.7330778138332,30.2158133886767,4.94893432386134));
#3365=CARTESIAN_POINT('Ctrl Pts',(-28.8013943114512,29.8540619965502,5.));
#3366=CARTESIAN_POINT('Ctrl Pts',(-28.833540501099,29.6698327977286,5.));
#3367=CARTESIAN_POINT('Ctrl Pts',(-29.0080470698366,31.0840463601017,4.41421356237309));
#3368=CARTESIAN_POINT('Ctrl Pts',(-29.0080470698366,30.9606329451528,4.53762697732194));
#3369=CARTESIAN_POINT('Ctrl Pts',(-29.0080470698366,30.6813234708478,4.75194803666999));
#3370=CARTESIAN_POINT('Ctrl Pts',(-29.0080470698366,30.1934152206748,4.95404625108538));
#3371=CARTESIAN_POINT('Ctrl Pts',(-29.0080470698366,29.844365722928,5.));
#3372=CARTESIAN_POINT('Ctrl Pts',(-29.0080470698366,29.6698327977286,5.));
#3373=CARTESIAN_POINT('',(-29.0080470698366,29.6698327977286,5.));
#3374=CARTESIAN_POINT('Origin',(-29.0080470698366,29.6698327977286,3.));
#3375=CARTESIAN_POINT('Origin',(-29.0080470698366,27.670134820533,5.));
#3376=CARTESIAN_POINT('Origin',(-23.0083490926411,29.6698327977286,6.5));
#3377=CARTESIAN_POINT('',(-25.0083490926411,29.6698327977286,13.));
#3378=CARTESIAN_POINT('',(-23.0083490926411,31.6698327977286,13.));
#3379=CARTESIAN_POINT('Origin',(-23.0083490926411,29.6698327977286,13.));
#3380=CARTESIAN_POINT('',(-23.0083490926411,31.6698327977286,6.5));
#3381=CARTESIAN_POINT('',(-25.0083490926411,29.6698327977286,6.5));
#3382=CARTESIAN_POINT('Ctrl Pts',(-37.5781848948278,30.5079287476325,5.47789597618999));
#3383=CARTESIAN_POINT('Ctrl Pts',(-37.5538473117612,30.3145398310071,5.50223355925656));
#3384=CARTESIAN_POINT('Ctrl Pts',(-37.5187580965246,29.8989815423581,5.53732277449318));
#3385=CARTESIAN_POINT('Ctrl Pts',(-37.4482051897693,28.817023851219,5.6078756812485));
#3386=CARTESIAN_POINT('Ctrl Pts',(-37.4702944333909,28.0298112350509,5.5857864376269));
#3387=CARTESIAN_POINT('Ctrl Pts',(-37.4702944333909,27.670134820533,5.5857864376269));
#3388=CARTESIAN_POINT('Ctrl Pts',(-37.7218529908405,30.4112342893198,5.64590165526924));
#3389=CARTESIAN_POINT('Ctrl Pts',(-37.6842251055571,30.2200389699645,5.64998166102879));
#3390=CARTESIAN_POINT('Ctrl Pts',(-37.6304727599078,29.8048656260937,5.66352461044493));
#3391=CARTESIAN_POINT('Ctrl Pts',(-37.5610606065944,28.7386319816178,5.72167435240517));
#3392=CARTESIAN_POINT('Ctrl Pts',(-37.5868515475092,28.0098292120221,5.70234355174525));
#3393=CARTESIAN_POINT('Ctrl Pts',(-37.5937078483397,27.670134820533,5.70919985257574));
#3394=CARTESIAN_POINT('Ctrl Pts',(-37.92142020743,30.2021416911513,5.99456860337154));
#3395=CARTESIAN_POINT('Ctrl Pts',(-37.87925334986,30.0113029052104,5.97007584718026));
#3396=CARTESIAN_POINT('Ctrl Pts',(-37.8147851454197,29.5855545981668,5.95244904031796));
#3397=CARTESIAN_POINT('Ctrl Pts',(-37.7689795121946,28.5597170281863,5.98619956123211));
#3398=CARTESIAN_POINT('Ctrl Pts',(-37.7958056896126,27.9688180323022,5.9690567519954));
#3399=CARTESIAN_POINT('Ctrl Pts',(-37.8080289076878,27.670134820533,5.98850932688075));
#3400=CARTESIAN_POINT('Ctrl Pts',(-38.0612376420436,29.6747498984371,6.76787988826946));
#3401=CARTESIAN_POINT('Ctrl Pts',(-38.0394235049689,29.4866093946914,6.69877457991919));
#3402=CARTESIAN_POINT('Ctrl Pts',(-38.0082486362313,29.0618784913654,6.60099347879572));
#3403=CARTESIAN_POINT('Ctrl Pts',(-37.9991289659524,28.3375180928811,6.48157498999566));
#3404=CARTESIAN_POINT('Ctrl Pts',(-38.0050151948791,27.9058807806106,6.45401940905186));
#3405=CARTESIAN_POINT('Ctrl Pts',(-38.0101271221032,27.670134820533,6.47641757705375));
#3406=CARTESIAN_POINT('Ctrl Pts',(-38.0560808710178,29.2639905987665,7.33463441208853));
#3407=CARTESIAN_POINT('Ctrl Pts',(-38.0560808710178,29.1189844867425,7.22122158101556));
#3408=CARTESIAN_POINT('Ctrl Pts',(-38.0560808710178,28.8003017350431,7.02921527354909));
#3409=CARTESIAN_POINT('Ctrl Pts',(-38.0560808710178,28.2498475961649,6.84902984960738));
#3410=CARTESIAN_POINT('Ctrl Pts',(-38.0560808710178,27.8649196144395,6.81577080117837));
#3411=CARTESIAN_POINT('Ctrl Pts',(-38.0560808710178,27.670134820533,6.82546707480056));
#3412=CARTESIAN_POINT('Ctrl Pts',(-38.0560808710178,29.084134820533,7.58569797719555));
#3413=CARTESIAN_POINT('Ctrl Pts',(-38.0560808710178,28.960740042417,7.46230319907955));
#3414=CARTESIAN_POINT('Ctrl Pts',(-38.0560808710178,28.6814727470274,7.2480145046552));
#3415=CARTESIAN_POINT('Ctrl Pts',(-38.0560808710178,28.1936381765634,7.04594680937456));
#3416=CARTESIAN_POINT('Ctrl Pts',(-38.0560808710178,27.8446413892707,7.));
#3417=CARTESIAN_POINT('Ctrl Pts',(-38.0560808710178,27.670134820533,7.));
#3418=CARTESIAN_POINT('Origin',(-38.0560808710178,27.670134820533,8.99969797719556));
#3419=CARTESIAN_POINT('Origin',(-40.0560808710178,29.6698327977286,6.5));
#3420=CARTESIAN_POINT('',(-40.0560808710178,31.6698327977286,13.));
#3421=CARTESIAN_POINT('',(-38.0560808710178,29.6698327977286,13.));
#3422=CARTESIAN_POINT('Origin',(-40.0560808710178,29.6698327977286,13.));
#3423=CARTESIAN_POINT('',(-38.0560808710178,29.6698327977286,6.5));
#3424=CARTESIAN_POINT('',(-40.0560808710178,31.6698327977286,6.5));
#3425=CARTESIAN_POINT('Origin',(6.89409607115901,29.6698327977286,3.));
#3426=CARTESIAN_POINT('',(6.89409607115901,31.6698327977286,3.));
#3427=CARTESIAN_POINT('',(6.89409607115901,29.6698327977286,5.));
#3428=CARTESIAN_POINT('Origin',(45.3204071241475,31.6698327977286,0.));
#3429=CARTESIAN_POINT('',(43.3204071241477,31.6698327977286,13.));
#3430=CARTESIAN_POINT('',(-47.879592875852,31.6698327977286,13.));
#3431=CARTESIAN_POINT('',(43.3204071241477,31.6698327977286,0.));
#3432=CARTESIAN_POINT('',(41.3207091469522,31.6698327977286,2.));
#3433=CARTESIAN_POINT('Origin',(41.3207091469522,31.6698327977286,3.99969797719552));
#3434=CARTESIAN_POINT('',(22.0204071241494,31.6698327977286,2.));
#3435=CARTESIAN_POINT('',(-45.879592875852,31.6698327977286,3.99969797719556));
#3436=CARTESIAN_POINT('Origin',(-43.8798948986565,31.6698327977286,3.99969797719556));
#3437=CARTESIAN_POINT('',(-45.879592875852,31.6698327977286,13.));
#3438=CARTESIAN_POINT('',(-45.879592875852,31.6698327977286,0.));
#3439=CARTESIAN_POINT('',(-47.879592875852,31.6698327977286,13.));
#3440=CARTESIAN_POINT('Origin',(-1.27959287584835,0.118460817171213,13.));
#3441=CARTESIAN_POINT('',(-47.879592875852,29.6698327977286,13.));
#3442=CARTESIAN_POINT('Origin',(-45.879592875852,29.6698327977286,13.));
#3443=CARTESIAN_POINT('',(-47.8795928758521,2.72724357016359,13.));
#3444=CARTESIAN_POINT('',(-47.8795928758521,2.09327251261339,13.));
#3445=CARTESIAN_POINT('',(-47.5143710039782,1.57507150323934,13.));
#3446=CARTESIAN_POINT('Origin',(-45.8795928758521,2.72724357016359,13.));
#3447=CARTESIAN_POINT('',(-24.8482786979656,-30.5850832303103,13.));
#3448=CARTESIAN_POINT('',(-24.2507397137807,-31.4329111633862,13.));
#3449=CARTESIAN_POINT('',(-23.2135005698392,-31.432911163386,13.));
#3450=CARTESIAN_POINT('Origin',(-23.2135005698395,-29.432911163386,13.));
#3451=CARTESIAN_POINT('',(43.3204071241554,-31.4329111633777,13.));
#3452=CARTESIAN_POINT('',(45.3204071241554,-31.4329111633774,13.));
#3453=CARTESIAN_POINT('',(45.3204071241551,-29.4329111633774,13.));
#3454=CARTESIAN_POINT('Origin',(43.3204071241551,-29.4329111633776,13.));
#3455=CARTESIAN_POINT('',(45.3204071241477,29.6698327977288,13.));
#3456=CARTESIAN_POINT('',(45.3204071241475,31.6698327977286,13.));
#3457=CARTESIAN_POINT('Origin',(43.3204071241477,29.6698327977286,13.));
#3458=CARTESIAN_POINT('',(-25.0083490926411,27.6698327977286,13.));
#3459=CARTESIAN_POINT('',(-25.0083490926411,15.8941468074499,13.));
#3460=CARTESIAN_POINT('',(41.3204071241479,27.6698327977286,13.));
#3461=CARTESIAN_POINT('',(-43.8795928758521,27.6698327977286,13.));
#3462=CARTESIAN_POINT('',(41.3204071241549,-27.4329111633779,13.));
#3463=CARTESIAN_POINT('',(41.3204071241479,27.6698327977286,13.));
#3464=CARTESIAN_POINT('',(-22.1762614258707,-27.4329111633859,13.));
#3465=CARTESIAN_POINT('',(41.3204071241549,-27.4329111633779,13.));
#3466=CARTESIAN_POINT('',(-43.8795928758521,3.3612146276725,13.));
#3467=CARTESIAN_POINT('',(-22.1762614258707,-27.4329111633859,13.));
#3468=CARTESIAN_POINT('',(-43.8795928758521,27.6698327977286,13.));
#3469=CARTESIAN_POINT('',(-43.8795928758521,3.3612146276725,13.));
#3470=CARTESIAN_POINT('',(-38.0560808710178,27.6698327977286,13.));
#3471=CARTESIAN_POINT('',(-43.8795928758521,27.6698327977286,13.));
#3472=CARTESIAN_POINT('',(-38.0560808710178,13.8941468074499,13.));
#3473=CARTESIAN_POINT('',(41.6204071241479,29.6698327977286,13.));
#3474=CARTESIAN_POINT('Origin',(43.3204071241479,29.6698327977286,13.));
#3475=CARTESIAN_POINT('',(-37.0340677399555,-12.2354467577175,13.));
#3476=CARTESIAN_POINT('Origin',(-35.3340677399555,-12.2354467577175,13.));
#3477=CARTESIAN_POINT('',(-47.5795928758521,29.6698327977286,13.));
#3478=CARTESIAN_POINT('Origin',(-45.8795928758521,29.6698327977286,13.));
#3479=CARTESIAN_POINT('',(41.6204071241549,-29.4329111633776,13.));
#3480=CARTESIAN_POINT('Origin',(43.3204071241549,-29.4329111633776,13.));
#3481=CARTESIAN_POINT('Origin',(-25.0083490926411,31.6698327977286,13.));
#3482=CARTESIAN_POINT('',(-25.0083490926411,27.6698327977286,6.5));
#3483=CARTESIAN_POINT('Origin',(-38.0560808710178,27.6698327977286,13.));
#3484=CARTESIAN_POINT('',(-38.0560808710178,27.6698327977286,6.5));
#3485=CARTESIAN_POINT('Origin',(-31.5322149818294,29.6698327977286,5.));
#3486=CARTESIAN_POINT('',(-37.7059039288408,27.6698327977286,5.));
#3487=CARTESIAN_POINT('Ctrl Pts',(-46.7819101726409,30.5721500945175,1.09768270321111));
#3488=CARTESIAN_POINT('Ctrl Pts',(-46.6871746013637,30.761621237072,1.19241827448839));
#3489=CARTESIAN_POINT('Ctrl Pts',(-46.4780343911019,31.0845187433204,1.40155848475018));
#3490=CARTESIAN_POINT('Ctrl Pts',(-45.9284909479762,31.5328364137749,1.95110192787585));
#3491=CARTESIAN_POINT('Ctrl Pts',(-45.4880220873088,31.6698327977286,2.39157078854322));
#3492=CARTESIAN_POINT('Ctrl Pts',(-45.2938948986565,31.6698327977286,2.58569797719556));
#3493=CARTESIAN_POINT('Ctrl Pts',(-46.8766457439182,30.6668856657947,1.28715384576567));
#3494=CARTESIAN_POINT('Ctrl Pts',(-46.7807373908816,30.8369539211591,1.38023995506046));
#3495=CARTESIAN_POINT('Ctrl Pts',(-46.5706940715042,31.1341464782455,1.58933510024207));
#3496=CARTESIAN_POINT('Ctrl Pts',(-46.0306222398494,31.5516218942231,2.13747608651053));
#3497=CARTESIAN_POINT('Ctrl Pts',(-45.6107174957875,31.6698327977286,2.53583588464998));
#3498=CARTESIAN_POINT('Ctrl Pts',(-45.4172896767725,31.6698327977286,2.70909275531156));
#3499=CARTESIAN_POINT('Ctrl Pts',(-47.0338659380508,30.8241058599273,1.69697810152562));
#3500=CARTESIAN_POINT('Ctrl Pts',(-46.9384845726685,30.9668932030007,1.78987201963065));
#3501=CARTESIAN_POINT('Ctrl Pts',(-46.7255925996004,31.2292291975164,2.00930402891301));
#3502=CARTESIAN_POINT('Ctrl Pts',(-46.1999201816967,31.5935515412665,2.5618507081616));
#3503=CARTESIAN_POINT('Ctrl Pts',(-45.8250423007161,31.6698327977286,2.85489871352122));
#3504=CARTESIAN_POINT('Ctrl Pts',(-45.6315783711968,31.6698327977286,2.98836005070119));
#3505=CARTESIAN_POINT('Ctrl Pts',(-47.2471104137026,31.0373503355792,2.77420536556209));
#3506=CARTESIAN_POINT('Ctrl Pts',(-47.1406597009322,31.1594865105362,2.85534344711195));
#3507=CARTESIAN_POINT('Ctrl Pts',(-46.891296166081,31.3857793189323,3.04541826695034));
#3508=CARTESIAN_POINT('Ctrl Pts',(-46.3960750219494,31.6203979318752,3.30437254286654));
#3509=CARTESIAN_POINT('Ctrl Pts',(-46.0305096889154,31.6698327977286,3.41177954655953));
#3510=CARTESIAN_POINT('Ctrl Pts',(-45.8336460664775,31.6698327977286,3.47619462116518));
#3511=CARTESIAN_POINT('Ctrl Pts',(-47.2938064382251,31.0840463601017,3.61147874183992));
#3512=CARTESIAN_POINT('Ctrl Pts',(-47.1772493241068,31.20060347422,3.63304647713745));
#3513=CARTESIAN_POINT('Ctrl Pts',(-46.9105361238566,31.4095576163233,3.68003198601804));
#3514=CARTESIAN_POINT('Ctrl Pts',(-46.4255734668002,31.6187671215899,3.75573299282399));
#3515=CARTESIAN_POINT('Ctrl Pts',(-46.0638220746737,31.6698327977286,3.8025346148859));
#3516=CARTESIAN_POINT('Ctrl Pts',(-45.879592875852,31.6698327977286,3.82519140845789));
#3517=CARTESIAN_POINT('Ctrl Pts',(-47.2938064382251,31.0840463601017,3.99969797719556));
#3518=CARTESIAN_POINT('Ctrl Pts',(-47.1703930232763,31.2074597750505,3.99969797719556));
#3519=CARTESIAN_POINT('Ctrl Pts',(-46.8910835489713,31.4217808343986,3.99969797719556));
#3520=CARTESIAN_POINT('Ctrl Pts',(-46.4031752987983,31.623879048814,3.99969797719556));
#3521=CARTESIAN_POINT('Ctrl Pts',(-46.0541258010515,31.6698327977286,3.99969797719556));
#3522=CARTESIAN_POINT('Ctrl Pts',(-45.879592875852,31.6698327977286,3.99969797719556));
#3523=CARTESIAN_POINT('Origin',(-45.879592875852,29.6698327977286,3.99969797719556));
#3524=CARTESIAN_POINT('Ctrl Pts',(44.2227244209366,30.5721500945176,1.0976827032111));
#3525=CARTESIAN_POINT('Ctrl Pts',(44.1279888496593,30.7616212370721,1.19241827448838));
#3526=CARTESIAN_POINT('Ctrl Pts',(43.9188486393975,31.0845187433204,1.40155848475018));
#3527=CARTESIAN_POINT('Ctrl Pts',(43.3693051962718,31.5328364137749,1.95110192787584));
#3528=CARTESIAN_POINT('Ctrl Pts',(42.9288363356045,31.6698327977286,2.39157078854321));
#3529=CARTESIAN_POINT('Ctrl Pts',(42.7347091469522,31.6698327977286,2.58569797719555));
#3530=CARTESIAN_POINT('Ctrl Pts',(44.033253278382,30.6668856657948,1.00294713193382));
#3531=CARTESIAN_POINT('Ctrl Pts',(43.9401671690872,30.8369539211591,1.09885548497041));
#3532=CARTESIAN_POINT('Ctrl Pts',(43.7310720239056,31.1341464782455,1.30889880434783));
#3533=CARTESIAN_POINT('Ctrl Pts',(43.1829310376372,31.5516218942231,1.84897063600266));
#3534=CARTESIAN_POINT('Ctrl Pts',(42.7845712394977,31.6698327977286,2.26887538006449));
#3535=CARTESIAN_POINT('Ctrl Pts',(42.6113143688362,31.6698327977286,2.46230319907955));
#3536=CARTESIAN_POINT('Ctrl Pts',(43.6234290226221,30.8241058599274,0.845726937801264));
#3537=CARTESIAN_POINT('Ctrl Pts',(43.530535104517,30.9668932030008,0.941108303183555));
#3538=CARTESIAN_POINT('Ctrl Pts',(43.3111030952347,31.2292291975165,1.15400027625161));
#3539=CARTESIAN_POINT('Ctrl Pts',(42.7585564159861,31.5935515412665,1.67967269415534));
#3540=CARTESIAN_POINT('Ctrl Pts',(42.4655084106265,31.6698327977286,2.05455057513587));
#3541=CARTESIAN_POINT('Ctrl Pts',(42.3320470734465,31.6698327977286,2.2480145046552));
#3542=CARTESIAN_POINT('Ctrl Pts',(42.5462017585856,31.0373503355792,0.632482462149417));
#3543=CARTESIAN_POINT('Ctrl Pts',(42.4650636770358,31.1594865105362,0.738933174919824));
#3544=CARTESIAN_POINT('Ctrl Pts',(42.2749888571974,31.3857793189323,0.988296709771047));
#3545=CARTESIAN_POINT('Ctrl Pts',(42.0160345812812,31.6203979318752,1.48351785390262));
#3546=CARTESIAN_POINT('Ctrl Pts',(41.9086275775882,31.6698327977286,1.84908318693661));
#3547=CARTESIAN_POINT('Ctrl Pts',(41.8442125029826,31.6698327977286,2.04594680937456));
#3548=CARTESIAN_POINT('Ctrl Pts',(41.7089283823078,31.0840463601017,0.585786437626904));
#3549=CARTESIAN_POINT('Ctrl Pts',(41.6873606470103,31.20060347422,0.702343551745256));
#3550=CARTESIAN_POINT('Ctrl Pts',(41.6403751381297,31.4095576163233,0.969056751995402));
#3551=CARTESIAN_POINT('Ctrl Pts',(41.5646741313238,31.6187671215899,1.45401940905186));
#3552=CARTESIAN_POINT('Ctrl Pts',(41.5178725092618,31.6698327977286,1.81577080117838));
#3553=CARTESIAN_POINT('Ctrl Pts',(41.4952157156899,31.6698327977286,2.));
#3554=CARTESIAN_POINT('Ctrl Pts',(41.3207091469522,31.0840463601017,0.585786437626904));
#3555=CARTESIAN_POINT('Ctrl Pts',(41.3207091469522,31.2074597750505,0.709199852575748));
#3556=CARTESIAN_POINT('Ctrl Pts',(41.3207091469522,31.4217808343986,0.988509326880748));
#3557=CARTESIAN_POINT('Ctrl Pts',(41.3207091469522,31.623879048814,1.47641757705376));
#3558=CARTESIAN_POINT('Ctrl Pts',(41.3207091469522,31.6698327977286,1.82546707480057));
#3559=CARTESIAN_POINT('Ctrl Pts',(41.3207091469522,31.6698327977286,2.));
#3560=CARTESIAN_POINT('Origin',(41.3207091469522,29.6698327977286,2.));
#3561=CARTESIAN_POINT('Origin',(22.0204071241494,29.6698327977286,2.));
#3562=CARTESIAN_POINT('',(22.0204071241494,29.6698327977286,0.));
#3563=CARTESIAN_POINT('Origin',(43.3204071241477,29.6698327977286,0.));
#3564=CARTESIAN_POINT('',(45.3204071241477,29.6698327977288,0.));
#3565=CARTESIAN_POINT('Ctrl Pts',(-47.3545816886612,2.25969346139793,1.0625449954964));
#3566=CARTESIAN_POINT('Ctrl Pts',(-47.366625139682,2.12635825697267,1.15074429072802));
#3567=CARTESIAN_POINT('Ctrl Pts',(-47.3857624361995,1.88801067185963,1.34578831811931));
#3568=CARTESIAN_POINT('Ctrl Pts',(-47.3733033366668,1.49737187222931,1.86654592816965));
#3569=CARTESIAN_POINT('Ctrl Pts',(-47.3028392506225,1.27493622508313,2.28852206234862));
#3570=CARTESIAN_POINT('Ctrl Pts',(-47.2413672362736,1.18771565496663,2.47389409193617));
#3571=CARTESIAN_POINT('Ctrl Pts',(-47.267924954465,2.15764478737387,0.974345700264781));
#3572=CARTESIAN_POINT('Ctrl Pts',(-47.2854551328636,2.03216426641658,1.0647530746815));
#3573=CARTESIAN_POINT('Ctrl Pts',(-47.3123206091431,1.80058977715806,1.26278290362407));
#3574=CARTESIAN_POINT('Ctrl Pts',(-47.3076585627375,1.40601614295335,1.78004305952312));
#3575=CARTESIAN_POINT('Ctrl Pts',(-47.24323026765,1.19035904741954,2.18661981308367));
#3576=CARTESIAN_POINT('Ctrl Pts',(-47.1838508359232,1.10610757228482,2.37405414267607));
#3577=CARTESIAN_POINT('Ctrl Pts',(-47.081658083822,1.94622718770218,0.828899550962302));
#3578=CARTESIAN_POINT('Ctrl Pts',(-47.1086661887655,1.8302335356861,0.920413026287481));
#3579=CARTESIAN_POINT('Ctrl Pts',(-47.1510619056576,1.60154582507152,1.12499166475419));
#3580=CARTESIAN_POINT('Ctrl Pts',(-47.1595079734483,1.18568457453675,1.63892505134357));
#3581=CARTESIAN_POINT('Ctrl Pts',(-47.1066459254058,0.996564125849098,2.00875578367717));
#3582=CARTESIAN_POINT('Ctrl Pts',(-47.0536796097853,0.92141200509429,2.20067101654225));
#3583=CARTESIAN_POINT('Ctrl Pts',(-46.6558680772391,1.40334003947846,0.627595421923861));
#3584=CARTESIAN_POINT('Ctrl Pts',(-46.706591944037,1.2850010250733,0.732845316663476));
#3585=CARTESIAN_POINT('Ctrl Pts',(-46.7912158896973,1.04393006026917,0.980282225947143));
#3586=CARTESIAN_POINT('Ctrl Pts',(-46.8649094311168,0.746356343619995,1.47416515501544));
#3587=CARTESIAN_POINT('Ctrl Pts',(-46.855954722821,0.64086682449608,1.8397012319148));
#3588=CARTESIAN_POINT('Ctrl Pts',(-46.8262916369073,0.598778871267117,2.03717602305915));
#3589=CARTESIAN_POINT('Ctrl Pts',(-46.2926819983916,0.858496597326848,0.585786437626904));
#3590=CARTESIAN_POINT('Ctrl Pts',(-46.3749402178529,0.772884132804762,0.702343551745256));
#3591=CARTESIAN_POINT('Ctrl Pts',(-46.5197351317884,0.615615326310779,0.969056751995401));
#3592=CARTESIAN_POINT('Ctrl Pts',(-46.653598415245,0.442392725009537,1.45401940905186));
#3593=CARTESIAN_POINT('Ctrl Pts',(-46.6740161699618,0.382720341504944,1.81577080117838));
#3594=CARTESIAN_POINT('Ctrl Pts',(-46.6636183111363,0.367967169929989,2.));
#3595=CARTESIAN_POINT('Ctrl Pts',(-46.1034624097094,0.590019297910491,0.585786437626904));
#3596=CARTESIAN_POINT('Ctrl Pts',(-46.2043391854472,0.518922553216597,0.709199852575747));
#3597=CARTESIAN_POINT('Ctrl Pts',(-46.3795228755567,0.395455184249376,0.988509326880747));
#3598=CARTESIAN_POINT('Ctrl Pts',(-46.5447157458866,0.279029225537039,1.47641757705376));
#3599=CARTESIAN_POINT('Ctrl Pts',(-46.5822778377021,0.252555912602101,1.82546707480057));
#3600=CARTESIAN_POINT('Ctrl Pts',(-46.5822778377021,0.252555912602101,2.));
#3601=CARTESIAN_POINT('',(-46.5822778377021,0.2525559126021,2.));
#3602=CARTESIAN_POINT('Origin',(-44.9474997095759,1.40472797952634,2.));
#3603=CARTESIAN_POINT('Origin',(-46.5822778377021,0.252555912602103,3.61797563581695));
#3604=CARTESIAN_POINT('Origin',(-45.8795928758521,15.89414680745,2.));
#3605=CARTESIAN_POINT('',(-45.8795928758521,15.89414680745,0.));
#3606=CARTESIAN_POINT('',(-47.8795928758521,15.89414680745,2.));
#3607=CARTESIAN_POINT('Ctrl Pts',(44.2227244209441,-30.3352284601664,1.09768270321111));
#3608=CARTESIAN_POINT('Ctrl Pts',(44.1279888496669,-30.524699602721,1.19241827448839));
#3609=CARTESIAN_POINT('Ctrl Pts',(43.9188486394051,-30.8475971089694,1.40155848475019));
#3610=CARTESIAN_POINT('Ctrl Pts',(43.3693051962795,-31.2959147794239,1.95110192787585));
#3611=CARTESIAN_POINT('Ctrl Pts',(42.9288363356122,-31.4329111633777,2.39157078854323));
#3612=CARTESIAN_POINT('Ctrl Pts',(42.7347091469598,-31.4329111633777,2.58569797719556));
#3613=CARTESIAN_POINT('Ctrl Pts',(44.3174599922214,-30.4299640314437,1.28715384576567));
#3614=CARTESIAN_POINT('Ctrl Pts',(44.2215516391849,-30.600032286808,1.38023995506047));
#3615=CARTESIAN_POINT('Ctrl Pts',(44.0115083198075,-30.8972248438945,1.58933510024208));
#3616=CARTESIAN_POINT('Ctrl Pts',(43.4714364881527,-31.3147002598722,2.13747608651053));
#3617=CARTESIAN_POINT('Ctrl Pts',(43.0515317440909,-31.4329111633777,2.53583588464999));
#3618=CARTESIAN_POINT('Ctrl Pts',(42.8581039250758,-31.4329111633777,2.70909275531156));
#3619=CARTESIAN_POINT('Ctrl Pts',(44.474680186354,-30.5871842255762,1.69697810152562));
#3620=CARTESIAN_POINT('Ctrl Pts',(44.3792988209717,-30.7299715686497,1.78987201963065));
#3621=CARTESIAN_POINT('Ctrl Pts',(44.1664068479037,-30.9923075631654,2.00930402891302));
#3622=CARTESIAN_POINT('Ctrl Pts',(43.6407344300001,-31.3566299069156,2.5618507081616));
#3623=CARTESIAN_POINT('Ctrl Pts',(43.2658565490195,-31.4329111633777,2.85489871352123));
#3624=CARTESIAN_POINT('Ctrl Pts',(43.0723926195002,-31.4329111633777,2.98836005070119));
#3625=CARTESIAN_POINT('Ctrl Pts',(44.6879246620059,-30.8004287012281,2.77420536556209));
#3626=CARTESIAN_POINT('Ctrl Pts',(44.5814739492355,-30.9225648761851,2.85534344711195));
#3627=CARTESIAN_POINT('Ctrl Pts',(44.3321104143843,-31.1488576845812,3.04541826695034));
#3628=CARTESIAN_POINT('Ctrl Pts',(43.8368892702528,-31.3834762975242,3.30437254286654));
#3629=CARTESIAN_POINT('Ctrl Pts',(43.4713239372188,-31.4329111633776,3.41177954655953));
#3630=CARTESIAN_POINT('Ctrl Pts',(43.2744603147808,-31.4329111633777,3.47619462116518));
#3631=CARTESIAN_POINT('Ctrl Pts',(44.7346206865284,-30.8471247257506,3.61147874183992));
#3632=CARTESIAN_POINT('Ctrl Pts',(44.6180635724101,-30.9636818398689,3.63304647713745));
#3633=CARTESIAN_POINT('Ctrl Pts',(44.35135037216,-31.1726359819723,3.68003198601804));
#3634=CARTESIAN_POINT('Ctrl Pts',(43.8663877151035,-31.3818454872389,3.75573299282399));
#3635=CARTESIAN_POINT('Ctrl Pts',(43.504636322977,-31.4329111633776,3.80253461488591));
#3636=CARTESIAN_POINT('Ctrl Pts',(43.3204071241554,-31.4329111633777,3.82519140845789));
#3637=CARTESIAN_POINT('Ctrl Pts',(44.7346206865284,-30.8471247257506,3.99969797719556));
#3638=CARTESIAN_POINT('Ctrl Pts',(44.6112072715796,-30.9705381406994,3.99969797719556));
#3639=CARTESIAN_POINT('Ctrl Pts',(44.3318977972746,-31.1848592000475,3.99969797719556));
#3640=CARTESIAN_POINT('Ctrl Pts',(43.8439895471016,-31.386957414463,3.99969797719556));
#3641=CARTESIAN_POINT('Ctrl Pts',(43.4949400493548,-31.4329111633776,3.99969797719556));
#3642=CARTESIAN_POINT('Ctrl Pts',(43.3204071241554,-31.4329111633777,3.99969797719556));
#3643=CARTESIAN_POINT('',(43.3204071241554,-31.4329111633777,3.99969797719556));
#3644=CARTESIAN_POINT('Origin',(43.3204071241551,-29.4329111633776,3.99969797719556));
#3645=CARTESIAN_POINT('Origin',(41.3207091469598,-31.4329111633779,3.99969797719556));
#3646=CARTESIAN_POINT('Ctrl Pts',(-23.8960461834044,-30.7489926428634,1.07546673998362));
#3647=CARTESIAN_POINT('Ctrl Pts',(-23.7841050240154,-30.8705268058365,1.16619529570557));
#3648=CARTESIAN_POINT('Ctrl Pts',(-23.5712492762692,-31.0777306305853,1.36674765935383));
#3649=CARTESIAN_POINT('Ctrl Pts',(-23.1373824386686,-31.3505070978641,1.8990311393992));
#3650=CARTESIAN_POINT('Ctrl Pts',(-22.8339054269741,-31.432911163386,2.32860639004442));
#3651=CARTESIAN_POINT('Ctrl Pts',(-22.6959218526481,-31.432911163386,2.51757871719109));
#3652=CARTESIAN_POINT('Ctrl Pts',(-23.7322177491865,-30.7704779884892,0.984738184261684));
#3653=CARTESIAN_POINT('Ctrl Pts',(-23.6294621603992,-30.8847327198784,1.0772871240313));
#3654=CARTESIAN_POINT('Ctrl Pts',(-23.4263083409561,-31.0842649416503,1.28003870097709));
#3655=CARTESIAN_POINT('Ctrl Pts',(-22.9971834462387,-31.353672175362,1.80651119196506));
#3656=CARTESIAN_POINT('Ctrl Pts',(-22.7150920325651,-31.432911163386,2.21860897781256));
#3657=CARTESIAN_POINT('Ctrl Pts',(-22.5868784318886,-31.4329111633859,2.40853529643153));
#3658=CARTESIAN_POINT('Ctrl Pts',(-23.3883384126763,-30.7969974431001,0.834779546212103));
#3659=CARTESIAN_POINT('Ctrl Pts',(-23.2976833665352,-30.9024402373336,0.92782506548809));
#3660=CARTESIAN_POINT('Ctrl Pts',(-23.10314593921,-31.095941297085,1.13574164961866));
#3661=CARTESIAN_POINT('Ctrl Pts',(-22.6719371756637,-31.3659486440108,1.65458513368453));
#3662=CARTESIAN_POINT('Ctrl Pts',(-22.4469786421244,-31.4329111633859,2.02656913120701));
#3663=CARTESIAN_POINT('Ctrl Pts',(-22.3400911556318,-31.4329111633859,2.21916932303381));
#3664=CARTESIAN_POINT('Ctrl Pts',(-22.5413751710605,-30.8237406632862,0.629342698190128));
#3665=CARTESIAN_POINT('Ctrl Pts',(-22.4650919424872,-30.9365690125767,0.73509215844391));
#3666=CARTESIAN_POINT('Ctrl Pts',(-22.2938721152153,-31.1485118800324,0.983364971925341));
#3667=CARTESIAN_POINT('Ctrl Pts',(-22.0623945241227,-31.3798675686112,1.47782053815999));
#3668=CARTESIAN_POINT('Ctrl Pts',(-21.9652124669923,-31.4329111633859,1.84336683257832));
#3669=CARTESIAN_POINT('Ctrl Pts',(-21.9089938990027,-31.4329111633859,2.0406029926362));
#3670=CARTESIAN_POINT('Ctrl Pts',(-21.8057882776052,-30.8471247257589,0.585786437626904));
#3671=CARTESIAN_POINT('Ctrl Pts',(-21.7817214318706,-30.9636818398773,0.702343551745257));
#3672=CARTESIAN_POINT('Ctrl Pts',(-21.7324841116107,-31.1726359819806,0.969056751995402));
#3673=CARTESIAN_POINT('Ctrl Pts',(-21.6609065201153,-31.3818454872472,1.45401940905186));
#3674=CARTESIAN_POINT('Ctrl Pts',(-21.620338363665,-31.4329111633858,1.81577080117838));
#3675=CARTESIAN_POINT('Ctrl Pts',(-21.6005869785354,-31.4329111633858,2.));
#3676=CARTESIAN_POINT('Ctrl Pts',(-21.4463762940098,-30.8471247257589,0.585786437626904));
#3677=CARTESIAN_POINT('Ctrl Pts',(-21.4463762940098,-30.9705381407077,0.709199852575748));
#3678=CARTESIAN_POINT('Ctrl Pts',(-21.4463762940097,-31.1848592000558,0.988509326880748));
#3679=CARTESIAN_POINT('Ctrl Pts',(-21.4463762940097,-31.3869574144712,1.47641757705376));
#3680=CARTESIAN_POINT('Ctrl Pts',(-21.4463762940097,-31.4329111633858,1.82546707480057));
#3681=CARTESIAN_POINT('Ctrl Pts',(-21.4463762940097,-31.4329111633858,2.));
#3682=CARTESIAN_POINT('',(-21.4463762940097,-31.4329111633858,2.));
#3683=CARTESIAN_POINT('Origin',(-21.44637629401,-29.4329111633858,2.));
#3684=CARTESIAN_POINT('Origin',(-21.4463762940097,-31.4329111633858,3.76712427582949));
#3685=CARTESIAN_POINT('Origin',(-38.0471684911026,-8.38591950848281,2.));
#3686=CARTESIAN_POINT('',(-38.0471684911026,-8.38591950848281,0.));
#3687=CARTESIAN_POINT('',(-39.6819466192287,-9.53809157540705,2.));
#3688=CARTESIAN_POINT('Origin',(-12.7651662948129,-29.4329111633847,2.));
#3689=CARTESIAN_POINT('',(-12.7651662948129,-29.4329111633847,0.));
#3690=CARTESIAN_POINT('',(-12.7651662948127,-31.4329111633847,2.));
#3691=CARTESIAN_POINT('Origin',(-23.2135005698395,-29.432911163386,0.));
#3692=CARTESIAN_POINT('',(-24.8482786979656,-30.5850832303103,0.));
#3693=CARTESIAN_POINT('',(-23.2135005698392,-31.432911163386,0.));
#3694=CARTESIAN_POINT('Origin',(43.3204071241534,-15.6572251731004,2.));
#3695=CARTESIAN_POINT('',(43.3204071241534,-15.6572251731004,0.));
#3696=CARTESIAN_POINT('',(45.3204071241534,-15.6572251731001,2.));
#3697=CARTESIAN_POINT('Origin',(43.3204071241551,-29.4329111633776,0.));
#3698=CARTESIAN_POINT('',(43.3204071241554,-31.4329111633777,0.));
#3699=CARTESIAN_POINT('',(45.3204071241551,-29.4329111633774,0.));
#3700=CARTESIAN_POINT('Origin',(-45.8795928758521,2.72724357016359,0.));
#3701=CARTESIAN_POINT('',(-47.8795928758521,2.72724357016359,0.));
#3702=CARTESIAN_POINT('',(-47.5143710039782,1.57507150323935,0.));
#3703=CARTESIAN_POINT('Origin',(-45.879592875852,29.6698327977286,0.));
#3704=CARTESIAN_POINT('',(-47.879592875852,29.6698327977286,0.));
#3705=CARTESIAN_POINT('Origin',(-47.879592875852,31.6698327977286,0.));
#3706=CARTESIAN_POINT('Origin',(-47.8795928758521,2.09327251261338,0.));
#3707=CARTESIAN_POINT('Origin',(-1.2795928758486,0.118460817171342,0.));
#3708=CARTESIAN_POINT('Origin',(-45.8795928758521,29.6698327977286,3.));
#3709=CARTESIAN_POINT('',(-47.5795928758521,29.6698327977286,3.));
#3710=CARTESIAN_POINT('Origin',(-45.8795928758521,29.6698327977286,3.));
#3711=CARTESIAN_POINT('Origin',(43.3204071241479,29.6698327977286,3.));
#3712=CARTESIAN_POINT('',(41.6204071241479,29.6698327977286,3.));
#3713=CARTESIAN_POINT('Origin',(43.3204071241479,29.6698327977286,3.));
#3714=CARTESIAN_POINT('Origin',(43.3204071241549,-29.4329111633776,3.));
#3715=CARTESIAN_POINT('',(41.6204071241549,-29.4329111633776,3.));
#3716=CARTESIAN_POINT('Origin',(43.3204071241549,-29.4329111633776,3.));
#3717=CARTESIAN_POINT('Origin',(-35.3340677399555,-12.2354467577175,3.));
#3718=CARTESIAN_POINT('',(-37.0340677399555,-12.2354467577175,3.));
#3719=CARTESIAN_POINT('Origin',(-35.3340677399555,-12.2354467577175,3.));
#3720=CARTESIAN_POINT('Origin',(41.3204071241549,-27.4329111633779,0.));
#3721=CARTESIAN_POINT('',(-22.1762614258707,-27.4329111633859,3.));
#3722=CARTESIAN_POINT('',(41.3204071241549,-27.4329111633779,3.));
#3723=CARTESIAN_POINT('',(41.3204071241549,-27.4329111633779,3.));
#3724=CARTESIAN_POINT('',(-22.1762614258707,-27.4329111633859,0.));
#3725=CARTESIAN_POINT('',(41.3204071241549,-27.4329111633779,0.));
#3726=CARTESIAN_POINT('Origin',(-22.1762614258707,-27.4329111633859,0.));
#3727=CARTESIAN_POINT('',(-43.8795928758521,3.3612146276725,3.));
#3728=CARTESIAN_POINT('',(-22.1762614258707,-27.4329111633859,3.));
#3729=CARTESIAN_POINT('',(-43.8795928758521,3.3612146276725,0.));
#3730=CARTESIAN_POINT('Origin',(43.3204071241549,-29.4329111633776,0.));
#3731=CARTESIAN_POINT('',(41.6204071241549,-29.4329111633776,0.));
#3732=CARTESIAN_POINT('Origin',(-45.8795928758521,29.6698327977286,0.));
#3733=CARTESIAN_POINT('',(-47.5795928758521,29.6698327977286,0.));
#3734=CARTESIAN_POINT('Origin',(41.3204071241479,27.6698327977286,0.));
#3735=CARTESIAN_POINT('',(41.3204071241479,27.6698327977286,3.));
#3736=CARTESIAN_POINT('',(41.3204071241479,27.6698327977286,3.));
#3737=CARTESIAN_POINT('',(41.3204071241479,27.6698327977286,0.));
#3738=CARTESIAN_POINT('Origin',(-43.8795928758521,27.6698327977286,0.));
#3739=CARTESIAN_POINT('',(-43.8795928758521,27.6698327977286,3.));
#3740=CARTESIAN_POINT('',(-43.8795928758521,27.6698327977286,0.));
#3741=CARTESIAN_POINT('',(-43.8795928758521,27.6698327977286,3.));
#3742=CARTESIAN_POINT('Origin',(-43.8795928758521,3.3612146276725,0.));
#3743=CARTESIAN_POINT('',(-43.8795928758521,3.3612146276725,3.));
#3744=CARTESIAN_POINT('Origin',(-35.3340677399555,-12.2354467577175,0.));
#3745=CARTESIAN_POINT('',(-37.0340677399555,-12.2354467577175,0.));
#3746=CARTESIAN_POINT('Origin',(43.3204071241479,29.6698327977286,0.));
#3747=CARTESIAN_POINT('',(41.6204071241479,29.6698327977286,0.));
#3748=CARTESIAN_POINT('Origin',(45.3204071241554,-31.4329111633774,0.));
#3749=CARTESIAN_POINT('Origin',(-24.2507397137807,-31.4329111633862,0.));
#3750=CARTESIAN_POINT('Origin',(-1.2795928758486,0.118460817171342,3.));
#3751=UNCERTAINTY_MEASURE_WITH_UNIT(LENGTH_MEASURE(0.01),#3755,
'DISTANCE_ACCURACY_VALUE',
'Maximum model space distance between geometric entities at asserted c
onnectivities');
#3752=UNCERTAINTY_MEASURE_WITH_UNIT(LENGTH_MEASURE(0.01),#3755,
'DISTANCE_ACCURACY_VALUE',
'Maximum model space distance between geometric entities at asserted c
onnectivities');
#3753=(
GEOMETRIC_REPRESENTATION_CONTEXT(3)
GLOBAL_UNCERTAINTY_ASSIGNED_CONTEXT((#3751))
GLOBAL_UNIT_ASSIGNED_CONTEXT((#3755,#3757,#3758))
REPRESENTATION_CONTEXT('','3D')
);
#3754=(
GEOMETRIC_REPRESENTATION_CONTEXT(3)
GLOBAL_UNCERTAINTY_ASSIGNED_CONTEXT((#3752))
GLOBAL_UNIT_ASSIGNED_CONTEXT((#3755,#3757,#3758))
REPRESENTATION_CONTEXT('','3D')
);
#3755=(
LENGTH_UNIT()
NAMED_UNIT(*)
SI_UNIT(.MILLI.,.METRE.)
);
#3756=(
LENGTH_UNIT()
NAMED_UNIT(*)
SI_UNIT($,.METRE.)
);
#3757=(
NAMED_UNIT(*)
PLANE_ANGLE_UNIT()
SI_UNIT($,.RADIAN.)
);
#3758=(
NAMED_UNIT(*)
SI_UNIT($,.STERADIAN.)
SOLID_ANGLE_UNIT()
);
#3759=SHAPE_DEFINITION_REPRESENTATION(#3760,#3761);
#3760=PRODUCT_DEFINITION_SHAPE('',$,#3763);
#3761=SHAPE_REPRESENTATION('',(#1260),#3753);
#3762=PRODUCT_DEFINITION_CONTEXT('part definition',#3767,'design');
#3763=PRODUCT_DEFINITION('2026-02-02-17-04-20-304','Bottom Case',#3764,
#3762);
#3764=PRODUCT_DEFINITION_FORMATION('',$,#3769);
#3765=PRODUCT_RELATED_PRODUCT_CATEGORY('Bottom Case','Bottom Case',(#3769));
#3766=APPLICATION_PROTOCOL_DEFINITION('international standard',
'automotive_design',2009,#3767);
#3767=APPLICATION_CONTEXT(
'Core Data for Automotive Mechanical Design Process');
#3768=PRODUCT_CONTEXT('part definition',#3767,'mechanical');
#3769=PRODUCT('2026-02-02-17-04-20-304','Bottom Case',$,(#3768));
#3770=PRESENTATION_STYLE_ASSIGNMENT((#3771));
#3771=SURFACE_STYLE_USAGE(.BOTH.,#3772);
#3772=SURFACE_SIDE_STYLE('',(#3773));
#3773=SURFACE_STYLE_FILL_AREA(#3774);
#3774=FILL_AREA_STYLE('Steel - Satin',(#3775));
#3775=FILL_AREA_STYLE_COLOUR('Steel - Satin',#3776);
#3776=COLOUR_RGB('Steel - Satin',0.627450980392157,0.627450980392157,0.627450980392157);
ENDSEC;
END-ISO-10303-21;
