ISO-10303-21;
HEADER;
/* Generated by software containing ST-Developer
 * from STEP Tools, Inc. (www.steptools.com) 
 */

FILE_DESCRIPTION(
/* description */ (''),
/* implementation_level */ '2;1');

FILE_NAME(
/* name */ 'Bottom Case.step',
/* time_stamp */ '2026-01-27T18:22:16+05:30',
/* author */ (''),
/* organization */ (''),
/* preprocessor_version */ 'ST-DEVELOPER v20.1',
/* originating_system */ 'Autodesk Translation Framework v14.24.0.0',
/* authorisation */ '');

FILE_SCHEMA (('AUTOMOTIVE_DESIGN { 1 0 10303 214 3 1 1 }'));
ENDSEC;

DATA;
#10=MECHANICAL_DESIGN_GEOMETRIC_PRESENTATION_REPRESENTATION('',(#13),#2754);
#11=SHAPE_REPRESENTATION_RELATIONSHIP('SRR','None',#2761,#12);
#12=ADVANCED_BREP_SHAPE_REPRESENTATION('',(#14),#2753);
#13=STYLED_ITEM('',(#2770),#14);
#14=MANIFOLD_SOLID_BREP('Body1',#1032);
#15=FACE_BOUND('',#279,.T.);
#16=FACE_BOUND('',#280,.T.);
#17=FACE_BOUND('',#281,.T.);
#18=FACE_BOUND('',#282,.T.);
#19=LINE('',#2596,#74);
#20=LINE('',#2597,#75);
#21=LINE('',#2598,#76);
#22=LINE('',#2599,#77);
#23=LINE('',#2640,#78);
#24=LINE('',#2641,#79);
#25=LINE('',#2642,#80);
#26=LINE('',#2643,#81);
#27=LINE('',#2645,#82);
#28=LINE('',#2646,#83);
#29=LINE('',#2647,#84);
#30=LINE('',#2652,#85);
#31=LINE('',#2653,#86);
#32=LINE('',#2658,#87);
#33=LINE('',#2659,#88);
#34=LINE('',#2661,#89);
#35=LINE('',#2662,#90);
#36=LINE('',#2663,#91);
#37=LINE('',#2664,#92);
#38=LINE('',#2669,#93);
#39=LINE('',#2670,#94);
#40=LINE('',#2675,#95);
#41=LINE('',#2676,#96);
#42=LINE('',#2680,#97);
#43=LINE('',#2685,#98);
#44=LINE('',#2687,#99);
#45=LINE('',#2689,#100);
#46=LINE('',#2693,#101);
#47=LINE('',#2695,#102);
#48=LINE('',#2697,#103);
#49=LINE('',#2698,#104);
#50=LINE('',#2702,#105);
#51=LINE('',#2704,#106);
#52=LINE('',#2706,#107);
#53=LINE('',#2707,#108);
#54=LINE('',#2709,#109);
#55=LINE('',#2710,#110);
#56=LINE('',#2712,#111);
#57=LINE('',#2713,#112);
#58=LINE('',#2715,#113);
#59=LINE('',#2717,#114);
#60=LINE('',#2719,#115);
#61=LINE('',#2721,#116);
#62=LINE('',#2722,#117);
#63=LINE('',#2723,#118);
#64=LINE('',#2732,#119);
#65=LINE('',#2733,#120);
#66=LINE('',#2734,#121);
#67=LINE('',#2737,#122);
#68=LINE('',#2738,#123);
#69=LINE('',#2741,#124);
#70=LINE('',#2742,#125);
#71=LINE('',#2744,#126);
#72=LINE('',#2746,#127);
#73=LINE('',#2748,#128);
#74=VECTOR('',#1290,10.);
#75=VECTOR('',#1291,10.);
#76=VECTOR('',#1292,10.);
#77=VECTOR('',#1293,10.);
#78=VECTOR('',#1300,10.);
#79=VECTOR('',#1301,10.);
#80=VECTOR('',#1302,10.);
#81=VECTOR('',#1303,10.);
#82=VECTOR('',#1306,10.);
#83=VECTOR('',#1307,10.);
#84=VECTOR('',#1308,10.);
#85=VECTOR('',#1313,10.);
#86=VECTOR('',#1314,10.);
#87=VECTOR('',#1319,10.);
#88=VECTOR('',#1320,10.);
#89=VECTOR('',#1323,10.);
#90=VECTOR('',#1324,10.);
#91=VECTOR('',#1325,10.);
#92=VECTOR('',#1326,10.);
#93=VECTOR('',#1331,10.);
#94=VECTOR('',#1332,10.);
#95=VECTOR('',#1337,10.);
#96=VECTOR('',#1338,10.);
#97=VECTOR('',#1343,2.05);
#98=VECTOR('',#1350,2.05);
#99=VECTOR('',#1353,10.);
#100=VECTOR('',#1356,10.);
#101=VECTOR('',#1359,10.);
#102=VECTOR('',#1360,10.);
#103=VECTOR('',#1361,10.);
#104=VECTOR('',#1362,10.);
#105=VECTOR('',#1365,10.);
#106=VECTOR('',#1366,10.);
#107=VECTOR('',#1367,10.);
#108=VECTOR('',#1368,10.);
#109=VECTOR('',#1371,10.);
#110=VECTOR('',#1372,10.);
#111=VECTOR('',#1375,10.);
#112=VECTOR('',#1376,10.);
#113=VECTOR('',#1377,10.);
#114=VECTOR('',#1378,10.);
#115=VECTOR('',#1379,10.);
#116=VECTOR('',#1380,10.);
#117=VECTOR('',#1381,10.);
#118=VECTOR('',#1382,10.);
#119=VECTOR('',#1391,10.);
#120=VECTOR('',#1392,10.);
#121=VECTOR('',#1393,10.);
#122=VECTOR('',#1396,10.);
#123=VECTOR('',#1397,10.);
#124=VECTOR('',#1400,10.);
#125=VECTOR('',#1401,10.);
#126=VECTOR('',#1404,10.);
#127=VECTOR('',#1407,2.05);
#128=VECTOR('',#1410,2.05);
#129=PLANE('',#1088);
#130=PLANE('',#1094);
#131=PLANE('',#1100);
#132=PLANE('',#1106);
#133=PLANE('',#1130);
#134=PLANE('',#1133);
#135=PLANE('',#1134);
#136=PLANE('',#1135);
#137=PLANE('',#1136);
#138=PLANE('',#1137);
#139=PLANE('',#1138);
#140=PLANE('',#1141);
#141=PLANE('',#1142);
#142=PLANE('',#1143);
#143=PLANE('',#1144);
#144=PLANE('',#1145);
#145=PLANE('',#1148);
#146=PLANE('',#1149);
#147=CYLINDRICAL_SURFACE('',#1086,2.05);
#148=CYLINDRICAL_SURFACE('',#1090,2.05);
#149=CYLINDRICAL_SURFACE('',#1092,2.05);
#150=CYLINDRICAL_SURFACE('',#1096,2.05);
#151=CYLINDRICAL_SURFACE('',#1098,2.05);
#152=CYLINDRICAL_SURFACE('',#1102,2.05);
#153=CYLINDRICAL_SURFACE('',#1104,2.05);
#154=CYLINDRICAL_SURFACE('',#1114,0.7);
#155=CYLINDRICAL_SURFACE('',#1117,0.7);
#156=CYLINDRICAL_SURFACE('',#1118,0.7);
#157=CYLINDRICAL_SURFACE('',#1119,0.7);
#158=CYLINDRICAL_SURFACE('',#1121,0.7);
#159=CYLINDRICAL_SURFACE('',#1123,0.7);
#160=CYLINDRICAL_SURFACE('',#1124,0.7);
#161=CYLINDRICAL_SURFACE('',#1126,0.7);
#162=CYLINDRICAL_SURFACE('',#1128,2.05);
#163=CYLINDRICAL_SURFACE('',#1131,2.05);
#164=CYLINDRICAL_SURFACE('',#1146,2.05);
#165=CYLINDRICAL_SURFACE('',#1147,2.05);
#166=FACE_OUTER_BOUND('',#227,.T.);
#167=FACE_OUTER_BOUND('',#228,.T.);
#168=FACE_OUTER_BOUND('',#229,.T.);
#169=FACE_OUTER_BOUND('',#230,.T.);
#170=FACE_OUTER_BOUND('',#231,.T.);
#171=FACE_OUTER_BOUND('',#232,.T.);
#172=FACE_OUTER_BOUND('',#233,.T.);
#173=FACE_OUTER_BOUND('',#234,.T.);
#174=FACE_OUTER_BOUND('',#235,.T.);
#175=FACE_OUTER_BOUND('',#236,.T.);
#176=FACE_OUTER_BOUND('',#237,.T.);
#177=FACE_OUTER_BOUND('',#238,.T.);
#178=FACE_OUTER_BOUND('',#239,.T.);
#179=FACE_OUTER_BOUND('',#240,.T.);
#180=FACE_OUTER_BOUND('',#241,.T.);
#181=FACE_OUTER_BOUND('',#242,.T.);
#182=FACE_OUTER_BOUND('',#243,.T.);
#183=FACE_OUTER_BOUND('',#244,.T.);
#184=FACE_OUTER_BOUND('',#245,.T.);
#185=FACE_OUTER_BOUND('',#246,.T.);
#186=FACE_OUTER_BOUND('',#247,.T.);
#187=FACE_OUTER_BOUND('',#248,.T.);
#188=FACE_OUTER_BOUND('',#249,.T.);
#189=FACE_OUTER_BOUND('',#250,.T.);
#190=FACE_OUTER_BOUND('',#251,.T.);
#191=FACE_OUTER_BOUND('',#252,.T.);
#192=FACE_OUTER_BOUND('',#253,.T.);
#193=FACE_OUTER_BOUND('',#254,.T.);
#194=FACE_OUTER_BOUND('',#255,.T.);
#195=FACE_OUTER_BOUND('',#256,.T.);
#196=FACE_OUTER_BOUND('',#257,.T.);
#197=FACE_OUTER_BOUND('',#258,.T.);
#198=FACE_OUTER_BOUND('',#259,.T.);
#199=FACE_OUTER_BOUND('',#260,.T.);
#200=FACE_OUTER_BOUND('',#261,.T.);
#201=FACE_OUTER_BOUND('',#262,.T.);
#202=FACE_OUTER_BOUND('',#263,.T.);
#203=FACE_OUTER_BOUND('',#264,.T.);
#204=FACE_OUTER_BOUND('',#265,.T.);
#205=FACE_OUTER_BOUND('',#266,.T.);
#206=FACE_OUTER_BOUND('',#267,.T.);
#207=FACE_OUTER_BOUND('',#268,.T.);
#208=FACE_OUTER_BOUND('',#269,.T.);
#209=FACE_OUTER_BOUND('',#270,.T.);
#210=FACE_OUTER_BOUND('',#271,.T.);
#211=FACE_OUTER_BOUND('',#272,.T.);
#212=FACE_OUTER_BOUND('',#273,.T.);
#213=FACE_OUTER_BOUND('',#274,.T.);
#214=FACE_OUTER_BOUND('',#275,.T.);
#215=FACE_OUTER_BOUND('',#276,.T.);
#216=FACE_OUTER_BOUND('',#277,.T.);
#217=FACE_OUTER_BOUND('',#278,.T.);
#218=FACE_OUTER_BOUND('',#283,.T.);
#219=FACE_OUTER_BOUND('',#284,.T.);
#220=FACE_OUTER_BOUND('',#285,.T.);
#221=FACE_OUTER_BOUND('',#286,.T.);
#222=FACE_OUTER_BOUND('',#287,.T.);
#223=FACE_OUTER_BOUND('',#288,.T.);
#224=FACE_OUTER_BOUND('',#289,.T.);
#225=FACE_OUTER_BOUND('',#290,.T.);
#226=FACE_OUTER_BOUND('',#291,.T.);
#227=EDGE_LOOP('',(#641,#642,#643,#644));
#228=EDGE_LOOP('',(#645,#646,#647,#648));
#229=EDGE_LOOP('',(#649,#650,#651,#652));
#230=EDGE_LOOP('',(#653,#654,#655,#656));
#231=EDGE_LOOP('',(#657,#658,#659,#660));
#232=EDGE_LOOP('',(#661,#662,#663,#664));
#233=EDGE_LOOP('',(#665,#666,#667,#668));
#234=EDGE_LOOP('',(#669,#670,#671,#672));
#235=EDGE_LOOP('',(#673,#674,#675,#676));
#236=EDGE_LOOP('',(#677,#678,#679,#680));
#237=EDGE_LOOP('',(#681,#682,#683,#684));
#238=EDGE_LOOP('',(#685,#686,#687,#688));
#239=EDGE_LOOP('',(#689,#690,#691,#692));
#240=EDGE_LOOP('',(#693,#694,#695,#696));
#241=EDGE_LOOP('',(#697,#698,#699,#700));
#242=EDGE_LOOP('',(#701,#702,#703,#704));
#243=EDGE_LOOP('',(#705,#706,#707,#708));
#244=EDGE_LOOP('',(#709,#710,#711,#712));
#245=EDGE_LOOP('',(#713,#714,#715,#716));
#246=EDGE_LOOP('',(#717,#718,#719,#720));
#247=EDGE_LOOP('',(#721,#722));
#248=EDGE_LOOP('',(#723));
#249=EDGE_LOOP('',(#724,#725));
#250=EDGE_LOOP('',(#726,#727));
#251=EDGE_LOOP('',(#728));
#252=EDGE_LOOP('',(#729,#730));
#253=EDGE_LOOP('',(#731,#732));
#254=EDGE_LOOP('',(#733));
#255=EDGE_LOOP('',(#734,#735));
#256=EDGE_LOOP('',(#736,#737));
#257=EDGE_LOOP('',(#738));
#258=EDGE_LOOP('',(#739,#740,#741,#742));
#259=EDGE_LOOP('',(#743,#744,#745,#746));
#260=EDGE_LOOP('',(#747,#748,#749,#750));
#261=EDGE_LOOP('',(#751,#752,#753,#754,#755,#756,#757,#758,#759,#760));
#262=EDGE_LOOP('',(#761,#762,#763,#764));
#263=EDGE_LOOP('',(#765,#766,#767,#768,#769,#770,#771,#772,#773,#774));
#264=EDGE_LOOP('',(#775,#776,#777,#778,#779,#780,#781,#782));
#265=EDGE_LOOP('',(#783,#784,#785,#786,#787));
#266=EDGE_LOOP('',(#788,#789,#790,#791,#792));
#267=EDGE_LOOP('',(#793,#794,#795,#796,#797,#798,#799,#800,#801,#802));
#268=EDGE_LOOP('',(#803,#804,#805,#806,#807));
#269=EDGE_LOOP('',(#808,#809,#810,#811,#812));
#270=EDGE_LOOP('',(#813,#814,#815,#816));
#271=EDGE_LOOP('',(#817,#818,#819,#820,#821,#822,#823,#824,#825,#826,#827,
#828,#829,#830,#831,#832,#833,#834,#835,#836,#837,#838,#839,#840,#841,#842));
#272=EDGE_LOOP('',(#843,#844,#845,#846));
#273=EDGE_LOOP('',(#847,#848,#849,#850,#851,#852,#853,#854));
#274=EDGE_LOOP('',(#855,#856,#857,#858,#859,#860,#861,#862));
#275=EDGE_LOOP('',(#863,#864,#865,#866));
#276=EDGE_LOOP('',(#867,#868,#869,#870));
#277=EDGE_LOOP('',(#871,#872,#873,#874));
#278=EDGE_LOOP('',(#875,#876,#877,#878,#879,#880,#881,#882,#883,#884,#885,
#886,#887,#888,#889,#890));
#279=EDGE_LOOP('',(#891));
#280=EDGE_LOOP('',(#892));
#281=EDGE_LOOP('',(#893));
#282=EDGE_LOOP('',(#894));
#283=EDGE_LOOP('',(#895,#896,#897,#898,#899,#900,#901,#902,#903,#904,#905,
#906));
#284=EDGE_LOOP('',(#907,#908,#909,#910));
#285=EDGE_LOOP('',(#911,#912,#913,#914,#915,#916,#917,#918));
#286=EDGE_LOOP('',(#919,#920,#921,#922));
#287=EDGE_LOOP('',(#923,#924,#925,#926));
#288=EDGE_LOOP('',(#927,#928,#929,#930));
#289=EDGE_LOOP('',(#931,#932,#933,#934));
#290=EDGE_LOOP('',(#935,#936,#937,#938,#939,#940,#941,#942));
#291=EDGE_LOOP('',(#943,#944,#945,#946));
#292=CIRCLE('',#1046,0.699894292018448);
#293=CIRCLE('',#1047,0.700000000000003);
#294=CIRCLE('',#1048,0.7);
#295=CIRCLE('',#1049,0.699894292018448);
#296=CIRCLE('',#1050,0.699894292018444);
#297=CIRCLE('',#1051,0.7);
#298=CIRCLE('',#1052,0.700000000000003);
#299=CIRCLE('',#1053,0.699894292018444);
#300=CIRCLE('',#1054,0.699894292018446);
#301=CIRCLE('',#1055,0.700000000000003);
#302=CIRCLE('',#1056,0.699894292018444);
#303=CIRCLE('',#1057,0.699999999999998);
#304=CIRCLE('',#1058,0.7);
#305=CIRCLE('',#1059,0.699894292018444);
#306=CIRCLE('',#1060,0.699894292018444);
#307=CIRCLE('',#1061,0.7);
#308=CIRCLE('',#1062,0.700000000000003);
#309=CIRCLE('',#1063,0.699894292018444);
#310=CIRCLE('',#1064,0.699894292018446);
#311=CIRCLE('',#1065,0.700000000000003);
#312=CIRCLE('',#1066,0.699894292018444);
#313=CIRCLE('',#1067,0.699999999999998);
#314=CIRCLE('',#1068,0.7);
#315=CIRCLE('',#1069,0.699894292018444);
#316=CIRCLE('',#1070,0.699894292018444);
#317=CIRCLE('',#1071,0.7);
#318=CIRCLE('',#1072,0.700000000000003);
#319=CIRCLE('',#1073,0.699894292018444);
#320=CIRCLE('',#1074,0.699894292018446);
#321=CIRCLE('',#1075,0.700000000000003);
#322=CIRCLE('',#1076,0.699894292018448);
#323=CIRCLE('',#1077,0.700000000000003);
#324=CIRCLE('',#1078,0.7);
#325=CIRCLE('',#1079,0.699894292018448);
#326=CIRCLE('',#1080,0.699894292018444);
#327=CIRCLE('',#1081,0.7);
#328=CIRCLE('',#1082,0.700000000000003);
#329=CIRCLE('',#1083,0.699894292018444);
#330=CIRCLE('',#1084,0.699894292018446);
#331=CIRCLE('',#1085,0.700000000000003);
#332=CIRCLE('',#1087,2.05);
#333=CIRCLE('',#1089,2.05);
#334=CIRCLE('',#1091,2.05);
#335=CIRCLE('',#1093,2.05);
#336=CIRCLE('',#1095,2.05);
#337=CIRCLE('',#1097,2.05);
#338=CIRCLE('',#1099,2.05);
#339=CIRCLE('',#1101,2.05);
#340=CIRCLE('',#1103,2.05);
#341=CIRCLE('',#1105,2.05);
#342=CIRCLE('',#1107,2.05);
#343=CIRCLE('',#1108,0.700000000000003);
#344=CIRCLE('',#1109,0.699894292018446);
#345=CIRCLE('',#1110,0.699999999999998);
#346=CIRCLE('',#1111,0.699894292018446);
#347=CIRCLE('',#1112,0.699999999999998);
#348=CIRCLE('',#1113,0.699894292018446);
#349=CIRCLE('',#1115,0.700000000000003);
#350=CIRCLE('',#1116,0.699894292018446);
#351=CIRCLE('',#1120,0.7);
#352=CIRCLE('',#1122,0.7);
#353=CIRCLE('',#1125,0.7);
#354=CIRCLE('',#1127,0.7);
#355=CIRCLE('',#1129,2.05);
#356=CIRCLE('',#1132,2.05);
#357=CIRCLE('',#1139,2.05);
#358=CIRCLE('',#1140,2.05);
#359=B_SPLINE_CURVE_WITH_KNOTS('',3,(#1454,#1455,#1456,#1457,#1458,#1459),
 .UNSPECIFIED.,.F.,.F.,(4,1,1,4),(0.,0.333333333333333,0.666666666666667,
1.),.UNSPECIFIED.);
#360=B_SPLINE_CURVE_WITH_KNOTS('',3,(#1461,#1462,#1463,#1464,#1465,#1466),
 .UNSPECIFIED.,.F.,.F.,(4,1,1,4),(0.,0.333333333333333,0.666666666666667,
1.),.UNSPECIFIED.);
#361=B_SPLINE_CURVE_WITH_KNOTS('',3,(#1507,#1508,#1509,#1510,#1511,#1512),
 .UNSPECIFIED.,.F.,.F.,(4,1,1,4),(0.,0.333333333333333,0.666666666666667,
1.),.UNSPECIFIED.);
#362=B_SPLINE_CURVE_WITH_KNOTS('',3,(#1553,#1554,#1555,#1556,#1557,#1558),
 .UNSPECIFIED.,.F.,.F.,(4,1,1,4),(0.,0.333333333333333,0.666666666666667,
1.),.UNSPECIFIED.);
#363=B_SPLINE_CURVE_WITH_KNOTS('',3,(#1599,#1600,#1601,#1602,#1603,#1604),
 .UNSPECIFIED.,.F.,.F.,(4,1,1,4),(0.,0.333333333333333,0.666666666666667,
1.),.UNSPECIFIED.);
#364=B_SPLINE_CURVE_WITH_KNOTS('',3,(#1645,#1646,#1647,#1648,#1649,#1650),
 .UNSPECIFIED.,.F.,.F.,(4,1,1,4),(0.,0.333333333333333,0.666666666666667,
1.),.UNSPECIFIED.);
#365=B_SPLINE_CURVE_WITH_KNOTS('',3,(#1692,#1693,#1694,#1695,#1696,#1697),
 .UNSPECIFIED.,.F.,.F.,(4,1,1,4),(0.,0.333333333333333,0.666666666666667,
1.),.UNSPECIFIED.);
#366=B_SPLINE_CURVE_WITH_KNOTS('',3,(#1699,#1700,#1701,#1702,#1703,#1704),
 .UNSPECIFIED.,.F.,.F.,(4,1,1,4),(0.,0.333333333333333,0.666666666666667,
1.),.UNSPECIFIED.);
#367=B_SPLINE_CURVE_WITH_KNOTS('',3,(#1745,#1746,#1747,#1748,#1749,#1750),
 .UNSPECIFIED.,.F.,.F.,(4,1,1,4),(0.,0.333333333333333,0.666666666666667,
1.),.UNSPECIFIED.);
#368=B_SPLINE_CURVE_WITH_KNOTS('',3,(#1791,#1792,#1793,#1794,#1795,#1796),
 .UNSPECIFIED.,.F.,.F.,(4,1,1,4),(0.,0.333333333333333,0.666666666666667,
1.),.UNSPECIFIED.);
#369=B_SPLINE_CURVE_WITH_KNOTS('',3,(#1837,#1838,#1839,#1840,#1841,#1842),
 .UNSPECIFIED.,.F.,.F.,(4,1,1,4),(0.,0.333333333333333,0.666666666666667,
1.),.UNSPECIFIED.);
#370=B_SPLINE_CURVE_WITH_KNOTS('',3,(#1883,#1884,#1885,#1886,#1887,#1888),
 .UNSPECIFIED.,.F.,.F.,(4,1,1,4),(0.,0.333333333333333,0.666666666666667,
1.),.UNSPECIFIED.);
#371=B_SPLINE_CURVE_WITH_KNOTS('',3,(#1930,#1931,#1932,#1933,#1934,#1935),
 .UNSPECIFIED.,.F.,.F.,(4,1,1,4),(0.,0.333333333333333,0.666666666666667,
1.),.UNSPECIFIED.);
#372=B_SPLINE_CURVE_WITH_KNOTS('',3,(#1937,#1938,#1939,#1940,#1941,#1942),
 .UNSPECIFIED.,.F.,.F.,(4,1,1,4),(0.,0.333333333333333,0.666666666666667,
1.),.UNSPECIFIED.);
#373=B_SPLINE_CURVE_WITH_KNOTS('',3,(#1983,#1984,#1985,#1986,#1987,#1988),
 .UNSPECIFIED.,.F.,.F.,(4,1,1,4),(0.,0.333333333333333,0.666666666666667,
1.),.UNSPECIFIED.);
#374=B_SPLINE_CURVE_WITH_KNOTS('',3,(#2029,#2030,#2031,#2032,#2033,#2034),
 .UNSPECIFIED.,.F.,.F.,(4,1,1,4),(0.,0.333333333333333,0.666666666666667,
1.),.UNSPECIFIED.);
#375=B_SPLINE_CURVE_WITH_KNOTS('',3,(#2075,#2076,#2077,#2078,#2079,#2080),
 .UNSPECIFIED.,.F.,.F.,(4,1,1,4),(0.,0.333333333333333,0.666666666666667,
1.),.UNSPECIFIED.);
#376=B_SPLINE_CURVE_WITH_KNOTS('',3,(#2121,#2122,#2123,#2124,#2125,#2126),
 .UNSPECIFIED.,.F.,.F.,(4,1,1,4),(0.,0.333333333333333,0.666666666666667,
1.),.UNSPECIFIED.);
#377=B_SPLINE_CURVE_WITH_KNOTS('',3,(#2168,#2169,#2170,#2171,#2172,#2173),
 .UNSPECIFIED.,.F.,.F.,(4,1,1,4),(0.,0.333333333333333,0.666666666666667,
1.),.UNSPECIFIED.);
#378=B_SPLINE_CURVE_WITH_KNOTS('',3,(#2175,#2176,#2177,#2178,#2179,#2180),
 .UNSPECIFIED.,.F.,.F.,(4,1,1,4),(0.,0.333333333333333,0.666666666666667,
1.),.UNSPECIFIED.);
#379=B_SPLINE_CURVE_WITH_KNOTS('',3,(#2221,#2222,#2223,#2224,#2225,#2226),
 .UNSPECIFIED.,.F.,.F.,(4,1,1,4),(0.,0.333333333333333,0.666666666666667,
1.),.UNSPECIFIED.);
#380=B_SPLINE_CURVE_WITH_KNOTS('',3,(#2267,#2268,#2269,#2270,#2271,#2272),
 .UNSPECIFIED.,.F.,.F.,(4,1,1,4),(0.,0.333333333333333,0.666666666666667,
1.),.UNSPECIFIED.);
#381=B_SPLINE_CURVE_WITH_KNOTS('',3,(#2313,#2314,#2315,#2316,#2317,#2318),
 .UNSPECIFIED.,.F.,.F.,(4,1,1,4),(0.,0.333333333333333,0.666666666666667,
1.),.UNSPECIFIED.);
#382=B_SPLINE_CURVE_WITH_KNOTS('',3,(#2359,#2360,#2361,#2362,#2363,#2364),
 .UNSPECIFIED.,.F.,.F.,(4,1,1,4),(0.,0.333333333333333,0.666666666666667,
1.),.UNSPECIFIED.);
#383=B_SPLINE_CURVE_WITH_KNOTS('',3,(#2371,#2372,#2373,#2374,#2375,#2376,
#2377,#2378,#2379,#2380),.UNSPECIFIED.,.F.,.F.,(4,2,2,2,4),(0.375323669343367,
0.391638310752364,0.475984288672742,0.56033026659312,0.576644908002117),
 .UNSPECIFIED.);
#384=B_SPLINE_CURVE_WITH_KNOTS('',3,(#2388,#2389,#2390,#2391,#2392,#2393,
#2394,#2395,#2396,#2397),.UNSPECIFIED.,.F.,.F.,(4,2,2,2,4),(0.375323669343368,
0.391638310752364,0.475984288672742,0.56033026659312,0.576644908002117),
 .UNSPECIFIED.);
#385=B_SPLINE_CURVE_WITH_KNOTS('',3,(#2402,#2403,#2404,#2405,#2406,#2407,
#2408,#2409,#2410,#2411),.UNSPECIFIED.,.F.,.F.,(4,2,2,2,4),(0.375323679658218,
0.391638354872345,0.475984340685288,0.560330326498232,0.57664500171236),
 .UNSPECIFIED.);
#386=B_SPLINE_CURVE_WITH_KNOTS('',3,(#2419,#2420,#2421,#2422,#2423,#2424,
#2425,#2426,#2427,#2428),.UNSPECIFIED.,.F.,.F.,(4,2,2,2,4),(0.375323679658218,
0.391638354872345,0.475984340685288,0.560330326498232,0.57664500171236),
 .UNSPECIFIED.);
#387=B_SPLINE_CURVE_WITH_KNOTS('',3,(#2433,#2434,#2435,#2436,#2437,#2438,
#2439,#2440,#2441,#2442),.UNSPECIFIED.,.F.,.F.,(4,2,2,2,4),(0.375323669343368,
0.391638310752364,0.475984288672742,0.56033026659312,0.576644908002117),
 .UNSPECIFIED.);
#388=B_SPLINE_CURVE_WITH_KNOTS('',3,(#2450,#2451,#2452,#2453,#2454,#2455,
#2456,#2457,#2458,#2459),.UNSPECIFIED.,.F.,.F.,(4,2,2,2,4),(0.375323669343367,
0.391638310752364,0.475984288672742,0.56033026659312,0.576644908002116),
 .UNSPECIFIED.);
#389=B_SPLINE_CURVE_WITH_KNOTS('',3,(#2464,#2465,#2466,#2467,#2468,#2469,
#2470,#2471,#2472,#2473),.UNSPECIFIED.,.F.,.F.,(4,2,2,2,4),(0.375323679658218,
0.391638354872345,0.475984340685288,0.560330326498232,0.576645001712359),
 .UNSPECIFIED.);
#390=VERTEX_POINT('',#1452);
#391=VERTEX_POINT('',#1453);
#392=VERTEX_POINT('',#1460);
#393=VERTEX_POINT('',#1467);
#394=VERTEX_POINT('',#1506);
#395=VERTEX_POINT('',#1513);
#396=VERTEX_POINT('',#1552);
#397=VERTEX_POINT('',#1559);
#398=VERTEX_POINT('',#1598);
#399=VERTEX_POINT('',#1605);
#400=VERTEX_POINT('',#1644);
#401=VERTEX_POINT('',#1651);
#402=VERTEX_POINT('',#1690);
#403=VERTEX_POINT('',#1691);
#404=VERTEX_POINT('',#1698);
#405=VERTEX_POINT('',#1705);
#406=VERTEX_POINT('',#1744);
#407=VERTEX_POINT('',#1751);
#408=VERTEX_POINT('',#1790);
#409=VERTEX_POINT('',#1797);
#410=VERTEX_POINT('',#1836);
#411=VERTEX_POINT('',#1843);
#412=VERTEX_POINT('',#1882);
#413=VERTEX_POINT('',#1889);
#414=VERTEX_POINT('',#1928);
#415=VERTEX_POINT('',#1929);
#416=VERTEX_POINT('',#1936);
#417=VERTEX_POINT('',#1943);
#418=VERTEX_POINT('',#1982);
#419=VERTEX_POINT('',#1989);
#420=VERTEX_POINT('',#2028);
#421=VERTEX_POINT('',#2035);
#422=VERTEX_POINT('',#2074);
#423=VERTEX_POINT('',#2081);
#424=VERTEX_POINT('',#2120);
#425=VERTEX_POINT('',#2127);
#426=VERTEX_POINT('',#2166);
#427=VERTEX_POINT('',#2167);
#428=VERTEX_POINT('',#2174);
#429=VERTEX_POINT('',#2181);
#430=VERTEX_POINT('',#2220);
#431=VERTEX_POINT('',#2227);
#432=VERTEX_POINT('',#2266);
#433=VERTEX_POINT('',#2273);
#434=VERTEX_POINT('',#2312);
#435=VERTEX_POINT('',#2319);
#436=VERTEX_POINT('',#2358);
#437=VERTEX_POINT('',#2365);
#438=VERTEX_POINT('',#2369);
#439=VERTEX_POINT('',#2370);
#440=VERTEX_POINT('',#2383);
#441=VERTEX_POINT('',#2386);
#442=VERTEX_POINT('',#2387);
#443=VERTEX_POINT('',#2400);
#444=VERTEX_POINT('',#2401);
#445=VERTEX_POINT('',#2414);
#446=VERTEX_POINT('',#2417);
#447=VERTEX_POINT('',#2418);
#448=VERTEX_POINT('',#2431);
#449=VERTEX_POINT('',#2432);
#450=VERTEX_POINT('',#2445);
#451=VERTEX_POINT('',#2448);
#452=VERTEX_POINT('',#2449);
#453=VERTEX_POINT('',#2462);
#454=VERTEX_POINT('',#2463);
#455=VERTEX_POINT('',#2476);
#456=VERTEX_POINT('',#2514);
#457=VERTEX_POINT('',#2553);
#458=VERTEX_POINT('',#2592);
#459=VERTEX_POINT('',#2636);
#460=VERTEX_POINT('',#2649);
#461=VERTEX_POINT('',#2650);
#462=VERTEX_POINT('',#2655);
#463=VERTEX_POINT('',#2656);
#464=VERTEX_POINT('',#2666);
#465=VERTEX_POINT('',#2667);
#466=VERTEX_POINT('',#2672);
#467=VERTEX_POINT('',#2673);
#468=VERTEX_POINT('',#2678);
#469=VERTEX_POINT('',#2683);
#470=VERTEX_POINT('',#2691);
#471=VERTEX_POINT('',#2692);
#472=VERTEX_POINT('',#2694);
#473=VERTEX_POINT('',#2696);
#474=VERTEX_POINT('',#2700);
#475=VERTEX_POINT('',#2701);
#476=VERTEX_POINT('',#2703);
#477=VERTEX_POINT('',#2705);
#478=VERTEX_POINT('',#2714);
#479=VERTEX_POINT('',#2716);
#480=VERTEX_POINT('',#2718);
#481=VERTEX_POINT('',#2720);
#482=VERTEX_POINT('',#2724);
#483=VERTEX_POINT('',#2726);
#484=VERTEX_POINT('',#2730);
#485=VERTEX_POINT('',#2731);
#486=VERTEX_POINT('',#2736);
#487=VERTEX_POINT('',#2740);
#488=EDGE_CURVE('',#390,#391,#359,.T.);
#489=EDGE_CURVE('',#390,#392,#360,.T.);
#490=EDGE_CURVE('',#392,#393,#292,.T.);
#491=EDGE_CURVE('',#391,#393,#293,.T.);
#492=EDGE_CURVE('',#390,#394,#361,.T.);
#493=EDGE_CURVE('',#395,#394,#294,.T.);
#494=EDGE_CURVE('',#395,#392,#295,.T.);
#495=EDGE_CURVE('',#390,#396,#362,.T.);
#496=EDGE_CURVE('',#396,#397,#296,.T.);
#497=EDGE_CURVE('',#394,#397,#297,.T.);
#498=EDGE_CURVE('',#390,#398,#363,.T.);
#499=EDGE_CURVE('',#399,#398,#298,.T.);
#500=EDGE_CURVE('',#399,#396,#299,.T.);
#501=EDGE_CURVE('',#390,#400,#364,.T.);
#502=EDGE_CURVE('',#400,#401,#300,.T.);
#503=EDGE_CURVE('',#398,#401,#301,.T.);
#504=EDGE_CURVE('',#402,#403,#365,.T.);
#505=EDGE_CURVE('',#402,#404,#366,.T.);
#506=EDGE_CURVE('',#404,#405,#302,.T.);
#507=EDGE_CURVE('',#403,#405,#303,.T.);
#508=EDGE_CURVE('',#402,#406,#367,.T.);
#509=EDGE_CURVE('',#407,#406,#304,.T.);
#510=EDGE_CURVE('',#407,#404,#305,.T.);
#511=EDGE_CURVE('',#402,#408,#368,.T.);
#512=EDGE_CURVE('',#408,#409,#306,.T.);
#513=EDGE_CURVE('',#406,#409,#307,.T.);
#514=EDGE_CURVE('',#402,#410,#369,.T.);
#515=EDGE_CURVE('',#411,#410,#308,.T.);
#516=EDGE_CURVE('',#411,#408,#309,.T.);
#517=EDGE_CURVE('',#402,#412,#370,.T.);
#518=EDGE_CURVE('',#412,#413,#310,.T.);
#519=EDGE_CURVE('',#410,#413,#311,.T.);
#520=EDGE_CURVE('',#414,#415,#371,.T.);
#521=EDGE_CURVE('',#414,#416,#372,.T.);
#522=EDGE_CURVE('',#416,#417,#312,.T.);
#523=EDGE_CURVE('',#415,#417,#313,.T.);
#524=EDGE_CURVE('',#414,#418,#373,.T.);
#525=EDGE_CURVE('',#419,#418,#314,.T.);
#526=EDGE_CURVE('',#419,#416,#315,.T.);
#527=EDGE_CURVE('',#414,#420,#374,.T.);
#528=EDGE_CURVE('',#420,#421,#316,.T.);
#529=EDGE_CURVE('',#418,#421,#317,.T.);
#530=EDGE_CURVE('',#414,#422,#375,.T.);
#531=EDGE_CURVE('',#423,#422,#318,.T.);
#532=EDGE_CURVE('',#423,#420,#319,.T.);
#533=EDGE_CURVE('',#414,#424,#376,.T.);
#534=EDGE_CURVE('',#424,#425,#320,.T.);
#535=EDGE_CURVE('',#422,#425,#321,.T.);
#536=EDGE_CURVE('',#426,#427,#377,.T.);
#537=EDGE_CURVE('',#426,#428,#378,.T.);
#538=EDGE_CURVE('',#428,#429,#322,.T.);
#539=EDGE_CURVE('',#427,#429,#323,.T.);
#540=EDGE_CURVE('',#426,#430,#379,.T.);
#541=EDGE_CURVE('',#431,#430,#324,.T.);
#542=EDGE_CURVE('',#431,#428,#325,.T.);
#543=EDGE_CURVE('',#426,#432,#380,.T.);
#544=EDGE_CURVE('',#432,#433,#326,.T.);
#545=EDGE_CURVE('',#430,#433,#327,.T.);
#546=EDGE_CURVE('',#426,#434,#381,.T.);
#547=EDGE_CURVE('',#435,#434,#328,.T.);
#548=EDGE_CURVE('',#435,#432,#329,.T.);
#549=EDGE_CURVE('',#426,#436,#382,.T.);
#550=EDGE_CURVE('',#436,#437,#330,.T.);
#551=EDGE_CURVE('',#434,#437,#331,.T.);
#552=EDGE_CURVE('',#438,#439,#383,.T.);
#553=EDGE_CURVE('',#438,#439,#332,.T.);
#554=EDGE_CURVE('',#440,#440,#333,.T.);
#555=EDGE_CURVE('',#441,#442,#384,.T.);
#556=EDGE_CURVE('',#441,#442,#334,.T.);
#557=EDGE_CURVE('',#443,#444,#385,.T.);
#558=EDGE_CURVE('',#443,#444,#335,.T.);
#559=EDGE_CURVE('',#445,#445,#336,.T.);
#560=EDGE_CURVE('',#446,#447,#386,.T.);
#561=EDGE_CURVE('',#446,#447,#337,.T.);
#562=EDGE_CURVE('',#448,#449,#387,.T.);
#563=EDGE_CURVE('',#448,#449,#338,.T.);
#564=EDGE_CURVE('',#450,#450,#339,.T.);
#565=EDGE_CURVE('',#451,#452,#388,.T.);
#566=EDGE_CURVE('',#451,#452,#340,.T.);
#567=EDGE_CURVE('',#453,#454,#389,.T.);
#568=EDGE_CURVE('',#453,#454,#341,.T.);
#569=EDGE_CURVE('',#455,#455,#342,.T.);
#570=EDGE_CURVE('',#456,#427,#343,.T.);
#571=EDGE_CURVE('',#456,#436,#344,.T.);
#572=EDGE_CURVE('',#457,#415,#345,.T.);
#573=EDGE_CURVE('',#457,#424,#346,.T.);
#574=EDGE_CURVE('',#458,#403,#347,.T.);
#575=EDGE_CURVE('',#458,#412,#348,.T.);
#576=EDGE_CURVE('',#454,#407,#19,.T.);
#577=EDGE_CURVE('',#409,#456,#20,.T.);
#578=EDGE_CURVE('',#429,#443,#21,.T.);
#579=EDGE_CURVE('',#444,#453,#22,.T.);
#580=EDGE_CURVE('',#459,#391,#349,.T.);
#581=EDGE_CURVE('',#459,#400,#350,.T.);
#582=EDGE_CURVE('',#449,#395,#23,.T.);
#583=EDGE_CURVE('',#397,#458,#24,.T.);
#584=EDGE_CURVE('',#405,#451,#25,.T.);
#585=EDGE_CURVE('',#452,#448,#26,.T.);
#586=EDGE_CURVE('',#447,#419,#27,.T.);
#587=EDGE_CURVE('',#421,#459,#28,.T.);
#588=EDGE_CURVE('',#393,#446,#29,.T.);
#589=EDGE_CURVE('',#460,#461,#351,.T.);
#590=EDGE_CURVE('',#461,#399,#30,.T.);
#591=EDGE_CURVE('',#401,#460,#31,.T.);
#592=EDGE_CURVE('',#462,#463,#352,.T.);
#593=EDGE_CURVE('',#463,#411,#32,.T.);
#594=EDGE_CURVE('',#413,#462,#33,.T.);
#595=EDGE_CURVE('',#442,#431,#34,.T.);
#596=EDGE_CURVE('',#433,#457,#35,.T.);
#597=EDGE_CURVE('',#417,#438,#36,.T.);
#598=EDGE_CURVE('',#439,#441,#37,.T.);
#599=EDGE_CURVE('',#464,#465,#353,.T.);
#600=EDGE_CURVE('',#465,#423,#38,.T.);
#601=EDGE_CURVE('',#425,#464,#39,.T.);
#602=EDGE_CURVE('',#466,#467,#354,.T.);
#603=EDGE_CURVE('',#467,#435,#40,.T.);
#604=EDGE_CURVE('',#437,#466,#41,.T.);
#605=EDGE_CURVE('',#468,#468,#355,.T.);
#606=EDGE_CURVE('',#468,#455,#42,.T.);
#607=EDGE_CURVE('',#469,#469,#356,.T.);
#608=EDGE_CURVE('',#469,#445,#43,.T.);
#609=EDGE_CURVE('',#460,#465,#44,.T.);
#610=EDGE_CURVE('',#464,#467,#45,.T.);
#611=EDGE_CURVE('',#470,#471,#46,.T.);
#612=EDGE_CURVE('',#472,#470,#47,.T.);
#613=EDGE_CURVE('',#472,#473,#48,.T.);
#614=EDGE_CURVE('',#471,#473,#49,.T.);
#615=EDGE_CURVE('',#474,#475,#50,.T.);
#616=EDGE_CURVE('',#476,#474,#51,.T.);
#617=EDGE_CURVE('',#476,#477,#52,.T.);
#618=EDGE_CURVE('',#475,#477,#53,.T.);
#619=EDGE_CURVE('',#473,#476,#54,.T.);
#620=EDGE_CURVE('',#477,#472,#55,.T.);
#621=EDGE_CURVE('',#466,#463,#56,.T.);
#622=EDGE_CURVE('',#462,#470,#57,.T.);
#623=EDGE_CURVE('',#471,#478,#58,.T.);
#624=EDGE_CURVE('',#478,#479,#59,.T.);
#625=EDGE_CURVE('',#479,#480,#60,.T.);
#626=EDGE_CURVE('',#480,#481,#61,.T.);
#627=EDGE_CURVE('',#481,#474,#62,.T.);
#628=EDGE_CURVE('',#475,#461,#63,.T.);
#629=EDGE_CURVE('',#482,#482,#357,.T.);
#630=EDGE_CURVE('',#483,#483,#358,.T.);
#631=EDGE_CURVE('',#484,#485,#64,.T.);
#632=EDGE_CURVE('',#484,#481,#65,.T.);
#633=EDGE_CURVE('',#485,#480,#66,.T.);
#634=EDGE_CURVE('',#486,#484,#67,.T.);
#635=EDGE_CURVE('',#486,#478,#68,.T.);
#636=EDGE_CURVE('',#485,#487,#69,.T.);
#637=EDGE_CURVE('',#487,#479,#70,.T.);
#638=EDGE_CURVE('',#487,#486,#71,.T.);
#639=EDGE_CURVE('',#482,#440,#72,.T.);
#640=EDGE_CURVE('',#483,#450,#73,.T.);
#641=ORIENTED_EDGE('',*,*,#488,.F.);
#642=ORIENTED_EDGE('',*,*,#489,.T.);
#643=ORIENTED_EDGE('',*,*,#490,.T.);
#644=ORIENTED_EDGE('',*,*,#491,.F.);
#645=ORIENTED_EDGE('',*,*,#489,.F.);
#646=ORIENTED_EDGE('',*,*,#492,.T.);
#647=ORIENTED_EDGE('',*,*,#493,.F.);
#648=ORIENTED_EDGE('',*,*,#494,.T.);
#649=ORIENTED_EDGE('',*,*,#492,.F.);
#650=ORIENTED_EDGE('',*,*,#495,.T.);
#651=ORIENTED_EDGE('',*,*,#496,.T.);
#652=ORIENTED_EDGE('',*,*,#497,.F.);
#653=ORIENTED_EDGE('',*,*,#495,.F.);
#654=ORIENTED_EDGE('',*,*,#498,.T.);
#655=ORIENTED_EDGE('',*,*,#499,.F.);
#656=ORIENTED_EDGE('',*,*,#500,.T.);
#657=ORIENTED_EDGE('',*,*,#498,.F.);
#658=ORIENTED_EDGE('',*,*,#501,.T.);
#659=ORIENTED_EDGE('',*,*,#502,.T.);
#660=ORIENTED_EDGE('',*,*,#503,.F.);
#661=ORIENTED_EDGE('',*,*,#504,.F.);
#662=ORIENTED_EDGE('',*,*,#505,.T.);
#663=ORIENTED_EDGE('',*,*,#506,.T.);
#664=ORIENTED_EDGE('',*,*,#507,.F.);
#665=ORIENTED_EDGE('',*,*,#505,.F.);
#666=ORIENTED_EDGE('',*,*,#508,.T.);
#667=ORIENTED_EDGE('',*,*,#509,.F.);
#668=ORIENTED_EDGE('',*,*,#510,.T.);
#669=ORIENTED_EDGE('',*,*,#508,.F.);
#670=ORIENTED_EDGE('',*,*,#511,.T.);
#671=ORIENTED_EDGE('',*,*,#512,.T.);
#672=ORIENTED_EDGE('',*,*,#513,.F.);
#673=ORIENTED_EDGE('',*,*,#511,.F.);
#674=ORIENTED_EDGE('',*,*,#514,.T.);
#675=ORIENTED_EDGE('',*,*,#515,.F.);
#676=ORIENTED_EDGE('',*,*,#516,.T.);
#677=ORIENTED_EDGE('',*,*,#514,.F.);
#678=ORIENTED_EDGE('',*,*,#517,.T.);
#679=ORIENTED_EDGE('',*,*,#518,.T.);
#680=ORIENTED_EDGE('',*,*,#519,.F.);
#681=ORIENTED_EDGE('',*,*,#520,.F.);
#682=ORIENTED_EDGE('',*,*,#521,.T.);
#683=ORIENTED_EDGE('',*,*,#522,.T.);
#684=ORIENTED_EDGE('',*,*,#523,.F.);
#685=ORIENTED_EDGE('',*,*,#521,.F.);
#686=ORIENTED_EDGE('',*,*,#524,.T.);
#687=ORIENTED_EDGE('',*,*,#525,.F.);
#688=ORIENTED_EDGE('',*,*,#526,.T.);
#689=ORIENTED_EDGE('',*,*,#524,.F.);
#690=ORIENTED_EDGE('',*,*,#527,.T.);
#691=ORIENTED_EDGE('',*,*,#528,.T.);
#692=ORIENTED_EDGE('',*,*,#529,.F.);
#693=ORIENTED_EDGE('',*,*,#527,.F.);
#694=ORIENTED_EDGE('',*,*,#530,.T.);
#695=ORIENTED_EDGE('',*,*,#531,.F.);
#696=ORIENTED_EDGE('',*,*,#532,.T.);
#697=ORIENTED_EDGE('',*,*,#530,.F.);
#698=ORIENTED_EDGE('',*,*,#533,.T.);
#699=ORIENTED_EDGE('',*,*,#534,.T.);
#700=ORIENTED_EDGE('',*,*,#535,.F.);
#701=ORIENTED_EDGE('',*,*,#536,.F.);
#702=ORIENTED_EDGE('',*,*,#537,.T.);
#703=ORIENTED_EDGE('',*,*,#538,.T.);
#704=ORIENTED_EDGE('',*,*,#539,.F.);
#705=ORIENTED_EDGE('',*,*,#537,.F.);
#706=ORIENTED_EDGE('',*,*,#540,.T.);
#707=ORIENTED_EDGE('',*,*,#541,.F.);
#708=ORIENTED_EDGE('',*,*,#542,.T.);
#709=ORIENTED_EDGE('',*,*,#540,.F.);
#710=ORIENTED_EDGE('',*,*,#543,.T.);
#711=ORIENTED_EDGE('',*,*,#544,.T.);
#712=ORIENTED_EDGE('',*,*,#545,.F.);
#713=ORIENTED_EDGE('',*,*,#543,.F.);
#714=ORIENTED_EDGE('',*,*,#546,.T.);
#715=ORIENTED_EDGE('',*,*,#547,.F.);
#716=ORIENTED_EDGE('',*,*,#548,.T.);
#717=ORIENTED_EDGE('',*,*,#546,.F.);
#718=ORIENTED_EDGE('',*,*,#549,.T.);
#719=ORIENTED_EDGE('',*,*,#550,.T.);
#720=ORIENTED_EDGE('',*,*,#551,.F.);
#721=ORIENTED_EDGE('',*,*,#552,.F.);
#722=ORIENTED_EDGE('',*,*,#553,.T.);
#723=ORIENTED_EDGE('',*,*,#554,.F.);
#724=ORIENTED_EDGE('',*,*,#555,.F.);
#725=ORIENTED_EDGE('',*,*,#556,.T.);
#726=ORIENTED_EDGE('',*,*,#557,.F.);
#727=ORIENTED_EDGE('',*,*,#558,.T.);
#728=ORIENTED_EDGE('',*,*,#559,.F.);
#729=ORIENTED_EDGE('',*,*,#560,.F.);
#730=ORIENTED_EDGE('',*,*,#561,.T.);
#731=ORIENTED_EDGE('',*,*,#562,.F.);
#732=ORIENTED_EDGE('',*,*,#563,.T.);
#733=ORIENTED_EDGE('',*,*,#564,.F.);
#734=ORIENTED_EDGE('',*,*,#565,.F.);
#735=ORIENTED_EDGE('',*,*,#566,.T.);
#736=ORIENTED_EDGE('',*,*,#567,.F.);
#737=ORIENTED_EDGE('',*,*,#568,.T.);
#738=ORIENTED_EDGE('',*,*,#569,.F.);
#739=ORIENTED_EDGE('',*,*,#536,.T.);
#740=ORIENTED_EDGE('',*,*,#570,.F.);
#741=ORIENTED_EDGE('',*,*,#571,.T.);
#742=ORIENTED_EDGE('',*,*,#549,.F.);
#743=ORIENTED_EDGE('',*,*,#520,.T.);
#744=ORIENTED_EDGE('',*,*,#572,.F.);
#745=ORIENTED_EDGE('',*,*,#573,.T.);
#746=ORIENTED_EDGE('',*,*,#533,.F.);
#747=ORIENTED_EDGE('',*,*,#504,.T.);
#748=ORIENTED_EDGE('',*,*,#574,.F.);
#749=ORIENTED_EDGE('',*,*,#575,.T.);
#750=ORIENTED_EDGE('',*,*,#517,.F.);
#751=ORIENTED_EDGE('',*,*,#567,.T.);
#752=ORIENTED_EDGE('',*,*,#576,.T.);
#753=ORIENTED_EDGE('',*,*,#509,.T.);
#754=ORIENTED_EDGE('',*,*,#513,.T.);
#755=ORIENTED_EDGE('',*,*,#577,.T.);
#756=ORIENTED_EDGE('',*,*,#570,.T.);
#757=ORIENTED_EDGE('',*,*,#539,.T.);
#758=ORIENTED_EDGE('',*,*,#578,.T.);
#759=ORIENTED_EDGE('',*,*,#557,.T.);
#760=ORIENTED_EDGE('',*,*,#579,.T.);
#761=ORIENTED_EDGE('',*,*,#488,.T.);
#762=ORIENTED_EDGE('',*,*,#580,.F.);
#763=ORIENTED_EDGE('',*,*,#581,.T.);
#764=ORIENTED_EDGE('',*,*,#501,.F.);
#765=ORIENTED_EDGE('',*,*,#562,.T.);
#766=ORIENTED_EDGE('',*,*,#582,.T.);
#767=ORIENTED_EDGE('',*,*,#493,.T.);
#768=ORIENTED_EDGE('',*,*,#497,.T.);
#769=ORIENTED_EDGE('',*,*,#583,.T.);
#770=ORIENTED_EDGE('',*,*,#574,.T.);
#771=ORIENTED_EDGE('',*,*,#507,.T.);
#772=ORIENTED_EDGE('',*,*,#584,.T.);
#773=ORIENTED_EDGE('',*,*,#565,.T.);
#774=ORIENTED_EDGE('',*,*,#585,.T.);
#775=ORIENTED_EDGE('',*,*,#560,.T.);
#776=ORIENTED_EDGE('',*,*,#586,.T.);
#777=ORIENTED_EDGE('',*,*,#525,.T.);
#778=ORIENTED_EDGE('',*,*,#529,.T.);
#779=ORIENTED_EDGE('',*,*,#587,.T.);
#780=ORIENTED_EDGE('',*,*,#580,.T.);
#781=ORIENTED_EDGE('',*,*,#491,.T.);
#782=ORIENTED_EDGE('',*,*,#588,.T.);
#783=ORIENTED_EDGE('',*,*,#589,.T.);
#784=ORIENTED_EDGE('',*,*,#590,.T.);
#785=ORIENTED_EDGE('',*,*,#499,.T.);
#786=ORIENTED_EDGE('',*,*,#503,.T.);
#787=ORIENTED_EDGE('',*,*,#591,.T.);
#788=ORIENTED_EDGE('',*,*,#592,.T.);
#789=ORIENTED_EDGE('',*,*,#593,.T.);
#790=ORIENTED_EDGE('',*,*,#515,.T.);
#791=ORIENTED_EDGE('',*,*,#519,.T.);
#792=ORIENTED_EDGE('',*,*,#594,.T.);
#793=ORIENTED_EDGE('',*,*,#555,.T.);
#794=ORIENTED_EDGE('',*,*,#595,.T.);
#795=ORIENTED_EDGE('',*,*,#541,.T.);
#796=ORIENTED_EDGE('',*,*,#545,.T.);
#797=ORIENTED_EDGE('',*,*,#596,.T.);
#798=ORIENTED_EDGE('',*,*,#572,.T.);
#799=ORIENTED_EDGE('',*,*,#523,.T.);
#800=ORIENTED_EDGE('',*,*,#597,.T.);
#801=ORIENTED_EDGE('',*,*,#552,.T.);
#802=ORIENTED_EDGE('',*,*,#598,.T.);
#803=ORIENTED_EDGE('',*,*,#599,.T.);
#804=ORIENTED_EDGE('',*,*,#600,.T.);
#805=ORIENTED_EDGE('',*,*,#531,.T.);
#806=ORIENTED_EDGE('',*,*,#535,.T.);
#807=ORIENTED_EDGE('',*,*,#601,.T.);
#808=ORIENTED_EDGE('',*,*,#602,.T.);
#809=ORIENTED_EDGE('',*,*,#603,.T.);
#810=ORIENTED_EDGE('',*,*,#547,.T.);
#811=ORIENTED_EDGE('',*,*,#551,.T.);
#812=ORIENTED_EDGE('',*,*,#604,.T.);
#813=ORIENTED_EDGE('',*,*,#605,.F.);
#814=ORIENTED_EDGE('',*,*,#606,.T.);
#815=ORIENTED_EDGE('',*,*,#569,.T.);
#816=ORIENTED_EDGE('',*,*,#606,.F.);
#817=ORIENTED_EDGE('',*,*,#578,.F.);
#818=ORIENTED_EDGE('',*,*,#538,.F.);
#819=ORIENTED_EDGE('',*,*,#542,.F.);
#820=ORIENTED_EDGE('',*,*,#595,.F.);
#821=ORIENTED_EDGE('',*,*,#556,.F.);
#822=ORIENTED_EDGE('',*,*,#598,.F.);
#823=ORIENTED_EDGE('',*,*,#553,.F.);
#824=ORIENTED_EDGE('',*,*,#597,.F.);
#825=ORIENTED_EDGE('',*,*,#522,.F.);
#826=ORIENTED_EDGE('',*,*,#526,.F.);
#827=ORIENTED_EDGE('',*,*,#586,.F.);
#828=ORIENTED_EDGE('',*,*,#561,.F.);
#829=ORIENTED_EDGE('',*,*,#588,.F.);
#830=ORIENTED_EDGE('',*,*,#490,.F.);
#831=ORIENTED_EDGE('',*,*,#494,.F.);
#832=ORIENTED_EDGE('',*,*,#582,.F.);
#833=ORIENTED_EDGE('',*,*,#563,.F.);
#834=ORIENTED_EDGE('',*,*,#585,.F.);
#835=ORIENTED_EDGE('',*,*,#566,.F.);
#836=ORIENTED_EDGE('',*,*,#584,.F.);
#837=ORIENTED_EDGE('',*,*,#506,.F.);
#838=ORIENTED_EDGE('',*,*,#510,.F.);
#839=ORIENTED_EDGE('',*,*,#576,.F.);
#840=ORIENTED_EDGE('',*,*,#568,.F.);
#841=ORIENTED_EDGE('',*,*,#579,.F.);
#842=ORIENTED_EDGE('',*,*,#558,.F.);
#843=ORIENTED_EDGE('',*,*,#607,.F.);
#844=ORIENTED_EDGE('',*,*,#608,.T.);
#845=ORIENTED_EDGE('',*,*,#559,.T.);
#846=ORIENTED_EDGE('',*,*,#608,.F.);
#847=ORIENTED_EDGE('',*,*,#591,.F.);
#848=ORIENTED_EDGE('',*,*,#502,.F.);
#849=ORIENTED_EDGE('',*,*,#581,.F.);
#850=ORIENTED_EDGE('',*,*,#587,.F.);
#851=ORIENTED_EDGE('',*,*,#528,.F.);
#852=ORIENTED_EDGE('',*,*,#532,.F.);
#853=ORIENTED_EDGE('',*,*,#600,.F.);
#854=ORIENTED_EDGE('',*,*,#609,.F.);
#855=ORIENTED_EDGE('',*,*,#601,.F.);
#856=ORIENTED_EDGE('',*,*,#534,.F.);
#857=ORIENTED_EDGE('',*,*,#573,.F.);
#858=ORIENTED_EDGE('',*,*,#596,.F.);
#859=ORIENTED_EDGE('',*,*,#544,.F.);
#860=ORIENTED_EDGE('',*,*,#548,.F.);
#861=ORIENTED_EDGE('',*,*,#603,.F.);
#862=ORIENTED_EDGE('',*,*,#610,.F.);
#863=ORIENTED_EDGE('',*,*,#611,.F.);
#864=ORIENTED_EDGE('',*,*,#612,.F.);
#865=ORIENTED_EDGE('',*,*,#613,.T.);
#866=ORIENTED_EDGE('',*,*,#614,.F.);
#867=ORIENTED_EDGE('',*,*,#615,.F.);
#868=ORIENTED_EDGE('',*,*,#616,.F.);
#869=ORIENTED_EDGE('',*,*,#617,.T.);
#870=ORIENTED_EDGE('',*,*,#618,.F.);
#871=ORIENTED_EDGE('',*,*,#617,.F.);
#872=ORIENTED_EDGE('',*,*,#619,.F.);
#873=ORIENTED_EDGE('',*,*,#613,.F.);
#874=ORIENTED_EDGE('',*,*,#620,.F.);
#875=ORIENTED_EDGE('',*,*,#589,.F.);
#876=ORIENTED_EDGE('',*,*,#609,.T.);
#877=ORIENTED_EDGE('',*,*,#599,.F.);
#878=ORIENTED_EDGE('',*,*,#610,.T.);
#879=ORIENTED_EDGE('',*,*,#602,.F.);
#880=ORIENTED_EDGE('',*,*,#621,.T.);
#881=ORIENTED_EDGE('',*,*,#592,.F.);
#882=ORIENTED_EDGE('',*,*,#622,.T.);
#883=ORIENTED_EDGE('',*,*,#611,.T.);
#884=ORIENTED_EDGE('',*,*,#623,.T.);
#885=ORIENTED_EDGE('',*,*,#624,.T.);
#886=ORIENTED_EDGE('',*,*,#625,.T.);
#887=ORIENTED_EDGE('',*,*,#626,.T.);
#888=ORIENTED_EDGE('',*,*,#627,.T.);
#889=ORIENTED_EDGE('',*,*,#615,.T.);
#890=ORIENTED_EDGE('',*,*,#628,.T.);
#891=ORIENTED_EDGE('',*,*,#629,.T.);
#892=ORIENTED_EDGE('',*,*,#605,.T.);
#893=ORIENTED_EDGE('',*,*,#630,.T.);
#894=ORIENTED_EDGE('',*,*,#607,.T.);
#895=ORIENTED_EDGE('',*,*,#590,.F.);
#896=ORIENTED_EDGE('',*,*,#628,.F.);
#897=ORIENTED_EDGE('',*,*,#618,.T.);
#898=ORIENTED_EDGE('',*,*,#620,.T.);
#899=ORIENTED_EDGE('',*,*,#612,.T.);
#900=ORIENTED_EDGE('',*,*,#622,.F.);
#901=ORIENTED_EDGE('',*,*,#594,.F.);
#902=ORIENTED_EDGE('',*,*,#518,.F.);
#903=ORIENTED_EDGE('',*,*,#575,.F.);
#904=ORIENTED_EDGE('',*,*,#583,.F.);
#905=ORIENTED_EDGE('',*,*,#496,.F.);
#906=ORIENTED_EDGE('',*,*,#500,.F.);
#907=ORIENTED_EDGE('',*,*,#631,.F.);
#908=ORIENTED_EDGE('',*,*,#632,.T.);
#909=ORIENTED_EDGE('',*,*,#626,.F.);
#910=ORIENTED_EDGE('',*,*,#633,.F.);
#911=ORIENTED_EDGE('',*,*,#616,.T.);
#912=ORIENTED_EDGE('',*,*,#627,.F.);
#913=ORIENTED_EDGE('',*,*,#632,.F.);
#914=ORIENTED_EDGE('',*,*,#634,.F.);
#915=ORIENTED_EDGE('',*,*,#635,.T.);
#916=ORIENTED_EDGE('',*,*,#623,.F.);
#917=ORIENTED_EDGE('',*,*,#614,.T.);
#918=ORIENTED_EDGE('',*,*,#619,.T.);
#919=ORIENTED_EDGE('',*,*,#636,.F.);
#920=ORIENTED_EDGE('',*,*,#633,.T.);
#921=ORIENTED_EDGE('',*,*,#625,.F.);
#922=ORIENTED_EDGE('',*,*,#637,.F.);
#923=ORIENTED_EDGE('',*,*,#638,.F.);
#924=ORIENTED_EDGE('',*,*,#637,.T.);
#925=ORIENTED_EDGE('',*,*,#624,.F.);
#926=ORIENTED_EDGE('',*,*,#635,.F.);
#927=ORIENTED_EDGE('',*,*,#629,.F.);
#928=ORIENTED_EDGE('',*,*,#639,.T.);
#929=ORIENTED_EDGE('',*,*,#554,.T.);
#930=ORIENTED_EDGE('',*,*,#639,.F.);
#931=ORIENTED_EDGE('',*,*,#630,.F.);
#932=ORIENTED_EDGE('',*,*,#640,.T.);
#933=ORIENTED_EDGE('',*,*,#564,.T.);
#934=ORIENTED_EDGE('',*,*,#640,.F.);
#935=ORIENTED_EDGE('',*,*,#593,.F.);
#936=ORIENTED_EDGE('',*,*,#621,.F.);
#937=ORIENTED_EDGE('',*,*,#604,.F.);
#938=ORIENTED_EDGE('',*,*,#550,.F.);
#939=ORIENTED_EDGE('',*,*,#571,.F.);
#940=ORIENTED_EDGE('',*,*,#577,.F.);
#941=ORIENTED_EDGE('',*,*,#512,.F.);
#942=ORIENTED_EDGE('',*,*,#516,.F.);
#943=ORIENTED_EDGE('',*,*,#634,.T.);
#944=ORIENTED_EDGE('',*,*,#631,.T.);
#945=ORIENTED_EDGE('',*,*,#636,.T.);
#946=ORIENTED_EDGE('',*,*,#638,.T.);
#947=B_SPLINE_SURFACE_WITH_KNOTS('',3,3,((#1416,#1417,#1418,#1419,#1420,
#1421),(#1422,#1423,#1424,#1425,#1426,#1427),(#1428,#1429,#1430,#1431,#1432,
#1433),(#1434,#1435,#1436,#1437,#1438,#1439),(#1440,#1441,#1442,#1443,#1444,
#1445),(#1446,#1447,#1448,#1449,#1450,#1451)),.UNSPECIFIED.,.F.,.F.,.F.,
(4,1,1,4),(4,1,1,4),(0.,0.333333333333333,0.666666666666667,1.),(0.,0.333333333333333,
0.666666666666667,1.),.UNSPECIFIED.);
#948=B_SPLINE_SURFACE_WITH_KNOTS('',3,3,((#1470,#1471,#1472,#1473,#1474,
#1475),(#1476,#1477,#1478,#1479,#1480,#1481),(#1482,#1483,#1484,#1485,#1486,
#1487),(#1488,#1489,#1490,#1491,#1492,#1493),(#1494,#1495,#1496,#1497,#1498,
#1499),(#1500,#1501,#1502,#1503,#1504,#1505)),.UNSPECIFIED.,.F.,.F.,.F.,
(4,1,1,4),(4,1,1,4),(0.,0.333333333333333,0.666666666666667,1.),(0.,0.333333333333333,
0.666666666666667,1.),.UNSPECIFIED.);
#949=B_SPLINE_SURFACE_WITH_KNOTS('',3,3,((#1516,#1517,#1518,#1519,#1520,
#1521),(#1522,#1523,#1524,#1525,#1526,#1527),(#1528,#1529,#1530,#1531,#1532,
#1533),(#1534,#1535,#1536,#1537,#1538,#1539),(#1540,#1541,#1542,#1543,#1544,
#1545),(#1546,#1547,#1548,#1549,#1550,#1551)),.UNSPECIFIED.,.F.,.F.,.F.,
(4,1,1,4),(4,1,1,4),(0.,0.333333333333333,0.666666666666667,1.),(0.,0.333333333333333,
0.666666666666667,1.),.UNSPECIFIED.);
#950=B_SPLINE_SURFACE_WITH_KNOTS('',3,3,((#1562,#1563,#1564,#1565,#1566,
#1567),(#1568,#1569,#1570,#1571,#1572,#1573),(#1574,#1575,#1576,#1577,#1578,
#1579),(#1580,#1581,#1582,#1583,#1584,#1585),(#1586,#1587,#1588,#1589,#1590,
#1591),(#1592,#1593,#1594,#1595,#1596,#1597)),.UNSPECIFIED.,.F.,.F.,.F.,
(4,1,1,4),(4,1,1,4),(0.,0.333333333333333,0.666666666666667,1.),(0.,0.333333333333333,
0.666666666666667,1.),.UNSPECIFIED.);
#951=B_SPLINE_SURFACE_WITH_KNOTS('',3,3,((#1608,#1609,#1610,#1611,#1612,
#1613),(#1614,#1615,#1616,#1617,#1618,#1619),(#1620,#1621,#1622,#1623,#1624,
#1625),(#1626,#1627,#1628,#1629,#1630,#1631),(#1632,#1633,#1634,#1635,#1636,
#1637),(#1638,#1639,#1640,#1641,#1642,#1643)),.UNSPECIFIED.,.F.,.F.,.F.,
(4,1,1,4),(4,1,1,4),(0.,0.333333333333333,0.666666666666667,1.),(0.,0.333333333333333,
0.666666666666667,1.),.UNSPECIFIED.);
#952=B_SPLINE_SURFACE_WITH_KNOTS('',3,3,((#1654,#1655,#1656,#1657,#1658,
#1659),(#1660,#1661,#1662,#1663,#1664,#1665),(#1666,#1667,#1668,#1669,#1670,
#1671),(#1672,#1673,#1674,#1675,#1676,#1677),(#1678,#1679,#1680,#1681,#1682,
#1683),(#1684,#1685,#1686,#1687,#1688,#1689)),.UNSPECIFIED.,.F.,.F.,.F.,
(4,1,1,4),(4,1,1,4),(0.,0.333333333333333,0.666666666666667,1.),(0.,0.333333333333333,
0.666666666666667,1.),.UNSPECIFIED.);
#953=B_SPLINE_SURFACE_WITH_KNOTS('',3,3,((#1708,#1709,#1710,#1711,#1712,
#1713),(#1714,#1715,#1716,#1717,#1718,#1719),(#1720,#1721,#1722,#1723,#1724,
#1725),(#1726,#1727,#1728,#1729,#1730,#1731),(#1732,#1733,#1734,#1735,#1736,
#1737),(#1738,#1739,#1740,#1741,#1742,#1743)),.UNSPECIFIED.,.F.,.F.,.F.,
(4,1,1,4),(4,1,1,4),(0.,0.333333333333333,0.666666666666667,1.),(0.,0.333333333333333,
0.666666666666667,1.),.UNSPECIFIED.);
#954=B_SPLINE_SURFACE_WITH_KNOTS('',3,3,((#1754,#1755,#1756,#1757,#1758,
#1759),(#1760,#1761,#1762,#1763,#1764,#1765),(#1766,#1767,#1768,#1769,#1770,
#1771),(#1772,#1773,#1774,#1775,#1776,#1777),(#1778,#1779,#1780,#1781,#1782,
#1783),(#1784,#1785,#1786,#1787,#1788,#1789)),.UNSPECIFIED.,.F.,.F.,.F.,
(4,1,1,4),(4,1,1,4),(0.,0.333333333333333,0.666666666666667,1.),(0.,0.333333333333333,
0.666666666666667,1.),.UNSPECIFIED.);
#955=B_SPLINE_SURFACE_WITH_KNOTS('',3,3,((#1800,#1801,#1802,#1803,#1804,
#1805),(#1806,#1807,#1808,#1809,#1810,#1811),(#1812,#1813,#1814,#1815,#1816,
#1817),(#1818,#1819,#1820,#1821,#1822,#1823),(#1824,#1825,#1826,#1827,#1828,
#1829),(#1830,#1831,#1832,#1833,#1834,#1835)),.UNSPECIFIED.,.F.,.F.,.F.,
(4,1,1,4),(4,1,1,4),(0.,0.333333333333333,0.666666666666667,1.),(0.,0.333333333333333,
0.666666666666667,1.),.UNSPECIFIED.);
#956=B_SPLINE_SURFACE_WITH_KNOTS('',3,3,((#1846,#1847,#1848,#1849,#1850,
#1851),(#1852,#1853,#1854,#1855,#1856,#1857),(#1858,#1859,#1860,#1861,#1862,
#1863),(#1864,#1865,#1866,#1867,#1868,#1869),(#1870,#1871,#1872,#1873,#1874,
#1875),(#1876,#1877,#1878,#1879,#1880,#1881)),.UNSPECIFIED.,.F.,.F.,.F.,
(4,1,1,4),(4,1,1,4),(0.,0.333333333333333,0.666666666666667,1.),(0.,0.333333333333333,
0.666666666666667,1.),.UNSPECIFIED.);
#957=B_SPLINE_SURFACE_WITH_KNOTS('',3,3,((#1892,#1893,#1894,#1895,#1896,
#1897),(#1898,#1899,#1900,#1901,#1902,#1903),(#1904,#1905,#1906,#1907,#1908,
#1909),(#1910,#1911,#1912,#1913,#1914,#1915),(#1916,#1917,#1918,#1919,#1920,
#1921),(#1922,#1923,#1924,#1925,#1926,#1927)),.UNSPECIFIED.,.F.,.F.,.F.,
(4,1,1,4),(4,1,1,4),(0.,0.333333333333333,0.666666666666667,1.),(0.,0.333333333333333,
0.666666666666667,1.),.UNSPECIFIED.);
#958=B_SPLINE_SURFACE_WITH_KNOTS('',3,3,((#1946,#1947,#1948,#1949,#1950,
#1951),(#1952,#1953,#1954,#1955,#1956,#1957),(#1958,#1959,#1960,#1961,#1962,
#1963),(#1964,#1965,#1966,#1967,#1968,#1969),(#1970,#1971,#1972,#1973,#1974,
#1975),(#1976,#1977,#1978,#1979,#1980,#1981)),.UNSPECIFIED.,.F.,.F.,.F.,
(4,1,1,4),(4,1,1,4),(0.,0.333333333333333,0.666666666666667,1.),(0.,0.333333333333333,
0.666666666666667,1.),.UNSPECIFIED.);
#959=B_SPLINE_SURFACE_WITH_KNOTS('',3,3,((#1992,#1993,#1994,#1995,#1996,
#1997),(#1998,#1999,#2000,#2001,#2002,#2003),(#2004,#2005,#2006,#2007,#2008,
#2009),(#2010,#2011,#2012,#2013,#2014,#2015),(#2016,#2017,#2018,#2019,#2020,
#2021),(#2022,#2023,#2024,#2025,#2026,#2027)),.UNSPECIFIED.,.F.,.F.,.F.,
(4,1,1,4),(4,1,1,4),(0.,0.333333333333333,0.666666666666667,1.),(0.,0.333333333333333,
0.666666666666667,1.),.UNSPECIFIED.);
#960=B_SPLINE_SURFACE_WITH_KNOTS('',3,3,((#2038,#2039,#2040,#2041,#2042,
#2043),(#2044,#2045,#2046,#2047,#2048,#2049),(#2050,#2051,#2052,#2053,#2054,
#2055),(#2056,#2057,#2058,#2059,#2060,#2061),(#2062,#2063,#2064,#2065,#2066,
#2067),(#2068,#2069,#2070,#2071,#2072,#2073)),.UNSPECIFIED.,.F.,.F.,.F.,
(4,1,1,4),(4,1,1,4),(0.,0.333333333333333,0.666666666666667,1.),(0.,0.333333333333333,
0.666666666666667,1.),.UNSPECIFIED.);
#961=B_SPLINE_SURFACE_WITH_KNOTS('',3,3,((#2084,#2085,#2086,#2087,#2088,
#2089),(#2090,#2091,#2092,#2093,#2094,#2095),(#2096,#2097,#2098,#2099,#2100,
#2101),(#2102,#2103,#2104,#2105,#2106,#2107),(#2108,#2109,#2110,#2111,#2112,
#2113),(#2114,#2115,#2116,#2117,#2118,#2119)),.UNSPECIFIED.,.F.,.F.,.F.,
(4,1,1,4),(4,1,1,4),(0.,0.333333333333333,0.666666666666667,1.),(0.,0.333333333333333,
0.666666666666667,1.),.UNSPECIFIED.);
#962=B_SPLINE_SURFACE_WITH_KNOTS('',3,3,((#2130,#2131,#2132,#2133,#2134,
#2135),(#2136,#2137,#2138,#2139,#2140,#2141),(#2142,#2143,#2144,#2145,#2146,
#2147),(#2148,#2149,#2150,#2151,#2152,#2153),(#2154,#2155,#2156,#2157,#2158,
#2159),(#2160,#2161,#2162,#2163,#2164,#2165)),.UNSPECIFIED.,.F.,.F.,.F.,
(4,1,1,4),(4,1,1,4),(0.,0.333333333333333,0.666666666666667,1.),(0.,0.333333333333333,
0.666666666666667,1.),.UNSPECIFIED.);
#963=B_SPLINE_SURFACE_WITH_KNOTS('',3,3,((#2184,#2185,#2186,#2187,#2188,
#2189),(#2190,#2191,#2192,#2193,#2194,#2195),(#2196,#2197,#2198,#2199,#2200,
#2201),(#2202,#2203,#2204,#2205,#2206,#2207),(#2208,#2209,#2210,#2211,#2212,
#2213),(#2214,#2215,#2216,#2217,#2218,#2219)),.UNSPECIFIED.,.F.,.F.,.F.,
(4,1,1,4),(4,1,1,4),(0.,0.333333333333333,0.666666666666667,1.),(0.,0.333333333333333,
0.666666666666667,1.),.UNSPECIFIED.);
#964=B_SPLINE_SURFACE_WITH_KNOTS('',3,3,((#2230,#2231,#2232,#2233,#2234,
#2235),(#2236,#2237,#2238,#2239,#2240,#2241),(#2242,#2243,#2244,#2245,#2246,
#2247),(#2248,#2249,#2250,#2251,#2252,#2253),(#2254,#2255,#2256,#2257,#2258,
#2259),(#2260,#2261,#2262,#2263,#2264,#2265)),.UNSPECIFIED.,.F.,.F.,.F.,
(4,1,1,4),(4,1,1,4),(0.,0.333333333333333,0.666666666666667,1.),(0.,0.333333333333333,
0.666666666666667,1.),.UNSPECIFIED.);
#965=B_SPLINE_SURFACE_WITH_KNOTS('',3,3,((#2276,#2277,#2278,#2279,#2280,
#2281),(#2282,#2283,#2284,#2285,#2286,#2287),(#2288,#2289,#2290,#2291,#2292,
#2293),(#2294,#2295,#2296,#2297,#2298,#2299),(#2300,#2301,#2302,#2303,#2304,
#2305),(#2306,#2307,#2308,#2309,#2310,#2311)),.UNSPECIFIED.,.F.,.F.,.F.,
(4,1,1,4),(4,1,1,4),(0.,0.333333333333333,0.666666666666667,1.),(0.,0.333333333333333,
0.666666666666667,1.),.UNSPECIFIED.);
#966=B_SPLINE_SURFACE_WITH_KNOTS('',3,3,((#2322,#2323,#2324,#2325,#2326,
#2327),(#2328,#2329,#2330,#2331,#2332,#2333),(#2334,#2335,#2336,#2337,#2338,
#2339),(#2340,#2341,#2342,#2343,#2344,#2345),(#2346,#2347,#2348,#2349,#2350,
#2351),(#2352,#2353,#2354,#2355,#2356,#2357)),.UNSPECIFIED.,.F.,.F.,.F.,
(4,1,1,4),(4,1,1,4),(0.,0.333333333333333,0.666666666666667,1.),(0.,0.333333333333333,
0.666666666666667,1.),.UNSPECIFIED.);
#967=B_SPLINE_SURFACE_WITH_KNOTS('',3,3,((#2478,#2479,#2480,#2481,#2482,
#2483),(#2484,#2485,#2486,#2487,#2488,#2489),(#2490,#2491,#2492,#2493,#2494,
#2495),(#2496,#2497,#2498,#2499,#2500,#2501),(#2502,#2503,#2504,#2505,#2506,
#2507),(#2508,#2509,#2510,#2511,#2512,#2513)),.UNSPECIFIED.,.F.,.F.,.F.,
(4,1,1,4),(4,1,1,4),(0.,0.333333333333333,0.666666666666667,1.),(0.,0.333333333333333,
0.666666666666667,1.),.UNSPECIFIED.);
#968=B_SPLINE_SURFACE_WITH_KNOTS('',3,3,((#2517,#2518,#2519,#2520,#2521,
#2522),(#2523,#2524,#2525,#2526,#2527,#2528),(#2529,#2530,#2531,#2532,#2533,
#2534),(#2535,#2536,#2537,#2538,#2539,#2540),(#2541,#2542,#2543,#2544,#2545,
#2546),(#2547,#2548,#2549,#2550,#2551,#2552)),.UNSPECIFIED.,.F.,.F.,.F.,
(4,1,1,4),(4,1,1,4),(0.,0.333333333333333,0.666666666666667,1.),(0.,0.333333333333333,
0.666666666666667,1.),.UNSPECIFIED.);
#969=B_SPLINE_SURFACE_WITH_KNOTS('',3,3,((#2556,#2557,#2558,#2559,#2560,
#2561),(#2562,#2563,#2564,#2565,#2566,#2567),(#2568,#2569,#2570,#2571,#2572,
#2573),(#2574,#2575,#2576,#2577,#2578,#2579),(#2580,#2581,#2582,#2583,#2584,
#2585),(#2586,#2587,#2588,#2589,#2590,#2591)),.UNSPECIFIED.,.F.,.F.,.F.,
(4,1,1,4),(4,1,1,4),(0.,0.333333333333333,0.666666666666667,1.),(0.,0.333333333333333,
0.666666666666667,1.),.UNSPECIFIED.);
#970=B_SPLINE_SURFACE_WITH_KNOTS('',3,3,((#2600,#2601,#2602,#2603,#2604,
#2605),(#2606,#2607,#2608,#2609,#2610,#2611),(#2612,#2613,#2614,#2615,#2616,
#2617),(#2618,#2619,#2620,#2621,#2622,#2623),(#2624,#2625,#2626,#2627,#2628,
#2629),(#2630,#2631,#2632,#2633,#2634,#2635)),.UNSPECIFIED.,.F.,.F.,.F.,
(4,1,1,4),(4,1,1,4),(0.,0.333333333333333,0.666666666666667,1.),(0.,0.333333333333333,
0.666666666666667,1.),.UNSPECIFIED.);
#971=ADVANCED_FACE('',(#166),#947,.T.);
#972=ADVANCED_FACE('',(#167),#948,.T.);
#973=ADVANCED_FACE('',(#168),#949,.T.);
#974=ADVANCED_FACE('',(#169),#950,.T.);
#975=ADVANCED_FACE('',(#170),#951,.T.);
#976=ADVANCED_FACE('',(#171),#952,.T.);
#977=ADVANCED_FACE('',(#172),#953,.T.);
#978=ADVANCED_FACE('',(#173),#954,.T.);
#979=ADVANCED_FACE('',(#174),#955,.T.);
#980=ADVANCED_FACE('',(#175),#956,.T.);
#981=ADVANCED_FACE('',(#176),#957,.T.);
#982=ADVANCED_FACE('',(#177),#958,.T.);
#983=ADVANCED_FACE('',(#178),#959,.T.);
#984=ADVANCED_FACE('',(#179),#960,.T.);
#985=ADVANCED_FACE('',(#180),#961,.T.);
#986=ADVANCED_FACE('',(#181),#962,.T.);
#987=ADVANCED_FACE('',(#182),#963,.T.);
#988=ADVANCED_FACE('',(#183),#964,.T.);
#989=ADVANCED_FACE('',(#184),#965,.T.);
#990=ADVANCED_FACE('',(#185),#966,.T.);
#991=ADVANCED_FACE('',(#186),#147,.T.);
#992=ADVANCED_FACE('',(#187),#129,.T.);
#993=ADVANCED_FACE('',(#188),#148,.T.);
#994=ADVANCED_FACE('',(#189),#149,.T.);
#995=ADVANCED_FACE('',(#190),#130,.T.);
#996=ADVANCED_FACE('',(#191),#150,.T.);
#997=ADVANCED_FACE('',(#192),#151,.T.);
#998=ADVANCED_FACE('',(#193),#131,.T.);
#999=ADVANCED_FACE('',(#194),#152,.T.);
#1000=ADVANCED_FACE('',(#195),#153,.T.);
#1001=ADVANCED_FACE('',(#196),#132,.T.);
#1002=ADVANCED_FACE('',(#197),#967,.T.);
#1003=ADVANCED_FACE('',(#198),#968,.T.);
#1004=ADVANCED_FACE('',(#199),#969,.T.);
#1005=ADVANCED_FACE('',(#200),#154,.T.);
#1006=ADVANCED_FACE('',(#201),#970,.T.);
#1007=ADVANCED_FACE('',(#202),#155,.T.);
#1008=ADVANCED_FACE('',(#203),#156,.T.);
#1009=ADVANCED_FACE('',(#204),#157,.T.);
#1010=ADVANCED_FACE('',(#205),#158,.T.);
#1011=ADVANCED_FACE('',(#206),#159,.T.);
#1012=ADVANCED_FACE('',(#207),#160,.T.);
#1013=ADVANCED_FACE('',(#208),#161,.T.);
#1014=ADVANCED_FACE('',(#209),#162,.F.);
#1015=ADVANCED_FACE('',(#210),#133,.F.);
#1016=ADVANCED_FACE('',(#211),#163,.F.);
#1017=ADVANCED_FACE('',(#212),#134,.T.);
#1018=ADVANCED_FACE('',(#213),#135,.T.);
#1019=ADVANCED_FACE('',(#214),#136,.F.);
#1020=ADVANCED_FACE('',(#215),#137,.F.);
#1021=ADVANCED_FACE('',(#216),#138,.F.);
#1022=ADVANCED_FACE('',(#217,#15,#16,#17,#18),#139,.T.);
#1023=ADVANCED_FACE('',(#218),#140,.T.);
#1024=ADVANCED_FACE('',(#219),#141,.T.);
#1025=ADVANCED_FACE('',(#220),#142,.T.);
#1026=ADVANCED_FACE('',(#221),#143,.T.);
#1027=ADVANCED_FACE('',(#222),#144,.T.);
#1028=ADVANCED_FACE('',(#223),#164,.F.);
#1029=ADVANCED_FACE('',(#224),#165,.F.);
#1030=ADVANCED_FACE('',(#225),#145,.T.);
#1031=ADVANCED_FACE('',(#226),#146,.T.);
#1032=CLOSED_SHELL('',(#971,#972,#973,#974,#975,#976,#977,#978,#979,#980,
#981,#982,#983,#984,#985,#986,#987,#988,#989,#990,#991,#992,#993,#994,#995,
#996,#997,#998,#999,#1000,#1001,#1002,#1003,#1004,#1005,#1006,#1007,#1008,
#1009,#1010,#1011,#1012,#1013,#1014,#1015,#1016,#1017,#1018,#1019,#1020,
#1021,#1022,#1023,#1024,#1025,#1026,#1027,#1028,#1029,#1030,#1031));
#1033=DERIVED_UNIT_ELEMENT(#1035,1.);
#1034=DERIVED_UNIT_ELEMENT(#2756,-3.);
#1035=(
MASS_UNIT()
NAMED_UNIT(*)
SI_UNIT(.KILO.,.GRAM.)
);
#1036=DERIVED_UNIT((#1033,#1034));
#1037=MEASURE_REPRESENTATION_ITEM('density measure',
POSITIVE_RATIO_MEASURE(7850.),#1036);
#1038=PROPERTY_DEFINITION_REPRESENTATION(#1043,#1040);
#1039=PROPERTY_DEFINITION_REPRESENTATION(#1044,#1041);
#1040=REPRESENTATION('material name',(#1042),#2753);
#1041=REPRESENTATION('density',(#1037),#2753);
#1042=DESCRIPTIVE_REPRESENTATION_ITEM('Steel','Steel');
#1043=PROPERTY_DEFINITION('material property','material name',#2763);
#1044=PROPERTY_DEFINITION('material property','density of part',#2763);
#1045=AXIS2_PLACEMENT_3D('',#1415,#1150,#1151);
#1046=AXIS2_PLACEMENT_3D('',#1468,#1152,#1153);
#1047=AXIS2_PLACEMENT_3D('',#1469,#1154,#1155);
#1048=AXIS2_PLACEMENT_3D('',#1514,#1156,#1157);
#1049=AXIS2_PLACEMENT_3D('',#1515,#1158,#1159);
#1050=AXIS2_PLACEMENT_3D('',#1560,#1160,#1161);
#1051=AXIS2_PLACEMENT_3D('',#1561,#1162,#1163);
#1052=AXIS2_PLACEMENT_3D('',#1606,#1164,#1165);
#1053=AXIS2_PLACEMENT_3D('',#1607,#1166,#1167);
#1054=AXIS2_PLACEMENT_3D('',#1652,#1168,#1169);
#1055=AXIS2_PLACEMENT_3D('',#1653,#1170,#1171);
#1056=AXIS2_PLACEMENT_3D('',#1706,#1172,#1173);
#1057=AXIS2_PLACEMENT_3D('',#1707,#1174,#1175);
#1058=AXIS2_PLACEMENT_3D('',#1752,#1176,#1177);
#1059=AXIS2_PLACEMENT_3D('',#1753,#1178,#1179);
#1060=AXIS2_PLACEMENT_3D('',#1798,#1180,#1181);
#1061=AXIS2_PLACEMENT_3D('',#1799,#1182,#1183);
#1062=AXIS2_PLACEMENT_3D('',#1844,#1184,#1185);
#1063=AXIS2_PLACEMENT_3D('',#1845,#1186,#1187);
#1064=AXIS2_PLACEMENT_3D('',#1890,#1188,#1189);
#1065=AXIS2_PLACEMENT_3D('',#1891,#1190,#1191);
#1066=AXIS2_PLACEMENT_3D('',#1944,#1192,#1193);
#1067=AXIS2_PLACEMENT_3D('',#1945,#1194,#1195);
#1068=AXIS2_PLACEMENT_3D('',#1990,#1196,#1197);
#1069=AXIS2_PLACEMENT_3D('',#1991,#1198,#1199);
#1070=AXIS2_PLACEMENT_3D('',#2036,#1200,#1201);
#1071=AXIS2_PLACEMENT_3D('',#2037,#1202,#1203);
#1072=AXIS2_PLACEMENT_3D('',#2082,#1204,#1205);
#1073=AXIS2_PLACEMENT_3D('',#2083,#1206,#1207);
#1074=AXIS2_PLACEMENT_3D('',#2128,#1208,#1209);
#1075=AXIS2_PLACEMENT_3D('',#2129,#1210,#1211);
#1076=AXIS2_PLACEMENT_3D('',#2182,#1212,#1213);
#1077=AXIS2_PLACEMENT_3D('',#2183,#1214,#1215);
#1078=AXIS2_PLACEMENT_3D('',#2228,#1216,#1217);
#1079=AXIS2_PLACEMENT_3D('',#2229,#1218,#1219);
#1080=AXIS2_PLACEMENT_3D('',#2274,#1220,#1221);
#1081=AXIS2_PLACEMENT_3D('',#2275,#1222,#1223);
#1082=AXIS2_PLACEMENT_3D('',#2320,#1224,#1225);
#1083=AXIS2_PLACEMENT_3D('',#2321,#1226,#1227);
#1084=AXIS2_PLACEMENT_3D('',#2366,#1228,#1229);
#1085=AXIS2_PLACEMENT_3D('',#2367,#1230,#1231);
#1086=AXIS2_PLACEMENT_3D('',#2368,#1232,#1233);
#1087=AXIS2_PLACEMENT_3D('',#2381,#1234,#1235);
#1088=AXIS2_PLACEMENT_3D('',#2382,#1236,#1237);
#1089=AXIS2_PLACEMENT_3D('',#2384,#1238,#1239);
#1090=AXIS2_PLACEMENT_3D('',#2385,#1240,#1241);
#1091=AXIS2_PLACEMENT_3D('',#2398,#1242,#1243);
#1092=AXIS2_PLACEMENT_3D('',#2399,#1244,#1245);
#1093=AXIS2_PLACEMENT_3D('',#2412,#1246,#1247);
#1094=AXIS2_PLACEMENT_3D('',#2413,#1248,#1249);
#1095=AXIS2_PLACEMENT_3D('',#2415,#1250,#1251);
#1096=AXIS2_PLACEMENT_3D('',#2416,#1252,#1253);
#1097=AXIS2_PLACEMENT_3D('',#2429,#1254,#1255);
#1098=AXIS2_PLACEMENT_3D('',#2430,#1256,#1257);
#1099=AXIS2_PLACEMENT_3D('',#2443,#1258,#1259);
#1100=AXIS2_PLACEMENT_3D('',#2444,#1260,#1261);
#1101=AXIS2_PLACEMENT_3D('',#2446,#1262,#1263);
#1102=AXIS2_PLACEMENT_3D('',#2447,#1264,#1265);
#1103=AXIS2_PLACEMENT_3D('',#2460,#1266,#1267);
#1104=AXIS2_PLACEMENT_3D('',#2461,#1268,#1269);
#1105=AXIS2_PLACEMENT_3D('',#2474,#1270,#1271);
#1106=AXIS2_PLACEMENT_3D('',#2475,#1272,#1273);
#1107=AXIS2_PLACEMENT_3D('',#2477,#1274,#1275);
#1108=AXIS2_PLACEMENT_3D('',#2515,#1276,#1277);
#1109=AXIS2_PLACEMENT_3D('',#2516,#1278,#1279);
#1110=AXIS2_PLACEMENT_3D('',#2554,#1280,#1281);
#1111=AXIS2_PLACEMENT_3D('',#2555,#1282,#1283);
#1112=AXIS2_PLACEMENT_3D('',#2593,#1284,#1285);
#1113=AXIS2_PLACEMENT_3D('',#2594,#1286,#1287);
#1114=AXIS2_PLACEMENT_3D('',#2595,#1288,#1289);
#1115=AXIS2_PLACEMENT_3D('',#2637,#1294,#1295);
#1116=AXIS2_PLACEMENT_3D('',#2638,#1296,#1297);
#1117=AXIS2_PLACEMENT_3D('',#2639,#1298,#1299);
#1118=AXIS2_PLACEMENT_3D('',#2644,#1304,#1305);
#1119=AXIS2_PLACEMENT_3D('',#2648,#1309,#1310);
#1120=AXIS2_PLACEMENT_3D('',#2651,#1311,#1312);
#1121=AXIS2_PLACEMENT_3D('',#2654,#1315,#1316);
#1122=AXIS2_PLACEMENT_3D('',#2657,#1317,#1318);
#1123=AXIS2_PLACEMENT_3D('',#2660,#1321,#1322);
#1124=AXIS2_PLACEMENT_3D('',#2665,#1327,#1328);
#1125=AXIS2_PLACEMENT_3D('',#2668,#1329,#1330);
#1126=AXIS2_PLACEMENT_3D('',#2671,#1333,#1334);
#1127=AXIS2_PLACEMENT_3D('',#2674,#1335,#1336);
#1128=AXIS2_PLACEMENT_3D('',#2677,#1339,#1340);
#1129=AXIS2_PLACEMENT_3D('',#2679,#1341,#1342);
#1130=AXIS2_PLACEMENT_3D('',#2681,#1344,#1345);
#1131=AXIS2_PLACEMENT_3D('',#2682,#1346,#1347);
#1132=AXIS2_PLACEMENT_3D('',#2684,#1348,#1349);
#1133=AXIS2_PLACEMENT_3D('',#2686,#1351,#1352);
#1134=AXIS2_PLACEMENT_3D('',#2688,#1354,#1355);
#1135=AXIS2_PLACEMENT_3D('',#2690,#1357,#1358);
#1136=AXIS2_PLACEMENT_3D('',#2699,#1363,#1364);
#1137=AXIS2_PLACEMENT_3D('',#2708,#1369,#1370);
#1138=AXIS2_PLACEMENT_3D('',#2711,#1373,#1374);
#1139=AXIS2_PLACEMENT_3D('',#2725,#1383,#1384);
#1140=AXIS2_PLACEMENT_3D('',#2727,#1385,#1386);
#1141=AXIS2_PLACEMENT_3D('',#2728,#1387,#1388);
#1142=AXIS2_PLACEMENT_3D('',#2729,#1389,#1390);
#1143=AXIS2_PLACEMENT_3D('',#2735,#1394,#1395);
#1144=AXIS2_PLACEMENT_3D('',#2739,#1398,#1399);
#1145=AXIS2_PLACEMENT_3D('',#2743,#1402,#1403);
#1146=AXIS2_PLACEMENT_3D('',#2745,#1405,#1406);
#1147=AXIS2_PLACEMENT_3D('',#2747,#1408,#1409);
#1148=AXIS2_PLACEMENT_3D('',#2749,#1411,#1412);
#1149=AXIS2_PLACEMENT_3D('',#2750,#1413,#1414);
#1150=DIRECTION('axis',(0.,0.,1.));
#1151=DIRECTION('refdir',(1.,0.,0.));
#1152=DIRECTION('center_axis',(0.,0.,1.));
#1153=DIRECTION('ref_axis',(-0.707106781186548,0.707106781186548,0.));
#1154=DIRECTION('center_axis',(0.,-1.,0.));
#1155=DIRECTION('ref_axis',(-1.,0.,0.));
#1156=DIRECTION('center_axis',(1.,0.,0.));
#1157=DIRECTION('ref_axis',(0.,0.,-1.));
#1158=DIRECTION('center_axis',(0.,0.,1.));
#1159=DIRECTION('ref_axis',(-0.707106781186548,0.707106781186548,0.));
#1160=DIRECTION('center_axis',(0.,-1.,0.));
#1161=DIRECTION('ref_axis',(-0.707106781186551,0.,-0.707106781186544));
#1162=DIRECTION('center_axis',(1.,0.,0.));
#1163=DIRECTION('ref_axis',(0.,0.,-1.));
#1164=DIRECTION('center_axis',(0.,0.,1.));
#1165=DIRECTION('ref_axis',(0.,1.,0.));
#1166=DIRECTION('center_axis',(0.,-1.,0.));
#1167=DIRECTION('ref_axis',(-0.707106781186551,0.,-0.707106781186544));
#1168=DIRECTION('center_axis',(1.,0.,0.));
#1169=DIRECTION('ref_axis',(0.,0.707106781186546,-0.707106781186549));
#1170=DIRECTION('center_axis',(0.,0.,1.));
#1171=DIRECTION('ref_axis',(0.,1.,0.));
#1172=DIRECTION('center_axis',(0.,0.,1.));
#1173=DIRECTION('ref_axis',(0.707106781186547,0.707106781186547,0.));
#1174=DIRECTION('center_axis',(-1.,0.,0.));
#1175=DIRECTION('ref_axis',(0.,1.,0.));
#1176=DIRECTION('center_axis',(0.,-1.,0.));
#1177=DIRECTION('ref_axis',(0.,0.,-1.));
#1178=DIRECTION('center_axis',(0.,0.,1.));
#1179=DIRECTION('ref_axis',(0.707106781186547,0.707106781186547,0.));
#1180=DIRECTION('center_axis',(-1.,0.,0.));
#1181=DIRECTION('ref_axis',(0.,0.707106781186546,-0.707106781186549));
#1182=DIRECTION('center_axis',(0.,-1.,0.));
#1183=DIRECTION('ref_axis',(0.,0.,-1.));
#1184=DIRECTION('center_axis',(0.,0.,1.));
#1185=DIRECTION('ref_axis',(1.,0.,0.));
#1186=DIRECTION('center_axis',(-1.,0.,0.));
#1187=DIRECTION('ref_axis',(0.,0.707106781186546,-0.707106781186549));
#1188=DIRECTION('center_axis',(0.,-1.,0.));
#1189=DIRECTION('ref_axis',(0.707106781186551,0.,-0.707106781186544));
#1190=DIRECTION('center_axis',(0.,0.,1.));
#1191=DIRECTION('ref_axis',(1.,0.,0.));
#1192=DIRECTION('center_axis',(0.,0.,1.));
#1193=DIRECTION('ref_axis',(-0.707106781186547,-0.707106781186547,0.));
#1194=DIRECTION('center_axis',(1.,0.,0.));
#1195=DIRECTION('ref_axis',(0.,-1.,0.));
#1196=DIRECTION('center_axis',(0.,1.,0.));
#1197=DIRECTION('ref_axis',(0.,0.,-1.));
#1198=DIRECTION('center_axis',(0.,0.,1.));
#1199=DIRECTION('ref_axis',(-0.707106781186547,-0.707106781186547,0.));
#1200=DIRECTION('center_axis',(1.,0.,0.));
#1201=DIRECTION('ref_axis',(0.,-0.707106781186546,-0.707106781186549));
#1202=DIRECTION('center_axis',(0.,1.,0.));
#1203=DIRECTION('ref_axis',(0.,0.,-1.));
#1204=DIRECTION('center_axis',(0.,0.,1.));
#1205=DIRECTION('ref_axis',(-1.,0.,0.));
#1206=DIRECTION('center_axis',(1.,0.,0.));
#1207=DIRECTION('ref_axis',(0.,-0.707106781186546,-0.707106781186549));
#1208=DIRECTION('center_axis',(0.,1.,0.));
#1209=DIRECTION('ref_axis',(-0.707106781186551,0.,-0.707106781186544));
#1210=DIRECTION('center_axis',(0.,0.,1.));
#1211=DIRECTION('ref_axis',(-1.,0.,0.));
#1212=DIRECTION('center_axis',(0.,0.,1.));
#1213=DIRECTION('ref_axis',(0.707106781186548,-0.707106781186548,0.));
#1214=DIRECTION('center_axis',(0.,1.,0.));
#1215=DIRECTION('ref_axis',(1.,0.,0.));
#1216=DIRECTION('center_axis',(-1.,0.,0.));
#1217=DIRECTION('ref_axis',(0.,0.,-1.));
#1218=DIRECTION('center_axis',(0.,0.,1.));
#1219=DIRECTION('ref_axis',(0.707106781186548,-0.707106781186548,0.));
#1220=DIRECTION('center_axis',(0.,1.,0.));
#1221=DIRECTION('ref_axis',(0.707106781186551,0.,-0.707106781186544));
#1222=DIRECTION('center_axis',(-1.,0.,0.));
#1223=DIRECTION('ref_axis',(0.,0.,-1.));
#1224=DIRECTION('center_axis',(0.,0.,1.));
#1225=DIRECTION('ref_axis',(0.,-1.,0.));
#1226=DIRECTION('center_axis',(0.,1.,0.));
#1227=DIRECTION('ref_axis',(0.707106781186551,0.,-0.707106781186544));
#1228=DIRECTION('center_axis',(-1.,0.,0.));
#1229=DIRECTION('ref_axis',(0.,-0.707106781186546,-0.707106781186549));
#1230=DIRECTION('center_axis',(0.,0.,1.));
#1231=DIRECTION('ref_axis',(0.,-1.,0.));
#1232=DIRECTION('center_axis',(0.,0.,1.));
#1233=DIRECTION('ref_axis',(1.,0.,0.));
#1234=DIRECTION('center_axis',(0.,0.,1.));
#1235=DIRECTION('ref_axis',(1.,0.,0.));
#1236=DIRECTION('center_axis',(0.,0.,1.));
#1237=DIRECTION('ref_axis',(1.,0.,0.));
#1238=DIRECTION('center_axis',(0.,0.,-1.));
#1239=DIRECTION('ref_axis',(1.,0.,0.));
#1240=DIRECTION('center_axis',(0.,0.,1.));
#1241=DIRECTION('ref_axis',(1.,0.,0.));
#1242=DIRECTION('center_axis',(0.,0.,1.));
#1243=DIRECTION('ref_axis',(1.,0.,0.));
#1244=DIRECTION('center_axis',(0.,0.,1.));
#1245=DIRECTION('ref_axis',(1.,0.,0.));
#1246=DIRECTION('center_axis',(0.,0.,1.));
#1247=DIRECTION('ref_axis',(1.,0.,0.));
#1248=DIRECTION('center_axis',(0.,0.,1.));
#1249=DIRECTION('ref_axis',(1.,0.,0.));
#1250=DIRECTION('center_axis',(0.,0.,-1.));
#1251=DIRECTION('ref_axis',(1.,0.,0.));
#1252=DIRECTION('center_axis',(0.,0.,1.));
#1253=DIRECTION('ref_axis',(-1.,-1.22464679914735E-16,0.));
#1254=DIRECTION('center_axis',(0.,0.,1.));
#1255=DIRECTION('ref_axis',(1.,0.,0.));
#1256=DIRECTION('center_axis',(0.,0.,1.));
#1257=DIRECTION('ref_axis',(1.,0.,0.));
#1258=DIRECTION('center_axis',(0.,0.,1.));
#1259=DIRECTION('ref_axis',(1.,0.,0.));
#1260=DIRECTION('center_axis',(0.,0.,1.));
#1261=DIRECTION('ref_axis',(1.,0.,0.));
#1262=DIRECTION('center_axis',(0.,0.,-1.));
#1263=DIRECTION('ref_axis',(1.,0.,0.));
#1264=DIRECTION('center_axis',(0.,0.,1.));
#1265=DIRECTION('ref_axis',(1.,0.,0.));
#1266=DIRECTION('center_axis',(0.,0.,1.));
#1267=DIRECTION('ref_axis',(1.,0.,0.));
#1268=DIRECTION('center_axis',(0.,0.,1.));
#1269=DIRECTION('ref_axis',(1.,0.,0.));
#1270=DIRECTION('center_axis',(0.,0.,1.));
#1271=DIRECTION('ref_axis',(1.,0.,0.));
#1272=DIRECTION('center_axis',(0.,0.,1.));
#1273=DIRECTION('ref_axis',(1.,0.,0.));
#1274=DIRECTION('center_axis',(0.,0.,-1.));
#1275=DIRECTION('ref_axis',(1.,0.,0.));
#1276=DIRECTION('center_axis',(0.,1.,0.));
#1277=DIRECTION('ref_axis',(1.,0.,0.));
#1278=DIRECTION('center_axis',(-1.,0.,0.));
#1279=DIRECTION('ref_axis',(0.,-0.707106781186546,-0.707106781186549));
#1280=DIRECTION('center_axis',(1.,0.,0.));
#1281=DIRECTION('ref_axis',(0.,-1.,0.));
#1282=DIRECTION('center_axis',(0.,1.,0.));
#1283=DIRECTION('ref_axis',(-0.707106781186551,0.,-0.707106781186544));
#1284=DIRECTION('center_axis',(-1.,0.,0.));
#1285=DIRECTION('ref_axis',(0.,1.,0.));
#1286=DIRECTION('center_axis',(0.,-1.,0.));
#1287=DIRECTION('ref_axis',(0.707106781186551,0.,-0.707106781186544));
#1288=DIRECTION('center_axis',(0.,1.,0.));
#1289=DIRECTION('ref_axis',(0.707106781186549,0.,-0.707106781186546));
#1290=DIRECTION('',(0.,1.,0.));
#1291=DIRECTION('',(0.,-1.,0.));
#1292=DIRECTION('',(0.,1.,0.));
#1293=DIRECTION('',(0.,1.,0.));
#1294=DIRECTION('center_axis',(0.,-1.,0.));
#1295=DIRECTION('ref_axis',(-1.,0.,0.));
#1296=DIRECTION('center_axis',(1.,0.,0.));
#1297=DIRECTION('ref_axis',(0.,0.707106781186546,-0.707106781186549));
#1298=DIRECTION('center_axis',(-1.,0.,0.));
#1299=DIRECTION('ref_axis',(0.,0.707106781186545,-0.707106781186551));
#1300=DIRECTION('',(-1.,0.,0.));
#1301=DIRECTION('',(1.,0.,0.));
#1302=DIRECTION('',(-1.,0.,0.));
#1303=DIRECTION('',(-1.,0.,0.));
#1304=DIRECTION('center_axis',(0.,-1.,0.));
#1305=DIRECTION('ref_axis',(-0.707106781186549,0.,-0.707106781186546));
#1306=DIRECTION('',(0.,-1.,0.));
#1307=DIRECTION('',(0.,1.,0.));
#1308=DIRECTION('',(0.,-1.,0.));
#1309=DIRECTION('center_axis',(0.,0.,1.));
#1310=DIRECTION('ref_axis',(-0.707106781186548,0.707106781186548,0.));
#1311=DIRECTION('center_axis',(0.,0.,-1.));
#1312=DIRECTION('ref_axis',(-0.707106781186548,0.707106781186548,0.));
#1313=DIRECTION('',(0.,0.,-1.));
#1314=DIRECTION('',(0.,0.,1.));
#1315=DIRECTION('center_axis',(0.,0.,1.));
#1316=DIRECTION('ref_axis',(0.707106781186548,0.707106781186548,0.));
#1317=DIRECTION('center_axis',(0.,0.,-1.));
#1318=DIRECTION('ref_axis',(0.707106781186548,0.707106781186548,0.));
#1319=DIRECTION('',(0.,0.,-1.));
#1320=DIRECTION('',(0.,0.,1.));
#1321=DIRECTION('center_axis',(1.,0.,0.));
#1322=DIRECTION('ref_axis',(0.,-0.707106781186545,-0.707106781186551));
#1323=DIRECTION('',(1.,0.,0.));
#1324=DIRECTION('',(-1.,0.,0.));
#1325=DIRECTION('',(1.,0.,0.));
#1326=DIRECTION('',(1.,0.,0.));
#1327=DIRECTION('center_axis',(0.,0.,1.));
#1328=DIRECTION('ref_axis',(-0.707106781186548,-0.707106781186548,0.));
#1329=DIRECTION('center_axis',(0.,0.,-1.));
#1330=DIRECTION('ref_axis',(-0.707106781186548,-0.707106781186548,0.));
#1331=DIRECTION('',(0.,0.,-1.));
#1332=DIRECTION('',(0.,0.,1.));
#1333=DIRECTION('center_axis',(0.,0.,1.));
#1334=DIRECTION('ref_axis',(0.707106781186548,-0.707106781186548,0.));
#1335=DIRECTION('center_axis',(0.,0.,-1.));
#1336=DIRECTION('ref_axis',(0.707106781186548,-0.707106781186548,0.));
#1337=DIRECTION('',(0.,0.,-1.));
#1338=DIRECTION('',(0.,0.,1.));
#1339=DIRECTION('center_axis',(0.,0.,1.));
#1340=DIRECTION('ref_axis',(1.,0.,0.));
#1341=DIRECTION('center_axis',(0.,0.,-1.));
#1342=DIRECTION('ref_axis',(1.,0.,0.));
#1343=DIRECTION('',(0.,0.,-1.));
#1344=DIRECTION('center_axis',(0.,0.,1.));
#1345=DIRECTION('ref_axis',(1.,0.,0.));
#1346=DIRECTION('center_axis',(0.,0.,1.));
#1347=DIRECTION('ref_axis',(1.,0.,0.));
#1348=DIRECTION('center_axis',(0.,0.,-1.));
#1349=DIRECTION('ref_axis',(1.,0.,0.));
#1350=DIRECTION('',(0.,0.,-1.));
#1351=DIRECTION('center_axis',(-1.,0.,0.));
#1352=DIRECTION('ref_axis',(0.,-1.,0.));
#1353=DIRECTION('',(0.,-1.,0.));
#1354=DIRECTION('center_axis',(0.,-1.,0.));
#1355=DIRECTION('ref_axis',(1.,0.,0.));
#1356=DIRECTION('',(1.,0.,0.));
#1357=DIRECTION('center_axis',(1.,0.,0.));
#1358=DIRECTION('ref_axis',(0.,-1.,0.));
#1359=DIRECTION('',(0.,-1.,0.));
#1360=DIRECTION('',(0.,0.,1.));
#1361=DIRECTION('',(0.,-1.,0.));
#1362=DIRECTION('',(0.,0.,-1.));
#1363=DIRECTION('center_axis',(-1.,0.,0.));
#1364=DIRECTION('ref_axis',(0.,1.,0.));
#1365=DIRECTION('',(0.,1.,0.));
#1366=DIRECTION('',(0.,0.,1.));
#1367=DIRECTION('',(0.,1.,0.));
#1368=DIRECTION('',(0.,0.,-1.));
#1369=DIRECTION('center_axis',(0.,0.,-1.));
#1370=DIRECTION('ref_axis',(-1.,0.,0.));
#1371=DIRECTION('',(-1.,0.,0.));
#1372=DIRECTION('',(1.,0.,0.));
#1373=DIRECTION('center_axis',(0.,0.,1.));
#1374=DIRECTION('ref_axis',(1.,0.,0.));
#1375=DIRECTION('',(0.,1.,0.));
#1376=DIRECTION('',(-1.,0.,0.));
#1377=DIRECTION('',(1.,0.,0.));
#1378=DIRECTION('',(0.,-1.,0.));
#1379=DIRECTION('',(-1.,0.,0.));
#1380=DIRECTION('',(0.,1.,0.));
#1381=DIRECTION('',(1.,0.,0.));
#1382=DIRECTION('',(-1.,0.,0.));
#1383=DIRECTION('center_axis',(0.,0.,-1.));
#1384=DIRECTION('ref_axis',(1.,0.,0.));
#1385=DIRECTION('center_axis',(0.,0.,-1.));
#1386=DIRECTION('ref_axis',(1.,0.,0.));
#1387=DIRECTION('center_axis',(0.,1.,0.));
#1388=DIRECTION('ref_axis',(-1.,0.,0.));
#1389=DIRECTION('center_axis',(1.,0.,0.));
#1390=DIRECTION('ref_axis',(0.,1.,0.));
#1391=DIRECTION('',(0.,-1.,0.));
#1392=DIRECTION('',(0.,0.,1.));
#1393=DIRECTION('',(0.,0.,1.));
#1394=DIRECTION('center_axis',(0.,-1.,0.));
#1395=DIRECTION('ref_axis',(1.,0.,0.));
#1396=DIRECTION('',(-1.,0.,0.));
#1397=DIRECTION('',(0.,0.,1.));
#1398=DIRECTION('center_axis',(0.,1.,0.));
#1399=DIRECTION('ref_axis',(-1.,0.,0.));
#1400=DIRECTION('',(1.,0.,0.));
#1401=DIRECTION('',(0.,0.,1.));
#1402=DIRECTION('center_axis',(-1.,0.,0.));
#1403=DIRECTION('ref_axis',(0.,-1.,0.));
#1404=DIRECTION('',(0.,1.,0.));
#1405=DIRECTION('center_axis',(0.,0.,1.));
#1406=DIRECTION('ref_axis',(1.,0.,0.));
#1407=DIRECTION('',(0.,0.,-1.));
#1408=DIRECTION('center_axis',(0.,0.,1.));
#1409=DIRECTION('ref_axis',(1.,0.,0.));
#1410=DIRECTION('',(0.,0.,-1.));
#1411=DIRECTION('center_axis',(1.,0.,0.));
#1412=DIRECTION('ref_axis',(0.,1.,0.));
#1413=DIRECTION('center_axis',(0.,0.,1.));
#1414=DIRECTION('ref_axis',(1.,0.,0.));
#1415=CARTESIAN_POINT('',(0.,0.,0.));
#1416=CARTESIAN_POINT('Ctrl Pts',(-50.1158110538761,37.1158110538761,0.384188946123888));
#1417=CARTESIAN_POINT('Ctrl Pts',(-50.1489685038232,37.049496153982,0.35103149617684));
#1418=CARTESIAN_POINT('Ctrl Pts',(-50.2039955717696,36.906057664466,0.296004428230444));
#1419=CARTESIAN_POINT('Ctrl Pts',(-50.2786311382477,36.5290281220533,0.221368861752296));
#1420=CARTESIAN_POINT('Ctrl Pts',(-50.2949747468306,36.235982440356,0.205025253169416));
#1421=CARTESIAN_POINT('Ctrl Pts',(-50.2949747468306,36.1001057079816,0.205025253169417));
#1422=CARTESIAN_POINT('Ctrl Pts',(-50.0826536039291,37.0826536039291,0.317874046229792));
#1423=CARTESIAN_POINT('Ctrl Pts',(-50.1154005802604,37.0169160157288,0.291507606799329));
#1424=CARTESIAN_POINT('Ctrl Pts',(-50.1706120938858,36.8735447931293,0.246028858154746));
#1425=CARTESIAN_POINT('Ctrl Pts',(-50.2413733887781,36.5006297935108,0.17862120051733));
#1426=CARTESIAN_POINT('Ctrl Pts',(-50.2541797568892,36.2284337330019,0.164230263227993));
#1427=CARTESIAN_POINT('Ctrl Pts',(-50.2517800515985,36.1001057079816,0.161830557937321));
#1428=CARTESIAN_POINT('Ctrl Pts',(-50.0094545303375,37.0094545303375,0.204859919042875));
#1429=CARTESIAN_POINT('Ctrl Pts',(-50.0418854184783,36.9437327149153,0.187490211819086));
#1430=CARTESIAN_POINT('Ctrl Pts',(-50.096099903312,36.7967435898805,0.154211260074247));
#1431=CARTESIAN_POINT('Ctrl Pts',(-50.1540961515801,36.4341036065673,0.099418717578706));
#1432=CARTESIAN_POINT('Ctrl Pts',(-50.1608301368016,36.2119888048937,0.0910963134918392));
#1433=CARTESIAN_POINT('Ctrl Pts',(-50.1540217355918,36.1001057079816,0.0868181871655022));
#1434=CARTESIAN_POINT('Ctrl Pts',(-49.8171143252435,36.8171143252435,0.0479487343837975));
#1435=CARTESIAN_POINT('Ctrl Pts',(-49.8528602773991,36.7518833697213,0.0413738162269069));
#1436=CARTESIAN_POINT('Ctrl Pts',(-49.9121145570456,36.6033522521434,0.026698439761716));
#1437=CARTESIAN_POINT('Ctrl Pts',(-49.9807687511341,36.3434696099967,0.0173022030486994));
#1438=CARTESIAN_POINT('Ctrl Pts',(-49.9910932068318,36.1854934525116,0.0178729866485303));
#1439=CARTESIAN_POINT('Ctrl Pts',(-49.9832538480312,36.1001057079815,0.0160838121201174));
#1440=CARTESIAN_POINT('Ctrl Pts',(-49.6629502240099,36.6629502240099,0.));
#1441=CARTESIAN_POINT('Ctrl Pts',(-49.7058936169774,36.6124574403725,0.));
#1442=CARTESIAN_POINT('Ctrl Pts',(-49.7809072987025,36.5007854502676,4.32688092329398E-18));
#1443=CARTESIAN_POINT('Ctrl Pts',(-49.8528208845722,36.3058771587042,-1.51440832315289E-17));
#1444=CARTESIAN_POINT('Ctrl Pts',(-49.8644802195876,36.1691128847899,3.24516069247048E-17));
#1445=CARTESIAN_POINT('Ctrl Pts',(-49.8610865238198,36.1001057079816,3.46944695195361E-17));
#1446=CARTESIAN_POINT('Ctrl Pts',(-49.5950057079816,36.5950057079815,0.));
#1447=CARTESIAN_POINT('Ctrl Pts',(-49.6381938803221,36.551817535641,0.));
#1448=CARTESIAN_POINT('Ctrl Pts',(-49.7131949233707,36.4540739822546,-3.65213382046765E-33));
#1449=CARTESIAN_POINT('Ctrl Pts',(-49.7839186167189,36.2833318825922,1.27824683716368E-32));
#1450=CARTESIAN_POINT('Ctrl Pts',(-49.8,36.1611830070397,-2.73910036535074E-32));
#1451=CARTESIAN_POINT('Ctrl Pts',(-49.8,36.1001057079816,0.));
#1452=CARTESIAN_POINT('',(-50.1158110538761,37.1158110538761,0.384188946123888));
#1453=CARTESIAN_POINT('',(-50.2949747468306,36.1001057079816,0.205025253169416));
#1454=CARTESIAN_POINT('Ctrl Pts',(-50.1158110538761,37.1158110538761,0.384188946123888));
#1455=CARTESIAN_POINT('Ctrl Pts',(-50.1489685038232,37.049496153982,0.35103149617684));
#1456=CARTESIAN_POINT('Ctrl Pts',(-50.2039955717696,36.906057664466,0.296004428230444));
#1457=CARTESIAN_POINT('Ctrl Pts',(-50.2786311382477,36.5290281220533,0.221368861752296));
#1458=CARTESIAN_POINT('Ctrl Pts',(-50.2949747468306,36.235982440356,0.205025253169416));
#1459=CARTESIAN_POINT('Ctrl Pts',(-50.2949747468306,36.1001057079816,0.205025253169417));
#1460=CARTESIAN_POINT('',(-49.5950057079816,36.5950057079815,0.));
#1461=CARTESIAN_POINT('Ctrl Pts',(-50.1158110538761,37.1158110538761,0.384188946123888));
#1462=CARTESIAN_POINT('Ctrl Pts',(-50.0826536039291,37.0826536039291,0.317874046229792));
#1463=CARTESIAN_POINT('Ctrl Pts',(-50.0094545303375,37.0094545303375,0.204859919042875));
#1464=CARTESIAN_POINT('Ctrl Pts',(-49.8171143252435,36.8171143252435,0.0479487343837975));
#1465=CARTESIAN_POINT('Ctrl Pts',(-49.6629502240099,36.6629502240099,0.));
#1466=CARTESIAN_POINT('Ctrl Pts',(-49.5950057079816,36.5950057079815,0.));
#1467=CARTESIAN_POINT('',(-49.8,36.1001057079816,0.));
#1468=CARTESIAN_POINT('Origin',(-49.1001057079816,36.1001057079816,0.));
#1469=CARTESIAN_POINT('Origin',(-49.8,36.1001057079816,0.7));
#1470=CARTESIAN_POINT('Ctrl Pts',(-50.1158110538761,37.1158110538761,0.384188946123888));
#1471=CARTESIAN_POINT('Ctrl Pts',(-50.0826536039291,37.0826536039291,0.317874046229792));
#1472=CARTESIAN_POINT('Ctrl Pts',(-50.0094545303375,37.0094545303375,0.204859919042875));
#1473=CARTESIAN_POINT('Ctrl Pts',(-49.8171143252435,36.8171143252435,0.0479487343837975));
#1474=CARTESIAN_POINT('Ctrl Pts',(-49.6629502240099,36.6629502240099,0.));
#1475=CARTESIAN_POINT('Ctrl Pts',(-49.5950057079816,36.5950057079815,0.));
#1476=CARTESIAN_POINT('Ctrl Pts',(-50.049496153982,37.1489685038232,0.35103149617684));
#1477=CARTESIAN_POINT('Ctrl Pts',(-50.0169160157289,37.1154005802604,0.291507606799329));
#1478=CARTESIAN_POINT('Ctrl Pts',(-49.9437327149153,37.0418854184783,0.187490211819086));
#1479=CARTESIAN_POINT('Ctrl Pts',(-49.7518833697213,36.8528602773991,0.0413738162269069));
#1480=CARTESIAN_POINT('Ctrl Pts',(-49.6124574403725,36.7058936169774,0.));
#1481=CARTESIAN_POINT('Ctrl Pts',(-49.551817535641,36.6381938803221,0.));
#1482=CARTESIAN_POINT('Ctrl Pts',(-49.906057664466,37.2039955717696,0.296004428230444));
#1483=CARTESIAN_POINT('Ctrl Pts',(-49.8735447931293,37.1706120938858,0.246028858154746));
#1484=CARTESIAN_POINT('Ctrl Pts',(-49.7967435898805,37.0960999033119,0.154211260074248));
#1485=CARTESIAN_POINT('Ctrl Pts',(-49.6033522521434,36.9121145570456,0.0266984397617163));
#1486=CARTESIAN_POINT('Ctrl Pts',(-49.5007854502676,36.7809072987024,0.));
#1487=CARTESIAN_POINT('Ctrl Pts',(-49.4540739822546,36.7131949233707,0.));
#1488=CARTESIAN_POINT('Ctrl Pts',(-49.5290281220533,37.2786311382477,0.221368861752297));
#1489=CARTESIAN_POINT('Ctrl Pts',(-49.5006297935108,37.2413733887781,0.178621200517331));
#1490=CARTESIAN_POINT('Ctrl Pts',(-49.4341036065674,37.1540961515801,0.0994187175787067));
#1491=CARTESIAN_POINT('Ctrl Pts',(-49.3434696099967,36.9807687511341,0.017302203048699));
#1492=CARTESIAN_POINT('Ctrl Pts',(-49.3058771587042,36.8528208845722,0.));
#1493=CARTESIAN_POINT('Ctrl Pts',(-49.2833318825922,36.7839186167189,0.));
#1494=CARTESIAN_POINT('Ctrl Pts',(-49.235982440356,37.2949747468306,0.205025253169418));
#1495=CARTESIAN_POINT('Ctrl Pts',(-49.2284337330019,37.2541797568892,0.164230263227994));
#1496=CARTESIAN_POINT('Ctrl Pts',(-49.2119888048937,37.1608301368016,0.0910963134918397));
#1497=CARTESIAN_POINT('Ctrl Pts',(-49.1854934525116,36.9910932068318,0.0178729866485305));
#1498=CARTESIAN_POINT('Ctrl Pts',(-49.1691128847899,36.8644802195876,-3.46944695195361E-17));
#1499=CARTESIAN_POINT('Ctrl Pts',(-49.1611830070397,36.8,0.));
#1500=CARTESIAN_POINT('Ctrl Pts',(-49.1001057079816,37.2949747468306,0.205025253169418));
#1501=CARTESIAN_POINT('Ctrl Pts',(-49.1001057079816,37.2517800515985,0.161830557937322));
#1502=CARTESIAN_POINT('Ctrl Pts',(-49.1001057079816,37.1540217355918,0.0868181871655026));
#1503=CARTESIAN_POINT('Ctrl Pts',(-49.1001057079816,36.9832538480312,0.0160838121201175));
#1504=CARTESIAN_POINT('Ctrl Pts',(-49.1001057079816,36.8610865238198,-3.46944695195361E-17));
#1505=CARTESIAN_POINT('Ctrl Pts',(-49.1001057079816,36.8,0.));
#1506=CARTESIAN_POINT('',(-49.1001057079816,37.2949747468306,0.205025253169418));
#1507=CARTESIAN_POINT('Ctrl Pts',(-50.1158110538761,37.1158110538761,0.384188946123888));
#1508=CARTESIAN_POINT('Ctrl Pts',(-50.049496153982,37.1489685038232,0.35103149617684));
#1509=CARTESIAN_POINT('Ctrl Pts',(-49.906057664466,37.2039955717695,0.296004428230444));
#1510=CARTESIAN_POINT('Ctrl Pts',(-49.5290281220533,37.2786311382477,0.221368861752297));
#1511=CARTESIAN_POINT('Ctrl Pts',(-49.235982440356,37.2949747468306,0.205025253169418));
#1512=CARTESIAN_POINT('Ctrl Pts',(-49.1001057079816,37.2949747468306,0.205025253169418));
#1513=CARTESIAN_POINT('',(-49.1001057079816,36.8,0.));
#1514=CARTESIAN_POINT('Origin',(-49.1001057079816,36.8,0.7));
#1515=CARTESIAN_POINT('Origin',(-49.1001057079816,36.1001057079816,0.));
#1516=CARTESIAN_POINT('Ctrl Pts',(-50.1158110538761,37.1158110538761,0.384188946123888));
#1517=CARTESIAN_POINT('Ctrl Pts',(-50.049496153982,37.1489685038232,0.35103149617684));
#1518=CARTESIAN_POINT('Ctrl Pts',(-49.906057664466,37.2039955717695,0.296004428230444));
#1519=CARTESIAN_POINT('Ctrl Pts',(-49.5290281220533,37.2786311382477,0.221368861752297));
#1520=CARTESIAN_POINT('Ctrl Pts',(-49.235982440356,37.2949747468306,0.205025253169418));
#1521=CARTESIAN_POINT('Ctrl Pts',(-49.1001057079816,37.2949747468306,0.205025253169418));
#1522=CARTESIAN_POINT('Ctrl Pts',(-50.0826536039291,37.1821259537702,0.417346396070936));
#1523=CARTESIAN_POINT('Ctrl Pts',(-50.0169160157288,37.2084923932007,0.384599419739644));
#1524=CARTESIAN_POINT('Ctrl Pts',(-49.8735447931293,37.2539711418452,0.329387906114246));
#1525=CARTESIAN_POINT('Ctrl Pts',(-49.5006297935108,37.3213787994827,0.25862661122194));
#1526=CARTESIAN_POINT('Ctrl Pts',(-49.2284337330019,37.335769736772,0.245820243110841));
#1527=CARTESIAN_POINT('Ctrl Pts',(-49.1001057079816,37.3381694420627,0.248219948401513));
#1528=CARTESIAN_POINT('Ctrl Pts',(-50.0094545303375,37.2951400809571,0.490545469662564));
#1529=CARTESIAN_POINT('Ctrl Pts',(-49.9437327149153,37.3125097881809,0.458114581521743));
#1530=CARTESIAN_POINT('Ctrl Pts',(-49.7967435898805,37.3457887399258,0.403900096688067));
#1531=CARTESIAN_POINT('Ctrl Pts',(-49.4341036065674,37.4005812824213,0.345903848419869));
#1532=CARTESIAN_POINT('Ctrl Pts',(-49.2119888048937,37.4089036865081,0.339169863198393));
#1533=CARTESIAN_POINT('Ctrl Pts',(-49.1001057079815,37.4131818128345,0.345978264408264));
#1534=CARTESIAN_POINT('Ctrl Pts',(-49.8171143252435,37.4520512656162,0.682885674756548));
#1535=CARTESIAN_POINT('Ctrl Pts',(-49.7518833697213,37.4586261837731,0.647139722600936));
#1536=CARTESIAN_POINT('Ctrl Pts',(-49.6033522521434,37.4733015602383,0.587885442954373));
#1537=CARTESIAN_POINT('Ctrl Pts',(-49.3434696099967,37.4826977969513,0.519231248865919));
#1538=CARTESIAN_POINT('Ctrl Pts',(-49.1854934525116,37.4821270133515,0.508906793168153));
#1539=CARTESIAN_POINT('Ctrl Pts',(-49.1001057079816,37.4839161878799,0.516746151968817));
#1540=CARTESIAN_POINT('Ctrl Pts',(-49.6629502240099,37.5,0.83704977599013));
#1541=CARTESIAN_POINT('Ctrl Pts',(-49.6124574403725,37.5,0.794106383022577));
#1542=CARTESIAN_POINT('Ctrl Pts',(-49.5007854502676,37.5,0.719092701297559));
#1543=CARTESIAN_POINT('Ctrl Pts',(-49.3058771587042,37.5,0.647179115427816));
#1544=CARTESIAN_POINT('Ctrl Pts',(-49.1691128847899,37.5,0.635519780412434));
#1545=CARTESIAN_POINT('Ctrl Pts',(-49.1001057079816,37.5,0.638913476180201));
#1546=CARTESIAN_POINT('Ctrl Pts',(-49.5950057079816,37.5,0.904994292018446));
#1547=CARTESIAN_POINT('Ctrl Pts',(-49.551817535641,37.5,0.861806119677847));
#1548=CARTESIAN_POINT('Ctrl Pts',(-49.4540739822546,37.5,0.786805076629322));
#1549=CARTESIAN_POINT('Ctrl Pts',(-49.2833318825922,37.5,0.716081383281098));
#1550=CARTESIAN_POINT('Ctrl Pts',(-49.1611830070397,37.5,0.700000000000002));
#1551=CARTESIAN_POINT('Ctrl Pts',(-49.1001057079816,37.5,0.700000000000002));
#1552=CARTESIAN_POINT('',(-49.5950057079816,37.5,0.904994292018446));
#1553=CARTESIAN_POINT('Ctrl Pts',(-50.1158110538761,37.1158110538761,0.384188946123888));
#1554=CARTESIAN_POINT('Ctrl Pts',(-50.0826536039291,37.1821259537702,0.417346396070936));
#1555=CARTESIAN_POINT('Ctrl Pts',(-50.0094545303375,37.2951400809571,0.490545469662564));
#1556=CARTESIAN_POINT('Ctrl Pts',(-49.8171143252435,37.4520512656162,0.682885674756548));
#1557=CARTESIAN_POINT('Ctrl Pts',(-49.6629502240099,37.5,0.83704977599013));
#1558=CARTESIAN_POINT('Ctrl Pts',(-49.5950057079816,37.5,0.904994292018446));
#1559=CARTESIAN_POINT('',(-49.1001057079816,37.5,0.7));
#1560=CARTESIAN_POINT('Origin',(-49.1001057079816,37.5,1.39989429201845));
#1561=CARTESIAN_POINT('Origin',(-49.1001057079816,36.8,0.7));
#1562=CARTESIAN_POINT('Ctrl Pts',(-50.1158110538761,37.1158110538761,0.384188946123888));
#1563=CARTESIAN_POINT('Ctrl Pts',(-50.0826536039291,37.1821259537702,0.417346396070936));
#1564=CARTESIAN_POINT('Ctrl Pts',(-50.0094545303375,37.2951400809571,0.490545469662564));
#1565=CARTESIAN_POINT('Ctrl Pts',(-49.8171143252435,37.4520512656162,0.682885674756548));
#1566=CARTESIAN_POINT('Ctrl Pts',(-49.6629502240099,37.5,0.83704977599013));
#1567=CARTESIAN_POINT('Ctrl Pts',(-49.5950057079816,37.5,0.904994292018446));
#1568=CARTESIAN_POINT('Ctrl Pts',(-50.1489685038232,37.1489685038232,0.450503846017984));
#1569=CARTESIAN_POINT('Ctrl Pts',(-50.1154005802604,37.2084923932007,0.483083984271163));
#1570=CARTESIAN_POINT('Ctrl Pts',(-50.0418854184783,37.3125097881809,0.556267285084726));
#1571=CARTESIAN_POINT('Ctrl Pts',(-49.8528602773991,37.4586261837731,0.748116630278685));
#1572=CARTESIAN_POINT('Ctrl Pts',(-49.7058936169774,37.5,0.887542559627495));
#1573=CARTESIAN_POINT('Ctrl Pts',(-49.6381938803221,37.5,0.948182464359046));
#1574=CARTESIAN_POINT('Ctrl Pts',(-50.2039955717696,37.2039955717696,0.593942335533967));
#1575=CARTESIAN_POINT('Ctrl Pts',(-50.1706120938858,37.2539711418452,0.626455206870727));
#1576=CARTESIAN_POINT('Ctrl Pts',(-50.096099903312,37.3457887399257,0.703256410119554));
#1577=CARTESIAN_POINT('Ctrl Pts',(-49.9121145570456,37.4733015602383,0.89664774785656));
#1578=CARTESIAN_POINT('Ctrl Pts',(-49.7809072987025,37.5,0.999214549732429));
#1579=CARTESIAN_POINT('Ctrl Pts',(-49.7131949233707,37.5,1.04592601774542));
#1580=CARTESIAN_POINT('Ctrl Pts',(-50.2786311382477,37.2786311382477,0.970971877946732));
#1581=CARTESIAN_POINT('Ctrl Pts',(-50.2413733887781,37.3213787994827,0.999370206489184));
#1582=CARTESIAN_POINT('Ctrl Pts',(-50.1540961515801,37.4005812824213,1.06589639343262));
#1583=CARTESIAN_POINT('Ctrl Pts',(-49.9807687511341,37.4826977969513,1.15653039000329));
#1584=CARTESIAN_POINT('Ctrl Pts',(-49.8528208845722,37.5,1.19412284129584));
#1585=CARTESIAN_POINT('Ctrl Pts',(-49.7839186167189,37.5,1.21666811740782));
#1586=CARTESIAN_POINT('Ctrl Pts',(-50.2949747468306,37.2949747468306,1.26401755964397));
#1587=CARTESIAN_POINT('Ctrl Pts',(-50.2541797568892,37.335769736772,1.27156626699811));
#1588=CARTESIAN_POINT('Ctrl Pts',(-50.1608301368016,37.4089036865082,1.28801119510631));
#1589=CARTESIAN_POINT('Ctrl Pts',(-49.9910932068319,37.4821270133515,1.3145065474884));
#1590=CARTESIAN_POINT('Ctrl Pts',(-49.8644802195876,37.5,1.33088711521007));
#1591=CARTESIAN_POINT('Ctrl Pts',(-49.8,37.5,1.33881699296026));
#1592=CARTESIAN_POINT('Ctrl Pts',(-50.2949747468306,37.2949747468306,1.39989429201845));
#1593=CARTESIAN_POINT('Ctrl Pts',(-50.2517800515985,37.3381694420627,1.39989429201845));
#1594=CARTESIAN_POINT('Ctrl Pts',(-50.1540217355917,37.4131818128345,1.39989429201845));
#1595=CARTESIAN_POINT('Ctrl Pts',(-49.9832538480312,37.4839161878799,1.39989429201845));
#1596=CARTESIAN_POINT('Ctrl Pts',(-49.8610865238198,37.5,1.39989429201845));
#1597=CARTESIAN_POINT('Ctrl Pts',(-49.8,37.5,1.39989429201845));
#1598=CARTESIAN_POINT('',(-50.2949747468306,37.2949747468306,1.39989429201845));
#1599=CARTESIAN_POINT('Ctrl Pts',(-50.1158110538761,37.1158110538761,0.384188946123888));
#1600=CARTESIAN_POINT('Ctrl Pts',(-50.1489685038232,37.1489685038232,0.450503846017984));
#1601=CARTESIAN_POINT('Ctrl Pts',(-50.2039955717696,37.2039955717696,0.593942335533967));
#1602=CARTESIAN_POINT('Ctrl Pts',(-50.2786311382477,37.2786311382477,0.970971877946732));
#1603=CARTESIAN_POINT('Ctrl Pts',(-50.2949747468306,37.2949747468306,1.26401755964397));
#1604=CARTESIAN_POINT('Ctrl Pts',(-50.2949747468306,37.2949747468306,1.39989429201845));
#1605=CARTESIAN_POINT('',(-49.8,37.5,1.39989429201845));
#1606=CARTESIAN_POINT('Origin',(-49.8,36.8,1.39989429201845));
#1607=CARTESIAN_POINT('Origin',(-49.1001057079816,37.5,1.39989429201845));
#1608=CARTESIAN_POINT('Ctrl Pts',(-50.1158110538761,37.1158110538761,0.384188946123888));
#1609=CARTESIAN_POINT('Ctrl Pts',(-50.1489685038232,37.1489685038232,0.450503846017984));
#1610=CARTESIAN_POINT('Ctrl Pts',(-50.2039955717696,37.2039955717696,0.593942335533967));
#1611=CARTESIAN_POINT('Ctrl Pts',(-50.2786311382477,37.2786311382477,0.970971877946732));
#1612=CARTESIAN_POINT('Ctrl Pts',(-50.2949747468306,37.2949747468306,1.26401755964397));
#1613=CARTESIAN_POINT('Ctrl Pts',(-50.2949747468306,37.2949747468306,1.39989429201845));
#1614=CARTESIAN_POINT('Ctrl Pts',(-50.1821259537702,37.0826536039291,0.417346396070936));
#1615=CARTESIAN_POINT('Ctrl Pts',(-50.2084923932007,37.1154005802604,0.483083984271163));
#1616=CARTESIAN_POINT('Ctrl Pts',(-50.2539711418452,37.1706120938857,0.626455206870727));
#1617=CARTESIAN_POINT('Ctrl Pts',(-50.3213787994827,37.2413733887781,0.999370206489184));
#1618=CARTESIAN_POINT('Ctrl Pts',(-50.335769736772,37.2541797568892,1.27156626699811));
#1619=CARTESIAN_POINT('Ctrl Pts',(-50.3381694420627,37.2517800515985,1.39989429201845));
#1620=CARTESIAN_POINT('Ctrl Pts',(-50.2951400809571,37.0094545303375,0.490545469662564));
#1621=CARTESIAN_POINT('Ctrl Pts',(-50.3125097881809,37.0418854184783,0.556267285084726));
#1622=CARTESIAN_POINT('Ctrl Pts',(-50.3457887399258,37.0960999033119,0.703256410119554));
#1623=CARTESIAN_POINT('Ctrl Pts',(-50.4005812824213,37.1540961515801,1.06589639343262));
#1624=CARTESIAN_POINT('Ctrl Pts',(-50.4089036865082,37.1608301368016,1.28801119510632));
#1625=CARTESIAN_POINT('Ctrl Pts',(-50.4131818128345,37.1540217355917,1.39989429201845));
#1626=CARTESIAN_POINT('Ctrl Pts',(-50.4520512656162,36.8171143252434,0.682885674756546));
#1627=CARTESIAN_POINT('Ctrl Pts',(-50.4586261837731,36.8528602773991,0.748116630278684));
#1628=CARTESIAN_POINT('Ctrl Pts',(-50.4733015602383,36.9121145570456,0.89664774785656));
#1629=CARTESIAN_POINT('Ctrl Pts',(-50.4826977969513,36.9807687511341,1.15653039000329));
#1630=CARTESIAN_POINT('Ctrl Pts',(-50.4821270133515,36.9910932068319,1.3145065474884));
#1631=CARTESIAN_POINT('Ctrl Pts',(-50.4839161878799,36.9832538480312,1.39989429201845));
#1632=CARTESIAN_POINT('Ctrl Pts',(-50.5,36.6629502240099,0.837049775990129));
#1633=CARTESIAN_POINT('Ctrl Pts',(-50.5,36.7058936169774,0.887542559627495));
#1634=CARTESIAN_POINT('Ctrl Pts',(-50.5,36.7809072987024,0.999214549732429));
#1635=CARTESIAN_POINT('Ctrl Pts',(-50.5,36.8528208845722,1.19412284129584));
#1636=CARTESIAN_POINT('Ctrl Pts',(-50.5,36.8644802195876,1.33088711521007));
#1637=CARTESIAN_POINT('Ctrl Pts',(-50.5,36.8610865238198,1.39989429201845));
#1638=CARTESIAN_POINT('Ctrl Pts',(-50.5,36.5950057079816,0.904994292018446));
#1639=CARTESIAN_POINT('Ctrl Pts',(-50.5,36.6381938803222,0.948182464359045));
#1640=CARTESIAN_POINT('Ctrl Pts',(-50.5,36.7131949233707,1.04592601774542));
#1641=CARTESIAN_POINT('Ctrl Pts',(-50.5,36.7839186167189,1.21666811740782));
#1642=CARTESIAN_POINT('Ctrl Pts',(-50.5,36.8,1.33881699296026));
#1643=CARTESIAN_POINT('Ctrl Pts',(-50.5,36.8,1.39989429201845));
#1644=CARTESIAN_POINT('',(-50.5,36.5950057079816,0.904994292018446));
#1645=CARTESIAN_POINT('Ctrl Pts',(-50.1158110538761,37.1158110538761,0.384188946123888));
#1646=CARTESIAN_POINT('Ctrl Pts',(-50.1821259537702,37.0826536039291,0.417346396070936));
#1647=CARTESIAN_POINT('Ctrl Pts',(-50.2951400809571,37.0094545303375,0.490545469662564));
#1648=CARTESIAN_POINT('Ctrl Pts',(-50.4520512656162,36.8171143252434,0.682885674756546));
#1649=CARTESIAN_POINT('Ctrl Pts',(-50.5,36.6629502240099,0.837049775990129));
#1650=CARTESIAN_POINT('Ctrl Pts',(-50.5,36.5950057079816,0.904994292018446));
#1651=CARTESIAN_POINT('',(-50.5,36.8,1.39989429201845));
#1652=CARTESIAN_POINT('Origin',(-50.5,36.1001057079816,1.39989429201845));
#1653=CARTESIAN_POINT('Origin',(-49.8,36.8,1.39989429201845));
#1654=CARTESIAN_POINT('Ctrl Pts',(50.1158110538761,37.1158110538761,0.384188946123888));
#1655=CARTESIAN_POINT('Ctrl Pts',(50.049496153982,37.1489685038232,0.35103149617684));
#1656=CARTESIAN_POINT('Ctrl Pts',(49.906057664466,37.2039955717696,0.296004428230444));
#1657=CARTESIAN_POINT('Ctrl Pts',(49.5290281220533,37.2786311382477,0.221368861752297));
#1658=CARTESIAN_POINT('Ctrl Pts',(49.235982440356,37.2949747468306,0.205025253169417));
#1659=CARTESIAN_POINT('Ctrl Pts',(49.1001057079816,37.2949747468306,0.205025253169417));
#1660=CARTESIAN_POINT('Ctrl Pts',(50.0826536039291,37.0826536039291,0.317874046229792));
#1661=CARTESIAN_POINT('Ctrl Pts',(50.0169160157289,37.1154005802604,0.29150760679933));
#1662=CARTESIAN_POINT('Ctrl Pts',(49.8735447931293,37.1706120938858,0.246028858154746));
#1663=CARTESIAN_POINT('Ctrl Pts',(49.5006297935109,37.2413733887781,0.17862120051733));
#1664=CARTESIAN_POINT('Ctrl Pts',(49.2284337330019,37.2541797568892,0.164230263227994));
#1665=CARTESIAN_POINT('Ctrl Pts',(49.1001057079816,37.2517800515985,0.161830557937322));
#1666=CARTESIAN_POINT('Ctrl Pts',(50.0094545303375,37.0094545303375,0.204859919042875));
#1667=CARTESIAN_POINT('Ctrl Pts',(49.9437327149153,37.0418854184783,0.187490211819086));
#1668=CARTESIAN_POINT('Ctrl Pts',(49.7967435898805,37.0960999033119,0.154211260074248));
#1669=CARTESIAN_POINT('Ctrl Pts',(49.4341036065674,37.1540961515801,0.0994187175787066));
#1670=CARTESIAN_POINT('Ctrl Pts',(49.2119888048937,37.1608301368016,0.0910963134918397));
#1671=CARTESIAN_POINT('Ctrl Pts',(49.1001057079816,37.1540217355918,0.0868181871655027));
#1672=CARTESIAN_POINT('Ctrl Pts',(49.8171143252435,36.8171143252434,0.0479487343837975));
#1673=CARTESIAN_POINT('Ctrl Pts',(49.7518833697213,36.8528602773991,0.0413738162269068));
#1674=CARTESIAN_POINT('Ctrl Pts',(49.6033522521434,36.9121145570456,0.0266984397617163));
#1675=CARTESIAN_POINT('Ctrl Pts',(49.3434696099967,36.9807687511341,0.0173022030486994));
#1676=CARTESIAN_POINT('Ctrl Pts',(49.1854934525116,36.9910932068318,0.0178729866485303));
#1677=CARTESIAN_POINT('Ctrl Pts',(49.1001057079816,36.9832538480312,0.0160838121201174));
#1678=CARTESIAN_POINT('Ctrl Pts',(49.6629502240099,36.6629502240099,0.));
#1679=CARTESIAN_POINT('Ctrl Pts',(49.6124574403725,36.7058936169774,0.));
#1680=CARTESIAN_POINT('Ctrl Pts',(49.5007854502676,36.7809072987024,4.2939083120734E-18));
#1681=CARTESIAN_POINT('Ctrl Pts',(49.3058771587042,36.8528208845722,-1.50286790922569E-17));
#1682=CARTESIAN_POINT('Ctrl Pts',(49.1691128847899,36.8644802195876,3.22043123405505E-17));
#1683=CARTESIAN_POINT('Ctrl Pts',(49.1001057079816,36.8610865238198,3.46944695195361E-17));
#1684=CARTESIAN_POINT('Ctrl Pts',(49.5950057079815,36.5950057079815,0.));
#1685=CARTESIAN_POINT('Ctrl Pts',(49.551817535641,36.6381938803221,0.));
#1686=CARTESIAN_POINT('Ctrl Pts',(49.4540739822546,36.7131949233707,-3.65213382046765E-33));
#1687=CARTESIAN_POINT('Ctrl Pts',(49.2833318825922,36.7839186167189,1.27824683716368E-32));
#1688=CARTESIAN_POINT('Ctrl Pts',(49.1611830070397,36.8,-2.73910036535074E-32));
#1689=CARTESIAN_POINT('Ctrl Pts',(49.1001057079816,36.8,0.));
#1690=CARTESIAN_POINT('',(50.1158110538761,37.1158110538761,0.384188946123888));
#1691=CARTESIAN_POINT('',(49.1001057079816,37.2949747468306,0.205025253169417));
#1692=CARTESIAN_POINT('Ctrl Pts',(50.1158110538761,37.1158110538761,0.384188946123888));
#1693=CARTESIAN_POINT('Ctrl Pts',(50.049496153982,37.1489685038232,0.35103149617684));
#1694=CARTESIAN_POINT('Ctrl Pts',(49.906057664466,37.2039955717696,0.296004428230444));
#1695=CARTESIAN_POINT('Ctrl Pts',(49.5290281220533,37.2786311382477,0.221368861752297));
#1696=CARTESIAN_POINT('Ctrl Pts',(49.235982440356,37.2949747468306,0.205025253169417));
#1697=CARTESIAN_POINT('Ctrl Pts',(49.1001057079816,37.2949747468306,0.205025253169417));
#1698=CARTESIAN_POINT('',(49.5950057079815,36.5950057079815,0.));
#1699=CARTESIAN_POINT('Ctrl Pts',(50.1158110538761,37.1158110538761,0.384188946123888));
#1700=CARTESIAN_POINT('Ctrl Pts',(50.0826536039291,37.0826536039291,0.317874046229792));
#1701=CARTESIAN_POINT('Ctrl Pts',(50.0094545303375,37.0094545303375,0.204859919042875));
#1702=CARTESIAN_POINT('Ctrl Pts',(49.8171143252435,36.8171143252434,0.0479487343837975));
#1703=CARTESIAN_POINT('Ctrl Pts',(49.6629502240099,36.6629502240099,0.));
#1704=CARTESIAN_POINT('Ctrl Pts',(49.5950057079815,36.5950057079815,0.));
#1705=CARTESIAN_POINT('',(49.1001057079816,36.8,0.));
#1706=CARTESIAN_POINT('Origin',(49.1001057079816,36.1001057079816,0.));
#1707=CARTESIAN_POINT('Origin',(49.1001057079816,36.8,0.7));
#1708=CARTESIAN_POINT('Ctrl Pts',(50.1158110538761,37.1158110538761,0.384188946123888));
#1709=CARTESIAN_POINT('Ctrl Pts',(50.0826536039291,37.0826536039291,0.317874046229792));
#1710=CARTESIAN_POINT('Ctrl Pts',(50.0094545303375,37.0094545303375,0.204859919042875));
#1711=CARTESIAN_POINT('Ctrl Pts',(49.8171143252435,36.8171143252434,0.0479487343837975));
#1712=CARTESIAN_POINT('Ctrl Pts',(49.6629502240099,36.6629502240099,0.));
#1713=CARTESIAN_POINT('Ctrl Pts',(49.5950057079815,36.5950057079815,0.));
#1714=CARTESIAN_POINT('Ctrl Pts',(50.1489685038232,37.049496153982,0.35103149617684));
#1715=CARTESIAN_POINT('Ctrl Pts',(50.1154005802604,37.0169160157288,0.29150760679933));
#1716=CARTESIAN_POINT('Ctrl Pts',(50.0418854184783,36.9437327149153,0.187490211819086));
#1717=CARTESIAN_POINT('Ctrl Pts',(49.8528602773991,36.7518833697213,0.0413738162269069));
#1718=CARTESIAN_POINT('Ctrl Pts',(49.7058936169774,36.6124574403725,0.));
#1719=CARTESIAN_POINT('Ctrl Pts',(49.6381938803221,36.551817535641,0.));
#1720=CARTESIAN_POINT('Ctrl Pts',(50.2039955717696,36.906057664466,0.296004428230444));
#1721=CARTESIAN_POINT('Ctrl Pts',(50.1706120938858,36.8735447931293,0.246028858154746));
#1722=CARTESIAN_POINT('Ctrl Pts',(50.096099903312,36.7967435898805,0.154211260074248));
#1723=CARTESIAN_POINT('Ctrl Pts',(49.9121145570456,36.6033522521434,0.0266984397617163));
#1724=CARTESIAN_POINT('Ctrl Pts',(49.7809072987025,36.5007854502676,0.));
#1725=CARTESIAN_POINT('Ctrl Pts',(49.7131949233707,36.4540739822546,0.));
#1726=CARTESIAN_POINT('Ctrl Pts',(50.2786311382477,36.5290281220532,0.221368861752297));
#1727=CARTESIAN_POINT('Ctrl Pts',(50.241373388778,36.5006297935108,0.178621200517331));
#1728=CARTESIAN_POINT('Ctrl Pts',(50.1540961515801,36.4341036065674,0.0994187175787067));
#1729=CARTESIAN_POINT('Ctrl Pts',(49.9807687511341,36.3434696099967,0.017302203048699));
#1730=CARTESIAN_POINT('Ctrl Pts',(49.8528208845722,36.3058771587042,0.));
#1731=CARTESIAN_POINT('Ctrl Pts',(49.7839186167189,36.2833318825922,0.));
#1732=CARTESIAN_POINT('Ctrl Pts',(50.2949747468306,36.235982440356,0.205025253169418));
#1733=CARTESIAN_POINT('Ctrl Pts',(50.2541797568892,36.2284337330019,0.164230263227994));
#1734=CARTESIAN_POINT('Ctrl Pts',(50.1608301368016,36.2119888048937,0.0910963134918397));
#1735=CARTESIAN_POINT('Ctrl Pts',(49.9910932068319,36.1854934525116,0.0178729866485304));
#1736=CARTESIAN_POINT('Ctrl Pts',(49.8644802195876,36.1691128847899,-3.46944695195361E-17));
#1737=CARTESIAN_POINT('Ctrl Pts',(49.8,36.1611830070397,0.));
#1738=CARTESIAN_POINT('Ctrl Pts',(50.2949747468306,36.1001057079815,0.205025253169418));
#1739=CARTESIAN_POINT('Ctrl Pts',(50.2517800515985,36.1001057079815,0.161830557937322));
#1740=CARTESIAN_POINT('Ctrl Pts',(50.1540217355917,36.1001057079816,0.0868181871655026));
#1741=CARTESIAN_POINT('Ctrl Pts',(49.9832538480312,36.1001057079816,0.0160838121201175));
#1742=CARTESIAN_POINT('Ctrl Pts',(49.8610865238198,36.1001057079816,-3.46944695195361E-17));
#1743=CARTESIAN_POINT('Ctrl Pts',(49.8,36.1001057079816,0.));
#1744=CARTESIAN_POINT('',(50.2949747468306,36.1001057079815,0.205025253169418));
#1745=CARTESIAN_POINT('Ctrl Pts',(50.1158110538761,37.1158110538761,0.384188946123888));
#1746=CARTESIAN_POINT('Ctrl Pts',(50.1489685038232,37.049496153982,0.35103149617684));
#1747=CARTESIAN_POINT('Ctrl Pts',(50.2039955717695,36.906057664466,0.296004428230444));
#1748=CARTESIAN_POINT('Ctrl Pts',(50.2786311382477,36.5290281220533,0.221368861752297));
#1749=CARTESIAN_POINT('Ctrl Pts',(50.2949747468306,36.235982440356,0.205025253169418));
#1750=CARTESIAN_POINT('Ctrl Pts',(50.2949747468306,36.1001057079816,0.205025253169418));
#1751=CARTESIAN_POINT('',(49.8,36.1001057079816,0.));
#1752=CARTESIAN_POINT('Origin',(49.8,36.1001057079816,0.7));
#1753=CARTESIAN_POINT('Origin',(49.1001057079816,36.1001057079816,0.));
#1754=CARTESIAN_POINT('Ctrl Pts',(50.1158110538761,37.1158110538761,0.384188946123888));
#1755=CARTESIAN_POINT('Ctrl Pts',(50.1489685038232,37.049496153982,0.35103149617684));
#1756=CARTESIAN_POINT('Ctrl Pts',(50.2039955717695,36.906057664466,0.296004428230444));
#1757=CARTESIAN_POINT('Ctrl Pts',(50.2786311382477,36.5290281220533,0.221368861752297));
#1758=CARTESIAN_POINT('Ctrl Pts',(50.2949747468306,36.235982440356,0.205025253169418));
#1759=CARTESIAN_POINT('Ctrl Pts',(50.2949747468306,36.1001057079816,0.205025253169418));
#1760=CARTESIAN_POINT('Ctrl Pts',(50.1821259537702,37.0826536039291,0.417346396070936));
#1761=CARTESIAN_POINT('Ctrl Pts',(50.2084923932007,37.0169160157288,0.384599419739645));
#1762=CARTESIAN_POINT('Ctrl Pts',(50.2539711418452,36.8735447931293,0.329387906114246));
#1763=CARTESIAN_POINT('Ctrl Pts',(50.3213787994827,36.5006297935108,0.25862661122194));
#1764=CARTESIAN_POINT('Ctrl Pts',(50.335769736772,36.2284337330019,0.245820243110841));
#1765=CARTESIAN_POINT('Ctrl Pts',(50.3381694420627,36.1001057079816,0.248219948401513));
#1766=CARTESIAN_POINT('Ctrl Pts',(50.2951400809571,37.0094545303374,0.490545469662565));
#1767=CARTESIAN_POINT('Ctrl Pts',(50.3125097881809,36.9437327149153,0.458114581521743));
#1768=CARTESIAN_POINT('Ctrl Pts',(50.3457887399258,36.7967435898805,0.403900096688068));
#1769=CARTESIAN_POINT('Ctrl Pts',(50.4005812824213,36.4341036065674,0.345903848419869));
#1770=CARTESIAN_POINT('Ctrl Pts',(50.4089036865082,36.2119888048937,0.339169863198393));
#1771=CARTESIAN_POINT('Ctrl Pts',(50.4131818128345,36.1001057079815,0.345978264408264));
#1772=CARTESIAN_POINT('Ctrl Pts',(50.4520512656162,36.8171143252434,0.682885674756548));
#1773=CARTESIAN_POINT('Ctrl Pts',(50.4586261837731,36.7518833697213,0.647139722600937));
#1774=CARTESIAN_POINT('Ctrl Pts',(50.4733015602383,36.6033522521434,0.587885442954374));
#1775=CARTESIAN_POINT('Ctrl Pts',(50.4826977969513,36.3434696099967,0.519231248865919));
#1776=CARTESIAN_POINT('Ctrl Pts',(50.4821270133515,36.1854934525116,0.508906793168153));
#1777=CARTESIAN_POINT('Ctrl Pts',(50.4839161878799,36.1001057079816,0.516746151968817));
#1778=CARTESIAN_POINT('Ctrl Pts',(50.5,36.6629502240099,0.83704977599013));
#1779=CARTESIAN_POINT('Ctrl Pts',(50.5,36.6124574403725,0.794106383022577));
#1780=CARTESIAN_POINT('Ctrl Pts',(50.5,36.5007854502676,0.719092701297559));
#1781=CARTESIAN_POINT('Ctrl Pts',(50.5,36.3058771587042,0.647179115427816));
#1782=CARTESIAN_POINT('Ctrl Pts',(50.5,36.1691128847899,0.635519780412434));
#1783=CARTESIAN_POINT('Ctrl Pts',(50.5,36.1001057079816,0.638913476180201));
#1784=CARTESIAN_POINT('Ctrl Pts',(50.5,36.5950057079816,0.904994292018446));
#1785=CARTESIAN_POINT('Ctrl Pts',(50.5,36.551817535641,0.861806119677847));
#1786=CARTESIAN_POINT('Ctrl Pts',(50.5,36.4540739822546,0.786805076629322));
#1787=CARTESIAN_POINT('Ctrl Pts',(50.5,36.2833318825922,0.716081383281098));
#1788=CARTESIAN_POINT('Ctrl Pts',(50.5,36.1611830070397,0.700000000000002));
#1789=CARTESIAN_POINT('Ctrl Pts',(50.5,36.1001057079816,0.700000000000002));
#1790=CARTESIAN_POINT('',(50.5,36.5950057079816,0.904994292018446));
#1791=CARTESIAN_POINT('Ctrl Pts',(50.1158110538761,37.1158110538761,0.384188946123888));
#1792=CARTESIAN_POINT('Ctrl Pts',(50.1821259537702,37.0826536039291,0.417346396070936));
#1793=CARTESIAN_POINT('Ctrl Pts',(50.2951400809571,37.0094545303374,0.490545469662565));
#1794=CARTESIAN_POINT('Ctrl Pts',(50.4520512656162,36.8171143252434,0.682885674756548));
#1795=CARTESIAN_POINT('Ctrl Pts',(50.5,36.6629502240099,0.83704977599013));
#1796=CARTESIAN_POINT('Ctrl Pts',(50.5,36.5950057079816,0.904994292018446));
#1797=CARTESIAN_POINT('',(50.5,36.1001057079816,0.7));
#1798=CARTESIAN_POINT('Origin',(50.5,36.1001057079816,1.39989429201845));
#1799=CARTESIAN_POINT('Origin',(49.8,36.1001057079816,0.7));
#1800=CARTESIAN_POINT('Ctrl Pts',(50.1158110538761,37.1158110538761,0.384188946123888));
#1801=CARTESIAN_POINT('Ctrl Pts',(50.1821259537702,37.0826536039291,0.417346396070936));
#1802=CARTESIAN_POINT('Ctrl Pts',(50.2951400809571,37.0094545303374,0.490545469662565));
#1803=CARTESIAN_POINT('Ctrl Pts',(50.4520512656162,36.8171143252434,0.682885674756548));
#1804=CARTESIAN_POINT('Ctrl Pts',(50.5,36.6629502240099,0.83704977599013));
#1805=CARTESIAN_POINT('Ctrl Pts',(50.5,36.5950057079816,0.904994292018446));
#1806=CARTESIAN_POINT('Ctrl Pts',(50.1489685038232,37.1489685038232,0.450503846017984));
#1807=CARTESIAN_POINT('Ctrl Pts',(50.2084923932007,37.1154005802604,0.483083984271163));
#1808=CARTESIAN_POINT('Ctrl Pts',(50.3125097881809,37.0418854184783,0.556267285084726));
#1809=CARTESIAN_POINT('Ctrl Pts',(50.4586261837731,36.8528602773991,0.748116630278686));
#1810=CARTESIAN_POINT('Ctrl Pts',(50.5,36.7058936169774,0.887542559627496));
#1811=CARTESIAN_POINT('Ctrl Pts',(50.5,36.6381938803222,0.948182464359046));
#1812=CARTESIAN_POINT('Ctrl Pts',(50.2039955717696,37.2039955717695,0.593942335533968));
#1813=CARTESIAN_POINT('Ctrl Pts',(50.2539711418453,37.1706120938857,0.626455206870727));
#1814=CARTESIAN_POINT('Ctrl Pts',(50.3457887399258,37.0960999033119,0.703256410119554));
#1815=CARTESIAN_POINT('Ctrl Pts',(50.4733015602383,36.9121145570456,0.89664774785656));
#1816=CARTESIAN_POINT('Ctrl Pts',(50.5,36.7809072987024,0.999214549732429));
#1817=CARTESIAN_POINT('Ctrl Pts',(50.5,36.7131949233707,1.04592601774542));
#1818=CARTESIAN_POINT('Ctrl Pts',(50.2786311382477,37.2786311382477,0.970971877946732));
#1819=CARTESIAN_POINT('Ctrl Pts',(50.3213787994827,37.2413733887781,0.999370206489184));
#1820=CARTESIAN_POINT('Ctrl Pts',(50.4005812824213,37.1540961515801,1.06589639343262));
#1821=CARTESIAN_POINT('Ctrl Pts',(50.4826977969512,36.980768751134,1.15653039000329));
#1822=CARTESIAN_POINT('Ctrl Pts',(50.5,36.8528208845722,1.19412284129584));
#1823=CARTESIAN_POINT('Ctrl Pts',(50.5,36.7839186167189,1.21666811740782));
#1824=CARTESIAN_POINT('Ctrl Pts',(50.2949747468306,37.2949747468306,1.26401755964397));
#1825=CARTESIAN_POINT('Ctrl Pts',(50.335769736772,37.2541797568892,1.27156626699811));
#1826=CARTESIAN_POINT('Ctrl Pts',(50.4089036865082,37.1608301368016,1.28801119510631));
#1827=CARTESIAN_POINT('Ctrl Pts',(50.4821270133515,36.9910932068318,1.3145065474884));
#1828=CARTESIAN_POINT('Ctrl Pts',(50.5,36.8644802195876,1.33088711521007));
#1829=CARTESIAN_POINT('Ctrl Pts',(50.5,36.8,1.33881699296026));
#1830=CARTESIAN_POINT('Ctrl Pts',(50.2949747468306,37.2949747468306,1.39989429201845));
#1831=CARTESIAN_POINT('Ctrl Pts',(50.3381694420627,37.2517800515985,1.39989429201845));
#1832=CARTESIAN_POINT('Ctrl Pts',(50.4131818128345,37.1540217355917,1.39989429201845));
#1833=CARTESIAN_POINT('Ctrl Pts',(50.4839161878799,36.9832538480312,1.39989429201845));
#1834=CARTESIAN_POINT('Ctrl Pts',(50.5,36.8610865238198,1.39989429201845));
#1835=CARTESIAN_POINT('Ctrl Pts',(50.5,36.8,1.39989429201845));
#1836=CARTESIAN_POINT('',(50.2949747468306,37.2949747468306,1.39989429201845));
#1837=CARTESIAN_POINT('Ctrl Pts',(50.1158110538761,37.1158110538761,0.384188946123888));
#1838=CARTESIAN_POINT('Ctrl Pts',(50.1489685038232,37.1489685038232,0.450503846017984));
#1839=CARTESIAN_POINT('Ctrl Pts',(50.2039955717696,37.2039955717695,0.593942335533968));
#1840=CARTESIAN_POINT('Ctrl Pts',(50.2786311382477,37.2786311382477,0.970971877946732));
#1841=CARTESIAN_POINT('Ctrl Pts',(50.2949747468306,37.2949747468306,1.26401755964397));
#1842=CARTESIAN_POINT('Ctrl Pts',(50.2949747468306,37.2949747468306,1.39989429201845));
#1843=CARTESIAN_POINT('',(50.5,36.8,1.39989429201845));
#1844=CARTESIAN_POINT('Origin',(49.8,36.8,1.39989429201845));
#1845=CARTESIAN_POINT('Origin',(50.5,36.1001057079816,1.39989429201845));
#1846=CARTESIAN_POINT('Ctrl Pts',(50.1158110538761,37.1158110538761,0.384188946123888));
#1847=CARTESIAN_POINT('Ctrl Pts',(50.1489685038232,37.1489685038232,0.450503846017984));
#1848=CARTESIAN_POINT('Ctrl Pts',(50.2039955717696,37.2039955717695,0.593942335533968));
#1849=CARTESIAN_POINT('Ctrl Pts',(50.2786311382477,37.2786311382477,0.970971877946732));
#1850=CARTESIAN_POINT('Ctrl Pts',(50.2949747468306,37.2949747468306,1.26401755964397));
#1851=CARTESIAN_POINT('Ctrl Pts',(50.2949747468306,37.2949747468306,1.39989429201845));
#1852=CARTESIAN_POINT('Ctrl Pts',(50.0826536039291,37.1821259537702,0.417346396070936));
#1853=CARTESIAN_POINT('Ctrl Pts',(50.1154005802604,37.2084923932007,0.483083984271163));
#1854=CARTESIAN_POINT('Ctrl Pts',(50.1706120938858,37.2539711418452,0.626455206870727));
#1855=CARTESIAN_POINT('Ctrl Pts',(50.2413733887781,37.3213787994827,0.999370206489184));
#1856=CARTESIAN_POINT('Ctrl Pts',(50.2541797568892,37.335769736772,1.27156626699811));
#1857=CARTESIAN_POINT('Ctrl Pts',(50.2517800515985,37.3381694420627,1.39989429201845));
#1858=CARTESIAN_POINT('Ctrl Pts',(50.0094545303375,37.2951400809571,0.490545469662564));
#1859=CARTESIAN_POINT('Ctrl Pts',(50.0418854184783,37.3125097881809,0.556267285084726));
#1860=CARTESIAN_POINT('Ctrl Pts',(50.096099903312,37.3457887399258,0.703256410119554));
#1861=CARTESIAN_POINT('Ctrl Pts',(50.1540961515801,37.4005812824213,1.06589639343262));
#1862=CARTESIAN_POINT('Ctrl Pts',(50.1608301368016,37.4089036865082,1.28801119510632));
#1863=CARTESIAN_POINT('Ctrl Pts',(50.1540217355917,37.4131818128345,1.39989429201845));
#1864=CARTESIAN_POINT('Ctrl Pts',(49.8171143252434,37.4520512656162,0.682885674756547));
#1865=CARTESIAN_POINT('Ctrl Pts',(49.852860277399,37.4586261837731,0.748116630278684));
#1866=CARTESIAN_POINT('Ctrl Pts',(49.9121145570457,37.4733015602383,0.89664774785656));
#1867=CARTESIAN_POINT('Ctrl Pts',(49.9807687511341,37.4826977969513,1.15653039000329));
#1868=CARTESIAN_POINT('Ctrl Pts',(49.9910932068318,37.4821270133515,1.3145065474884));
#1869=CARTESIAN_POINT('Ctrl Pts',(49.9832538480312,37.4839161878799,1.39989429201845));
#1870=CARTESIAN_POINT('Ctrl Pts',(49.6629502240099,37.5,0.837049775990129));
#1871=CARTESIAN_POINT('Ctrl Pts',(49.7058936169774,37.5,0.887542559627495));
#1872=CARTESIAN_POINT('Ctrl Pts',(49.7809072987025,37.5,0.999214549732429));
#1873=CARTESIAN_POINT('Ctrl Pts',(49.8528208845722,37.5,1.19412284129584));
#1874=CARTESIAN_POINT('Ctrl Pts',(49.8644802195876,37.5,1.33088711521007));
#1875=CARTESIAN_POINT('Ctrl Pts',(49.8610865238198,37.5,1.39989429201845));
#1876=CARTESIAN_POINT('Ctrl Pts',(49.5950057079816,37.5,0.904994292018446));
#1877=CARTESIAN_POINT('Ctrl Pts',(49.6381938803222,37.5,0.948182464359045));
#1878=CARTESIAN_POINT('Ctrl Pts',(49.7131949233707,37.5,1.04592601774542));
#1879=CARTESIAN_POINT('Ctrl Pts',(49.7839186167189,37.5,1.21666811740782));
#1880=CARTESIAN_POINT('Ctrl Pts',(49.8,37.5,1.33881699296026));
#1881=CARTESIAN_POINT('Ctrl Pts',(49.8,37.5,1.39989429201845));
#1882=CARTESIAN_POINT('',(49.5950057079816,37.5,0.904994292018446));
#1883=CARTESIAN_POINT('Ctrl Pts',(50.1158110538761,37.1158110538761,0.384188946123888));
#1884=CARTESIAN_POINT('Ctrl Pts',(50.0826536039291,37.1821259537702,0.417346396070936));
#1885=CARTESIAN_POINT('Ctrl Pts',(50.0094545303375,37.2951400809571,0.490545469662564));
#1886=CARTESIAN_POINT('Ctrl Pts',(49.8171143252434,37.4520512656162,0.682885674756547));
#1887=CARTESIAN_POINT('Ctrl Pts',(49.6629502240099,37.5,0.837049775990129));
#1888=CARTESIAN_POINT('Ctrl Pts',(49.5950057079816,37.5,0.904994292018446));
#1889=CARTESIAN_POINT('',(49.8,37.5,1.39989429201845));
#1890=CARTESIAN_POINT('Origin',(49.1001057079816,37.5,1.39989429201845));
#1891=CARTESIAN_POINT('Origin',(49.8,36.8,1.39989429201845));
#1892=CARTESIAN_POINT('Ctrl Pts',(-50.1158110538761,-37.1158110538761,0.384188946123888));
#1893=CARTESIAN_POINT('Ctrl Pts',(-50.049496153982,-37.1489685038232,0.35103149617684));
#1894=CARTESIAN_POINT('Ctrl Pts',(-49.906057664466,-37.2039955717696,0.296004428230444));
#1895=CARTESIAN_POINT('Ctrl Pts',(-49.5290281220533,-37.2786311382477,0.221368861752297));
#1896=CARTESIAN_POINT('Ctrl Pts',(-49.235982440356,-37.2949747468306,0.205025253169417));
#1897=CARTESIAN_POINT('Ctrl Pts',(-49.1001057079816,-37.2949747468306,0.205025253169417));
#1898=CARTESIAN_POINT('Ctrl Pts',(-50.0826536039291,-37.0826536039291,0.317874046229792));
#1899=CARTESIAN_POINT('Ctrl Pts',(-50.0169160157289,-37.1154005802604,0.29150760679933));
#1900=CARTESIAN_POINT('Ctrl Pts',(-49.8735447931293,-37.1706120938858,0.246028858154746));
#1901=CARTESIAN_POINT('Ctrl Pts',(-49.5006297935109,-37.2413733887781,0.17862120051733));
#1902=CARTESIAN_POINT('Ctrl Pts',(-49.2284337330019,-37.2541797568892,0.164230263227994));
#1903=CARTESIAN_POINT('Ctrl Pts',(-49.1001057079816,-37.2517800515985,0.161830557937322));
#1904=CARTESIAN_POINT('Ctrl Pts',(-50.0094545303375,-37.0094545303375,0.204859919042875));
#1905=CARTESIAN_POINT('Ctrl Pts',(-49.9437327149153,-37.0418854184783,0.187490211819086));
#1906=CARTESIAN_POINT('Ctrl Pts',(-49.7967435898805,-37.0960999033119,0.154211260074248));
#1907=CARTESIAN_POINT('Ctrl Pts',(-49.4341036065674,-37.1540961515801,0.0994187175787066));
#1908=CARTESIAN_POINT('Ctrl Pts',(-49.2119888048937,-37.1608301368016,0.0910963134918397));
#1909=CARTESIAN_POINT('Ctrl Pts',(-49.1001057079816,-37.1540217355918,0.0868181871655027));
#1910=CARTESIAN_POINT('Ctrl Pts',(-49.8171143252435,-36.8171143252434,0.0479487343837975));
#1911=CARTESIAN_POINT('Ctrl Pts',(-49.7518833697213,-36.8528602773991,0.0413738162269068));
#1912=CARTESIAN_POINT('Ctrl Pts',(-49.6033522521434,-36.9121145570456,0.0266984397617163));
#1913=CARTESIAN_POINT('Ctrl Pts',(-49.3434696099967,-36.9807687511341,0.0173022030486994));
#1914=CARTESIAN_POINT('Ctrl Pts',(-49.1854934525116,-36.9910932068318,0.0178729866485303));
#1915=CARTESIAN_POINT('Ctrl Pts',(-49.1001057079816,-36.9832538480312,0.0160838121201174));
#1916=CARTESIAN_POINT('Ctrl Pts',(-49.6629502240099,-36.6629502240099,0.));
#1917=CARTESIAN_POINT('Ctrl Pts',(-49.6124574403725,-36.7058936169774,0.));
#1918=CARTESIAN_POINT('Ctrl Pts',(-49.5007854502676,-36.7809072987024,4.2939083120734E-18));
#1919=CARTESIAN_POINT('Ctrl Pts',(-49.3058771587042,-36.8528208845722,-1.50286790922569E-17));
#1920=CARTESIAN_POINT('Ctrl Pts',(-49.1691128847899,-36.8644802195876,3.22043123405505E-17));
#1921=CARTESIAN_POINT('Ctrl Pts',(-49.1001057079816,-36.8610865238198,3.46944695195361E-17));
#1922=CARTESIAN_POINT('Ctrl Pts',(-49.5950057079815,-36.5950057079815,0.));
#1923=CARTESIAN_POINT('Ctrl Pts',(-49.551817535641,-36.6381938803221,0.));
#1924=CARTESIAN_POINT('Ctrl Pts',(-49.4540739822546,-36.7131949233707,-3.65213382046765E-33));
#1925=CARTESIAN_POINT('Ctrl Pts',(-49.2833318825922,-36.7839186167189,1.27824683716368E-32));
#1926=CARTESIAN_POINT('Ctrl Pts',(-49.1611830070397,-36.8,-2.73910036535074E-32));
#1927=CARTESIAN_POINT('Ctrl Pts',(-49.1001057079816,-36.8,0.));
#1928=CARTESIAN_POINT('',(-50.1158110538761,-37.1158110538761,0.384188946123888));
#1929=CARTESIAN_POINT('',(-49.1001057079816,-37.2949747468306,0.205025253169417));
#1930=CARTESIAN_POINT('Ctrl Pts',(-50.1158110538761,-37.1158110538761,0.384188946123888));
#1931=CARTESIAN_POINT('Ctrl Pts',(-50.049496153982,-37.1489685038232,0.35103149617684));
#1932=CARTESIAN_POINT('Ctrl Pts',(-49.906057664466,-37.2039955717696,0.296004428230444));
#1933=CARTESIAN_POINT('Ctrl Pts',(-49.5290281220533,-37.2786311382477,0.221368861752297));
#1934=CARTESIAN_POINT('Ctrl Pts',(-49.235982440356,-37.2949747468306,0.205025253169417));
#1935=CARTESIAN_POINT('Ctrl Pts',(-49.1001057079816,-37.2949747468306,0.205025253169417));
#1936=CARTESIAN_POINT('',(-49.5950057079815,-36.5950057079815,0.));
#1937=CARTESIAN_POINT('Ctrl Pts',(-50.1158110538761,-37.1158110538761,0.384188946123888));
#1938=CARTESIAN_POINT('Ctrl Pts',(-50.0826536039291,-37.0826536039291,0.317874046229792));
#1939=CARTESIAN_POINT('Ctrl Pts',(-50.0094545303375,-37.0094545303375,0.204859919042875));
#1940=CARTESIAN_POINT('Ctrl Pts',(-49.8171143252435,-36.8171143252434,0.0479487343837975));
#1941=CARTESIAN_POINT('Ctrl Pts',(-49.6629502240099,-36.6629502240099,0.));
#1942=CARTESIAN_POINT('Ctrl Pts',(-49.5950057079815,-36.5950057079815,0.));
#1943=CARTESIAN_POINT('',(-49.1001057079816,-36.8,0.));
#1944=CARTESIAN_POINT('Origin',(-49.1001057079816,-36.1001057079816,0.));
#1945=CARTESIAN_POINT('Origin',(-49.1001057079816,-36.8,0.7));
#1946=CARTESIAN_POINT('Ctrl Pts',(-50.1158110538761,-37.1158110538761,0.384188946123888));
#1947=CARTESIAN_POINT('Ctrl Pts',(-50.0826536039291,-37.0826536039291,0.317874046229792));
#1948=CARTESIAN_POINT('Ctrl Pts',(-50.0094545303375,-37.0094545303375,0.204859919042875));
#1949=CARTESIAN_POINT('Ctrl Pts',(-49.8171143252435,-36.8171143252434,0.0479487343837975));
#1950=CARTESIAN_POINT('Ctrl Pts',(-49.6629502240099,-36.6629502240099,0.));
#1951=CARTESIAN_POINT('Ctrl Pts',(-49.5950057079815,-36.5950057079815,0.));
#1952=CARTESIAN_POINT('Ctrl Pts',(-50.1489685038232,-37.049496153982,0.35103149617684));
#1953=CARTESIAN_POINT('Ctrl Pts',(-50.1154005802604,-37.0169160157288,0.29150760679933));
#1954=CARTESIAN_POINT('Ctrl Pts',(-50.0418854184783,-36.9437327149153,0.187490211819086));
#1955=CARTESIAN_POINT('Ctrl Pts',(-49.8528602773991,-36.7518833697213,0.0413738162269069));
#1956=CARTESIAN_POINT('Ctrl Pts',(-49.7058936169774,-36.6124574403725,0.));
#1957=CARTESIAN_POINT('Ctrl Pts',(-49.6381938803221,-36.551817535641,0.));
#1958=CARTESIAN_POINT('Ctrl Pts',(-50.2039955717696,-36.906057664466,0.296004428230444));
#1959=CARTESIAN_POINT('Ctrl Pts',(-50.1706120938858,-36.8735447931293,0.246028858154746));
#1960=CARTESIAN_POINT('Ctrl Pts',(-50.096099903312,-36.7967435898805,0.154211260074248));
#1961=CARTESIAN_POINT('Ctrl Pts',(-49.9121145570456,-36.6033522521434,0.0266984397617163));
#1962=CARTESIAN_POINT('Ctrl Pts',(-49.7809072987025,-36.5007854502676,0.));
#1963=CARTESIAN_POINT('Ctrl Pts',(-49.7131949233707,-36.4540739822546,0.));
#1964=CARTESIAN_POINT('Ctrl Pts',(-50.2786311382477,-36.5290281220532,0.221368861752297));
#1965=CARTESIAN_POINT('Ctrl Pts',(-50.241373388778,-36.5006297935108,0.178621200517331));
#1966=CARTESIAN_POINT('Ctrl Pts',(-50.1540961515801,-36.4341036065674,0.0994187175787067));
#1967=CARTESIAN_POINT('Ctrl Pts',(-49.9807687511341,-36.3434696099967,0.017302203048699));
#1968=CARTESIAN_POINT('Ctrl Pts',(-49.8528208845722,-36.3058771587042,0.));
#1969=CARTESIAN_POINT('Ctrl Pts',(-49.7839186167189,-36.2833318825922,0.));
#1970=CARTESIAN_POINT('Ctrl Pts',(-50.2949747468306,-36.235982440356,0.205025253169418));
#1971=CARTESIAN_POINT('Ctrl Pts',(-50.2541797568892,-36.2284337330019,0.164230263227994));
#1972=CARTESIAN_POINT('Ctrl Pts',(-50.1608301368016,-36.2119888048937,0.0910963134918397));
#1973=CARTESIAN_POINT('Ctrl Pts',(-49.9910932068319,-36.1854934525116,0.0178729866485304));
#1974=CARTESIAN_POINT('Ctrl Pts',(-49.8644802195876,-36.1691128847899,-3.46944695195361E-17));
#1975=CARTESIAN_POINT('Ctrl Pts',(-49.8,-36.1611830070397,0.));
#1976=CARTESIAN_POINT('Ctrl Pts',(-50.2949747468306,-36.1001057079815,0.205025253169418));
#1977=CARTESIAN_POINT('Ctrl Pts',(-50.2517800515985,-36.1001057079815,0.161830557937322));
#1978=CARTESIAN_POINT('Ctrl Pts',(-50.1540217355917,-36.1001057079816,0.0868181871655026));
#1979=CARTESIAN_POINT('Ctrl Pts',(-49.9832538480312,-36.1001057079816,0.0160838121201175));
#1980=CARTESIAN_POINT('Ctrl Pts',(-49.8610865238198,-36.1001057079816,-3.46944695195361E-17));
#1981=CARTESIAN_POINT('Ctrl Pts',(-49.8,-36.1001057079816,0.));
#1982=CARTESIAN_POINT('',(-50.2949747468306,-36.1001057079815,0.205025253169418));
#1983=CARTESIAN_POINT('Ctrl Pts',(-50.1158110538761,-37.1158110538761,0.384188946123888));
#1984=CARTESIAN_POINT('Ctrl Pts',(-50.1489685038232,-37.049496153982,0.35103149617684));
#1985=CARTESIAN_POINT('Ctrl Pts',(-50.2039955717695,-36.906057664466,0.296004428230444));
#1986=CARTESIAN_POINT('Ctrl Pts',(-50.2786311382477,-36.5290281220533,0.221368861752297));
#1987=CARTESIAN_POINT('Ctrl Pts',(-50.2949747468306,-36.235982440356,0.205025253169418));
#1988=CARTESIAN_POINT('Ctrl Pts',(-50.2949747468306,-36.1001057079816,0.205025253169418));
#1989=CARTESIAN_POINT('',(-49.8,-36.1001057079816,0.));
#1990=CARTESIAN_POINT('Origin',(-49.8,-36.1001057079816,0.7));
#1991=CARTESIAN_POINT('Origin',(-49.1001057079816,-36.1001057079816,0.));
#1992=CARTESIAN_POINT('Ctrl Pts',(-50.1158110538761,-37.1158110538761,0.384188946123888));
#1993=CARTESIAN_POINT('Ctrl Pts',(-50.1489685038232,-37.049496153982,0.35103149617684));
#1994=CARTESIAN_POINT('Ctrl Pts',(-50.2039955717695,-36.906057664466,0.296004428230444));
#1995=CARTESIAN_POINT('Ctrl Pts',(-50.2786311382477,-36.5290281220533,0.221368861752297));
#1996=CARTESIAN_POINT('Ctrl Pts',(-50.2949747468306,-36.235982440356,0.205025253169418));
#1997=CARTESIAN_POINT('Ctrl Pts',(-50.2949747468306,-36.1001057079816,0.205025253169418));
#1998=CARTESIAN_POINT('Ctrl Pts',(-50.1821259537702,-37.0826536039291,0.417346396070936));
#1999=CARTESIAN_POINT('Ctrl Pts',(-50.2084923932007,-37.0169160157288,0.384599419739645));
#2000=CARTESIAN_POINT('Ctrl Pts',(-50.2539711418452,-36.8735447931293,0.329387906114246));
#2001=CARTESIAN_POINT('Ctrl Pts',(-50.3213787994827,-36.5006297935108,0.25862661122194));
#2002=CARTESIAN_POINT('Ctrl Pts',(-50.335769736772,-36.2284337330019,0.245820243110841));
#2003=CARTESIAN_POINT('Ctrl Pts',(-50.3381694420627,-36.1001057079816,0.248219948401513));
#2004=CARTESIAN_POINT('Ctrl Pts',(-50.2951400809571,-37.0094545303374,0.490545469662565));
#2005=CARTESIAN_POINT('Ctrl Pts',(-50.3125097881809,-36.9437327149153,0.458114581521743));
#2006=CARTESIAN_POINT('Ctrl Pts',(-50.3457887399258,-36.7967435898805,0.403900096688068));
#2007=CARTESIAN_POINT('Ctrl Pts',(-50.4005812824213,-36.4341036065674,0.345903848419869));
#2008=CARTESIAN_POINT('Ctrl Pts',(-50.4089036865082,-36.2119888048937,0.339169863198393));
#2009=CARTESIAN_POINT('Ctrl Pts',(-50.4131818128345,-36.1001057079815,0.345978264408264));
#2010=CARTESIAN_POINT('Ctrl Pts',(-50.4520512656162,-36.8171143252434,0.682885674756548));
#2011=CARTESIAN_POINT('Ctrl Pts',(-50.4586261837731,-36.7518833697213,0.647139722600937));
#2012=CARTESIAN_POINT('Ctrl Pts',(-50.4733015602383,-36.6033522521434,0.587885442954374));
#2013=CARTESIAN_POINT('Ctrl Pts',(-50.4826977969513,-36.3434696099967,0.519231248865919));
#2014=CARTESIAN_POINT('Ctrl Pts',(-50.4821270133515,-36.1854934525116,0.508906793168153));
#2015=CARTESIAN_POINT('Ctrl Pts',(-50.4839161878799,-36.1001057079816,0.516746151968817));
#2016=CARTESIAN_POINT('Ctrl Pts',(-50.5,-36.6629502240099,0.83704977599013));
#2017=CARTESIAN_POINT('Ctrl Pts',(-50.5,-36.6124574403725,0.794106383022577));
#2018=CARTESIAN_POINT('Ctrl Pts',(-50.5,-36.5007854502676,0.719092701297559));
#2019=CARTESIAN_POINT('Ctrl Pts',(-50.5,-36.3058771587042,0.647179115427816));
#2020=CARTESIAN_POINT('Ctrl Pts',(-50.5,-36.1691128847899,0.635519780412434));
#2021=CARTESIAN_POINT('Ctrl Pts',(-50.5,-36.1001057079816,0.638913476180201));
#2022=CARTESIAN_POINT('Ctrl Pts',(-50.5,-36.5950057079816,0.904994292018446));
#2023=CARTESIAN_POINT('Ctrl Pts',(-50.5,-36.551817535641,0.861806119677847));
#2024=CARTESIAN_POINT('Ctrl Pts',(-50.5,-36.4540739822546,0.786805076629322));
#2025=CARTESIAN_POINT('Ctrl Pts',(-50.5,-36.2833318825922,0.716081383281098));
#2026=CARTESIAN_POINT('Ctrl Pts',(-50.5,-36.1611830070397,0.700000000000002));
#2027=CARTESIAN_POINT('Ctrl Pts',(-50.5,-36.1001057079816,0.700000000000002));
#2028=CARTESIAN_POINT('',(-50.5,-36.5950057079816,0.904994292018446));
#2029=CARTESIAN_POINT('Ctrl Pts',(-50.1158110538761,-37.1158110538761,0.384188946123888));
#2030=CARTESIAN_POINT('Ctrl Pts',(-50.1821259537702,-37.0826536039291,0.417346396070936));
#2031=CARTESIAN_POINT('Ctrl Pts',(-50.2951400809571,-37.0094545303374,0.490545469662565));
#2032=CARTESIAN_POINT('Ctrl Pts',(-50.4520512656162,-36.8171143252434,0.682885674756548));
#2033=CARTESIAN_POINT('Ctrl Pts',(-50.5,-36.6629502240099,0.83704977599013));
#2034=CARTESIAN_POINT('Ctrl Pts',(-50.5,-36.5950057079816,0.904994292018446));
#2035=CARTESIAN_POINT('',(-50.5,-36.1001057079816,0.7));
#2036=CARTESIAN_POINT('Origin',(-50.5,-36.1001057079816,1.39989429201845));
#2037=CARTESIAN_POINT('Origin',(-49.8,-36.1001057079816,0.7));
#2038=CARTESIAN_POINT('Ctrl Pts',(-50.1158110538761,-37.1158110538761,0.384188946123888));
#2039=CARTESIAN_POINT('Ctrl Pts',(-50.1821259537702,-37.0826536039291,0.417346396070936));
#2040=CARTESIAN_POINT('Ctrl Pts',(-50.2951400809571,-37.0094545303374,0.490545469662565));
#2041=CARTESIAN_POINT('Ctrl Pts',(-50.4520512656162,-36.8171143252434,0.682885674756548));
#2042=CARTESIAN_POINT('Ctrl Pts',(-50.5,-36.6629502240099,0.83704977599013));
#2043=CARTESIAN_POINT('Ctrl Pts',(-50.5,-36.5950057079816,0.904994292018446));
#2044=CARTESIAN_POINT('Ctrl Pts',(-50.1489685038232,-37.1489685038232,0.450503846017984));
#2045=CARTESIAN_POINT('Ctrl Pts',(-50.2084923932007,-37.1154005802604,0.483083984271163));
#2046=CARTESIAN_POINT('Ctrl Pts',(-50.3125097881809,-37.0418854184783,0.556267285084726));
#2047=CARTESIAN_POINT('Ctrl Pts',(-50.4586261837731,-36.8528602773991,0.748116630278686));
#2048=CARTESIAN_POINT('Ctrl Pts',(-50.5,-36.7058936169774,0.887542559627496));
#2049=CARTESIAN_POINT('Ctrl Pts',(-50.5,-36.6381938803222,0.948182464359046));
#2050=CARTESIAN_POINT('Ctrl Pts',(-50.2039955717696,-37.2039955717695,0.593942335533968));
#2051=CARTESIAN_POINT('Ctrl Pts',(-50.2539711418453,-37.1706120938857,0.626455206870727));
#2052=CARTESIAN_POINT('Ctrl Pts',(-50.3457887399258,-37.0960999033119,0.703256410119554));
#2053=CARTESIAN_POINT('Ctrl Pts',(-50.4733015602383,-36.9121145570456,0.89664774785656));
#2054=CARTESIAN_POINT('Ctrl Pts',(-50.5,-36.7809072987024,0.999214549732429));
#2055=CARTESIAN_POINT('Ctrl Pts',(-50.5,-36.7131949233707,1.04592601774542));
#2056=CARTESIAN_POINT('Ctrl Pts',(-50.2786311382477,-37.2786311382477,0.970971877946732));
#2057=CARTESIAN_POINT('Ctrl Pts',(-50.3213787994827,-37.2413733887781,0.999370206489184));
#2058=CARTESIAN_POINT('Ctrl Pts',(-50.4005812824213,-37.1540961515801,1.06589639343262));
#2059=CARTESIAN_POINT('Ctrl Pts',(-50.4826977969512,-36.980768751134,1.15653039000329));
#2060=CARTESIAN_POINT('Ctrl Pts',(-50.5,-36.8528208845722,1.19412284129584));
#2061=CARTESIAN_POINT('Ctrl Pts',(-50.5,-36.7839186167189,1.21666811740782));
#2062=CARTESIAN_POINT('Ctrl Pts',(-50.2949747468306,-37.2949747468306,1.26401755964397));
#2063=CARTESIAN_POINT('Ctrl Pts',(-50.335769736772,-37.2541797568892,1.27156626699811));
#2064=CARTESIAN_POINT('Ctrl Pts',(-50.4089036865082,-37.1608301368016,1.28801119510631));
#2065=CARTESIAN_POINT('Ctrl Pts',(-50.4821270133515,-36.9910932068318,1.3145065474884));
#2066=CARTESIAN_POINT('Ctrl Pts',(-50.5,-36.8644802195876,1.33088711521007));
#2067=CARTESIAN_POINT('Ctrl Pts',(-50.5,-36.8,1.33881699296026));
#2068=CARTESIAN_POINT('Ctrl Pts',(-50.2949747468306,-37.2949747468306,1.39989429201845));
#2069=CARTESIAN_POINT('Ctrl Pts',(-50.3381694420627,-37.2517800515985,1.39989429201845));
#2070=CARTESIAN_POINT('Ctrl Pts',(-50.4131818128345,-37.1540217355917,1.39989429201845));
#2071=CARTESIAN_POINT('Ctrl Pts',(-50.4839161878799,-36.9832538480312,1.39989429201845));
#2072=CARTESIAN_POINT('Ctrl Pts',(-50.5,-36.8610865238198,1.39989429201845));
#2073=CARTESIAN_POINT('Ctrl Pts',(-50.5,-36.8,1.39989429201845));
#2074=CARTESIAN_POINT('',(-50.2949747468306,-37.2949747468306,1.39989429201845));
#2075=CARTESIAN_POINT('Ctrl Pts',(-50.1158110538761,-37.1158110538761,0.384188946123888));
#2076=CARTESIAN_POINT('Ctrl Pts',(-50.1489685038232,-37.1489685038232,0.450503846017984));
#2077=CARTESIAN_POINT('Ctrl Pts',(-50.2039955717696,-37.2039955717695,0.593942335533968));
#2078=CARTESIAN_POINT('Ctrl Pts',(-50.2786311382477,-37.2786311382477,0.970971877946732));
#2079=CARTESIAN_POINT('Ctrl Pts',(-50.2949747468306,-37.2949747468306,1.26401755964397));
#2080=CARTESIAN_POINT('Ctrl Pts',(-50.2949747468306,-37.2949747468306,1.39989429201845));
#2081=CARTESIAN_POINT('',(-50.5,-36.8,1.39989429201845));
#2082=CARTESIAN_POINT('Origin',(-49.8,-36.8,1.39989429201845));
#2083=CARTESIAN_POINT('Origin',(-50.5,-36.1001057079816,1.39989429201845));
#2084=CARTESIAN_POINT('Ctrl Pts',(-50.1158110538761,-37.1158110538761,0.384188946123888));
#2085=CARTESIAN_POINT('Ctrl Pts',(-50.1489685038232,-37.1489685038232,0.450503846017984));
#2086=CARTESIAN_POINT('Ctrl Pts',(-50.2039955717696,-37.2039955717695,0.593942335533968));
#2087=CARTESIAN_POINT('Ctrl Pts',(-50.2786311382477,-37.2786311382477,0.970971877946732));
#2088=CARTESIAN_POINT('Ctrl Pts',(-50.2949747468306,-37.2949747468306,1.26401755964397));
#2089=CARTESIAN_POINT('Ctrl Pts',(-50.2949747468306,-37.2949747468306,1.39989429201845));
#2090=CARTESIAN_POINT('Ctrl Pts',(-50.0826536039291,-37.1821259537702,0.417346396070936));
#2091=CARTESIAN_POINT('Ctrl Pts',(-50.1154005802604,-37.2084923932007,0.483083984271163));
#2092=CARTESIAN_POINT('Ctrl Pts',(-50.1706120938858,-37.2539711418452,0.626455206870727));
#2093=CARTESIAN_POINT('Ctrl Pts',(-50.2413733887781,-37.3213787994827,0.999370206489184));
#2094=CARTESIAN_POINT('Ctrl Pts',(-50.2541797568892,-37.335769736772,1.27156626699811));
#2095=CARTESIAN_POINT('Ctrl Pts',(-50.2517800515985,-37.3381694420627,1.39989429201845));
#2096=CARTESIAN_POINT('Ctrl Pts',(-50.0094545303375,-37.2951400809571,0.490545469662564));
#2097=CARTESIAN_POINT('Ctrl Pts',(-50.0418854184783,-37.3125097881809,0.556267285084726));
#2098=CARTESIAN_POINT('Ctrl Pts',(-50.096099903312,-37.3457887399258,0.703256410119554));
#2099=CARTESIAN_POINT('Ctrl Pts',(-50.1540961515801,-37.4005812824213,1.06589639343262));
#2100=CARTESIAN_POINT('Ctrl Pts',(-50.1608301368016,-37.4089036865082,1.28801119510632));
#2101=CARTESIAN_POINT('Ctrl Pts',(-50.1540217355917,-37.4131818128345,1.39989429201845));
#2102=CARTESIAN_POINT('Ctrl Pts',(-49.8171143252434,-37.4520512656162,0.682885674756547));
#2103=CARTESIAN_POINT('Ctrl Pts',(-49.852860277399,-37.4586261837731,0.748116630278684));
#2104=CARTESIAN_POINT('Ctrl Pts',(-49.9121145570457,-37.4733015602383,0.89664774785656));
#2105=CARTESIAN_POINT('Ctrl Pts',(-49.9807687511341,-37.4826977969513,1.15653039000329));
#2106=CARTESIAN_POINT('Ctrl Pts',(-49.9910932068318,-37.4821270133515,1.3145065474884));
#2107=CARTESIAN_POINT('Ctrl Pts',(-49.9832538480312,-37.4839161878799,1.39989429201845));
#2108=CARTESIAN_POINT('Ctrl Pts',(-49.6629502240099,-37.5,0.837049775990129));
#2109=CARTESIAN_POINT('Ctrl Pts',(-49.7058936169774,-37.5,0.887542559627495));
#2110=CARTESIAN_POINT('Ctrl Pts',(-49.7809072987025,-37.5,0.999214549732429));
#2111=CARTESIAN_POINT('Ctrl Pts',(-49.8528208845722,-37.5,1.19412284129584));
#2112=CARTESIAN_POINT('Ctrl Pts',(-49.8644802195876,-37.5,1.33088711521007));
#2113=CARTESIAN_POINT('Ctrl Pts',(-49.8610865238198,-37.5,1.39989429201845));
#2114=CARTESIAN_POINT('Ctrl Pts',(-49.5950057079816,-37.5,0.904994292018446));
#2115=CARTESIAN_POINT('Ctrl Pts',(-49.6381938803222,-37.5,0.948182464359045));
#2116=CARTESIAN_POINT('Ctrl Pts',(-49.7131949233707,-37.5,1.04592601774542));
#2117=CARTESIAN_POINT('Ctrl Pts',(-49.7839186167189,-37.5,1.21666811740782));
#2118=CARTESIAN_POINT('Ctrl Pts',(-49.8,-37.5,1.33881699296026));
#2119=CARTESIAN_POINT('Ctrl Pts',(-49.8,-37.5,1.39989429201845));
#2120=CARTESIAN_POINT('',(-49.5950057079816,-37.5,0.904994292018446));
#2121=CARTESIAN_POINT('Ctrl Pts',(-50.1158110538761,-37.1158110538761,0.384188946123888));
#2122=CARTESIAN_POINT('Ctrl Pts',(-50.0826536039291,-37.1821259537702,0.417346396070936));
#2123=CARTESIAN_POINT('Ctrl Pts',(-50.0094545303375,-37.2951400809571,0.490545469662564));
#2124=CARTESIAN_POINT('Ctrl Pts',(-49.8171143252434,-37.4520512656162,0.682885674756547));
#2125=CARTESIAN_POINT('Ctrl Pts',(-49.6629502240099,-37.5,0.837049775990129));
#2126=CARTESIAN_POINT('Ctrl Pts',(-49.5950057079816,-37.5,0.904994292018446));
#2127=CARTESIAN_POINT('',(-49.8,-37.5,1.39989429201845));
#2128=CARTESIAN_POINT('Origin',(-49.1001057079816,-37.5,1.39989429201845));
#2129=CARTESIAN_POINT('Origin',(-49.8,-36.8,1.39989429201845));
#2130=CARTESIAN_POINT('Ctrl Pts',(50.1158110538761,-37.1158110538761,0.384188946123888));
#2131=CARTESIAN_POINT('Ctrl Pts',(50.1489685038232,-37.049496153982,0.35103149617684));
#2132=CARTESIAN_POINT('Ctrl Pts',(50.2039955717696,-36.906057664466,0.296004428230444));
#2133=CARTESIAN_POINT('Ctrl Pts',(50.2786311382477,-36.5290281220533,0.221368861752296));
#2134=CARTESIAN_POINT('Ctrl Pts',(50.2949747468306,-36.235982440356,0.205025253169416));
#2135=CARTESIAN_POINT('Ctrl Pts',(50.2949747468306,-36.1001057079816,0.205025253169417));
#2136=CARTESIAN_POINT('Ctrl Pts',(50.0826536039291,-37.0826536039291,0.317874046229792));
#2137=CARTESIAN_POINT('Ctrl Pts',(50.1154005802604,-37.0169160157288,0.291507606799329));
#2138=CARTESIAN_POINT('Ctrl Pts',(50.1706120938858,-36.8735447931293,0.246028858154746));
#2139=CARTESIAN_POINT('Ctrl Pts',(50.2413733887781,-36.5006297935108,0.17862120051733));
#2140=CARTESIAN_POINT('Ctrl Pts',(50.2541797568892,-36.2284337330019,0.164230263227993));
#2141=CARTESIAN_POINT('Ctrl Pts',(50.2517800515985,-36.1001057079816,0.161830557937321));
#2142=CARTESIAN_POINT('Ctrl Pts',(50.0094545303375,-37.0094545303375,0.204859919042875));
#2143=CARTESIAN_POINT('Ctrl Pts',(50.0418854184783,-36.9437327149153,0.187490211819086));
#2144=CARTESIAN_POINT('Ctrl Pts',(50.096099903312,-36.7967435898805,0.154211260074247));
#2145=CARTESIAN_POINT('Ctrl Pts',(50.1540961515801,-36.4341036065673,0.099418717578706));
#2146=CARTESIAN_POINT('Ctrl Pts',(50.1608301368016,-36.2119888048937,0.0910963134918392));
#2147=CARTESIAN_POINT('Ctrl Pts',(50.1540217355918,-36.1001057079816,0.0868181871655022));
#2148=CARTESIAN_POINT('Ctrl Pts',(49.8171143252435,-36.8171143252435,0.0479487343837975));
#2149=CARTESIAN_POINT('Ctrl Pts',(49.8528602773991,-36.7518833697213,0.0413738162269069));
#2150=CARTESIAN_POINT('Ctrl Pts',(49.9121145570456,-36.6033522521434,0.026698439761716));
#2151=CARTESIAN_POINT('Ctrl Pts',(49.9807687511341,-36.3434696099967,0.0173022030486994));
#2152=CARTESIAN_POINT('Ctrl Pts',(49.9910932068318,-36.1854934525116,0.0178729866485303));
#2153=CARTESIAN_POINT('Ctrl Pts',(49.9832538480312,-36.1001057079815,0.0160838121201174));
#2154=CARTESIAN_POINT('Ctrl Pts',(49.6629502240099,-36.6629502240099,0.));
#2155=CARTESIAN_POINT('Ctrl Pts',(49.7058936169774,-36.6124574403725,0.));
#2156=CARTESIAN_POINT('Ctrl Pts',(49.7809072987025,-36.5007854502676,4.32688092329398E-18));
#2157=CARTESIAN_POINT('Ctrl Pts',(49.8528208845722,-36.3058771587042,-1.51440832315289E-17));
#2158=CARTESIAN_POINT('Ctrl Pts',(49.8644802195876,-36.1691128847899,3.24516069247048E-17));
#2159=CARTESIAN_POINT('Ctrl Pts',(49.8610865238198,-36.1001057079816,3.46944695195361E-17));
#2160=CARTESIAN_POINT('Ctrl Pts',(49.5950057079816,-36.5950057079815,0.));
#2161=CARTESIAN_POINT('Ctrl Pts',(49.6381938803221,-36.551817535641,0.));
#2162=CARTESIAN_POINT('Ctrl Pts',(49.7131949233707,-36.4540739822546,-3.65213382046765E-33));
#2163=CARTESIAN_POINT('Ctrl Pts',(49.7839186167189,-36.2833318825922,1.27824683716368E-32));
#2164=CARTESIAN_POINT('Ctrl Pts',(49.8,-36.1611830070397,-2.73910036535074E-32));
#2165=CARTESIAN_POINT('Ctrl Pts',(49.8,-36.1001057079816,0.));
#2166=CARTESIAN_POINT('',(50.1158110538761,-37.1158110538761,0.384188946123888));
#2167=CARTESIAN_POINT('',(50.2949747468306,-36.1001057079816,0.205025253169416));
#2168=CARTESIAN_POINT('Ctrl Pts',(50.1158110538761,-37.1158110538761,0.384188946123888));
#2169=CARTESIAN_POINT('Ctrl Pts',(50.1489685038232,-37.049496153982,0.35103149617684));
#2170=CARTESIAN_POINT('Ctrl Pts',(50.2039955717696,-36.906057664466,0.296004428230444));
#2171=CARTESIAN_POINT('Ctrl Pts',(50.2786311382477,-36.5290281220533,0.221368861752296));
#2172=CARTESIAN_POINT('Ctrl Pts',(50.2949747468306,-36.235982440356,0.205025253169416));
#2173=CARTESIAN_POINT('Ctrl Pts',(50.2949747468306,-36.1001057079816,0.205025253169417));
#2174=CARTESIAN_POINT('',(49.5950057079816,-36.5950057079815,0.));
#2175=CARTESIAN_POINT('Ctrl Pts',(50.1158110538761,-37.1158110538761,0.384188946123888));
#2176=CARTESIAN_POINT('Ctrl Pts',(50.0826536039291,-37.0826536039291,0.317874046229792));
#2177=CARTESIAN_POINT('Ctrl Pts',(50.0094545303375,-37.0094545303375,0.204859919042875));
#2178=CARTESIAN_POINT('Ctrl Pts',(49.8171143252435,-36.8171143252435,0.0479487343837975));
#2179=CARTESIAN_POINT('Ctrl Pts',(49.6629502240099,-36.6629502240099,0.));
#2180=CARTESIAN_POINT('Ctrl Pts',(49.5950057079816,-36.5950057079815,0.));
#2181=CARTESIAN_POINT('',(49.8,-36.1001057079816,0.));
#2182=CARTESIAN_POINT('Origin',(49.1001057079816,-36.1001057079816,0.));
#2183=CARTESIAN_POINT('Origin',(49.8,-36.1001057079816,0.7));
#2184=CARTESIAN_POINT('Ctrl Pts',(50.1158110538761,-37.1158110538761,0.384188946123888));
#2185=CARTESIAN_POINT('Ctrl Pts',(50.0826536039291,-37.0826536039291,0.317874046229792));
#2186=CARTESIAN_POINT('Ctrl Pts',(50.0094545303375,-37.0094545303375,0.204859919042875));
#2187=CARTESIAN_POINT('Ctrl Pts',(49.8171143252435,-36.8171143252435,0.0479487343837975));
#2188=CARTESIAN_POINT('Ctrl Pts',(49.6629502240099,-36.6629502240099,0.));
#2189=CARTESIAN_POINT('Ctrl Pts',(49.5950057079816,-36.5950057079815,0.));
#2190=CARTESIAN_POINT('Ctrl Pts',(50.049496153982,-37.1489685038232,0.35103149617684));
#2191=CARTESIAN_POINT('Ctrl Pts',(50.0169160157289,-37.1154005802604,0.291507606799329));
#2192=CARTESIAN_POINT('Ctrl Pts',(49.9437327149153,-37.0418854184783,0.187490211819086));
#2193=CARTESIAN_POINT('Ctrl Pts',(49.7518833697213,-36.8528602773991,0.0413738162269069));
#2194=CARTESIAN_POINT('Ctrl Pts',(49.6124574403725,-36.7058936169774,0.));
#2195=CARTESIAN_POINT('Ctrl Pts',(49.551817535641,-36.6381938803221,0.));
#2196=CARTESIAN_POINT('Ctrl Pts',(49.906057664466,-37.2039955717696,0.296004428230444));
#2197=CARTESIAN_POINT('Ctrl Pts',(49.8735447931293,-37.1706120938858,0.246028858154746));
#2198=CARTESIAN_POINT('Ctrl Pts',(49.7967435898805,-37.0960999033119,0.154211260074248));
#2199=CARTESIAN_POINT('Ctrl Pts',(49.6033522521434,-36.9121145570456,0.0266984397617163));
#2200=CARTESIAN_POINT('Ctrl Pts',(49.5007854502676,-36.7809072987024,0.));
#2201=CARTESIAN_POINT('Ctrl Pts',(49.4540739822546,-36.7131949233707,0.));
#2202=CARTESIAN_POINT('Ctrl Pts',(49.5290281220533,-37.2786311382477,0.221368861752297));
#2203=CARTESIAN_POINT('Ctrl Pts',(49.5006297935108,-37.2413733887781,0.178621200517331));
#2204=CARTESIAN_POINT('Ctrl Pts',(49.4341036065674,-37.1540961515801,0.0994187175787067));
#2205=CARTESIAN_POINT('Ctrl Pts',(49.3434696099967,-36.9807687511341,0.017302203048699));
#2206=CARTESIAN_POINT('Ctrl Pts',(49.3058771587042,-36.8528208845722,0.));
#2207=CARTESIAN_POINT('Ctrl Pts',(49.2833318825922,-36.7839186167189,0.));
#2208=CARTESIAN_POINT('Ctrl Pts',(49.235982440356,-37.2949747468306,0.205025253169418));
#2209=CARTESIAN_POINT('Ctrl Pts',(49.2284337330019,-37.2541797568892,0.164230263227994));
#2210=CARTESIAN_POINT('Ctrl Pts',(49.2119888048937,-37.1608301368016,0.0910963134918397));
#2211=CARTESIAN_POINT('Ctrl Pts',(49.1854934525116,-36.9910932068318,0.0178729866485305));
#2212=CARTESIAN_POINT('Ctrl Pts',(49.1691128847899,-36.8644802195876,-3.46944695195361E-17));
#2213=CARTESIAN_POINT('Ctrl Pts',(49.1611830070397,-36.8,0.));
#2214=CARTESIAN_POINT('Ctrl Pts',(49.1001057079816,-37.2949747468306,0.205025253169418));
#2215=CARTESIAN_POINT('Ctrl Pts',(49.1001057079816,-37.2517800515985,0.161830557937322));
#2216=CARTESIAN_POINT('Ctrl Pts',(49.1001057079816,-37.1540217355918,0.0868181871655026));
#2217=CARTESIAN_POINT('Ctrl Pts',(49.1001057079816,-36.9832538480312,0.0160838121201175));
#2218=CARTESIAN_POINT('Ctrl Pts',(49.1001057079816,-36.8610865238198,-3.46944695195361E-17));
#2219=CARTESIAN_POINT('Ctrl Pts',(49.1001057079816,-36.8,0.));
#2220=CARTESIAN_POINT('',(49.1001057079816,-37.2949747468306,0.205025253169418));
#2221=CARTESIAN_POINT('Ctrl Pts',(50.1158110538761,-37.1158110538761,0.384188946123888));
#2222=CARTESIAN_POINT('Ctrl Pts',(50.049496153982,-37.1489685038232,0.35103149617684));
#2223=CARTESIAN_POINT('Ctrl Pts',(49.906057664466,-37.2039955717695,0.296004428230444));
#2224=CARTESIAN_POINT('Ctrl Pts',(49.5290281220533,-37.2786311382477,0.221368861752297));
#2225=CARTESIAN_POINT('Ctrl Pts',(49.235982440356,-37.2949747468306,0.205025253169418));
#2226=CARTESIAN_POINT('Ctrl Pts',(49.1001057079816,-37.2949747468306,0.205025253169418));
#2227=CARTESIAN_POINT('',(49.1001057079816,-36.8,0.));
#2228=CARTESIAN_POINT('Origin',(49.1001057079816,-36.8,0.7));
#2229=CARTESIAN_POINT('Origin',(49.1001057079816,-36.1001057079816,0.));
#2230=CARTESIAN_POINT('Ctrl Pts',(50.1158110538761,-37.1158110538761,0.384188946123888));
#2231=CARTESIAN_POINT('Ctrl Pts',(50.049496153982,-37.1489685038232,0.35103149617684));
#2232=CARTESIAN_POINT('Ctrl Pts',(49.906057664466,-37.2039955717695,0.296004428230444));
#2233=CARTESIAN_POINT('Ctrl Pts',(49.5290281220533,-37.2786311382477,0.221368861752297));
#2234=CARTESIAN_POINT('Ctrl Pts',(49.235982440356,-37.2949747468306,0.205025253169418));
#2235=CARTESIAN_POINT('Ctrl Pts',(49.1001057079816,-37.2949747468306,0.205025253169418));
#2236=CARTESIAN_POINT('Ctrl Pts',(50.0826536039291,-37.1821259537702,0.417346396070936));
#2237=CARTESIAN_POINT('Ctrl Pts',(50.0169160157288,-37.2084923932007,0.384599419739644));
#2238=CARTESIAN_POINT('Ctrl Pts',(49.8735447931293,-37.2539711418452,0.329387906114246));
#2239=CARTESIAN_POINT('Ctrl Pts',(49.5006297935108,-37.3213787994827,0.25862661122194));
#2240=CARTESIAN_POINT('Ctrl Pts',(49.2284337330019,-37.335769736772,0.245820243110841));
#2241=CARTESIAN_POINT('Ctrl Pts',(49.1001057079816,-37.3381694420627,0.248219948401513));
#2242=CARTESIAN_POINT('Ctrl Pts',(50.0094545303375,-37.2951400809571,0.490545469662564));
#2243=CARTESIAN_POINT('Ctrl Pts',(49.9437327149153,-37.3125097881809,0.458114581521743));
#2244=CARTESIAN_POINT('Ctrl Pts',(49.7967435898805,-37.3457887399258,0.403900096688067));
#2245=CARTESIAN_POINT('Ctrl Pts',(49.4341036065674,-37.4005812824213,0.345903848419869));
#2246=CARTESIAN_POINT('Ctrl Pts',(49.2119888048937,-37.4089036865081,0.339169863198393));
#2247=CARTESIAN_POINT('Ctrl Pts',(49.1001057079815,-37.4131818128345,0.345978264408264));
#2248=CARTESIAN_POINT('Ctrl Pts',(49.8171143252435,-37.4520512656162,0.682885674756548));
#2249=CARTESIAN_POINT('Ctrl Pts',(49.7518833697213,-37.4586261837731,0.647139722600936));
#2250=CARTESIAN_POINT('Ctrl Pts',(49.6033522521434,-37.4733015602383,0.587885442954373));
#2251=CARTESIAN_POINT('Ctrl Pts',(49.3434696099967,-37.4826977969513,0.519231248865919));
#2252=CARTESIAN_POINT('Ctrl Pts',(49.1854934525116,-37.4821270133515,0.508906793168153));
#2253=CARTESIAN_POINT('Ctrl Pts',(49.1001057079816,-37.4839161878799,0.516746151968817));
#2254=CARTESIAN_POINT('Ctrl Pts',(49.6629502240099,-37.5,0.83704977599013));
#2255=CARTESIAN_POINT('Ctrl Pts',(49.6124574403725,-37.5,0.794106383022577));
#2256=CARTESIAN_POINT('Ctrl Pts',(49.5007854502676,-37.5,0.719092701297559));
#2257=CARTESIAN_POINT('Ctrl Pts',(49.3058771587042,-37.5,0.647179115427816));
#2258=CARTESIAN_POINT('Ctrl Pts',(49.1691128847899,-37.5,0.635519780412434));
#2259=CARTESIAN_POINT('Ctrl Pts',(49.1001057079816,-37.5,0.638913476180201));
#2260=CARTESIAN_POINT('Ctrl Pts',(49.5950057079816,-37.5,0.904994292018446));
#2261=CARTESIAN_POINT('Ctrl Pts',(49.551817535641,-37.5,0.861806119677847));
#2262=CARTESIAN_POINT('Ctrl Pts',(49.4540739822546,-37.5,0.786805076629322));
#2263=CARTESIAN_POINT('Ctrl Pts',(49.2833318825922,-37.5,0.716081383281098));
#2264=CARTESIAN_POINT('Ctrl Pts',(49.1611830070397,-37.5,0.700000000000002));
#2265=CARTESIAN_POINT('Ctrl Pts',(49.1001057079816,-37.5,0.700000000000002));
#2266=CARTESIAN_POINT('',(49.5950057079816,-37.5,0.904994292018446));
#2267=CARTESIAN_POINT('Ctrl Pts',(50.1158110538761,-37.1158110538761,0.384188946123888));
#2268=CARTESIAN_POINT('Ctrl Pts',(50.0826536039291,-37.1821259537702,0.417346396070936));
#2269=CARTESIAN_POINT('Ctrl Pts',(50.0094545303375,-37.2951400809571,0.490545469662564));
#2270=CARTESIAN_POINT('Ctrl Pts',(49.8171143252435,-37.4520512656162,0.682885674756548));
#2271=CARTESIAN_POINT('Ctrl Pts',(49.6629502240099,-37.5,0.83704977599013));
#2272=CARTESIAN_POINT('Ctrl Pts',(49.5950057079816,-37.5,0.904994292018446));
#2273=CARTESIAN_POINT('',(49.1001057079816,-37.5,0.7));
#2274=CARTESIAN_POINT('Origin',(49.1001057079816,-37.5,1.39989429201845));
#2275=CARTESIAN_POINT('Origin',(49.1001057079816,-36.8,0.7));
#2276=CARTESIAN_POINT('Ctrl Pts',(50.1158110538761,-37.1158110538761,0.384188946123888));
#2277=CARTESIAN_POINT('Ctrl Pts',(50.0826536039291,-37.1821259537702,0.417346396070936));
#2278=CARTESIAN_POINT('Ctrl Pts',(50.0094545303375,-37.2951400809571,0.490545469662564));
#2279=CARTESIAN_POINT('Ctrl Pts',(49.8171143252435,-37.4520512656162,0.682885674756548));
#2280=CARTESIAN_POINT('Ctrl Pts',(49.6629502240099,-37.5,0.83704977599013));
#2281=CARTESIAN_POINT('Ctrl Pts',(49.5950057079816,-37.5,0.904994292018446));
#2282=CARTESIAN_POINT('Ctrl Pts',(50.1489685038232,-37.1489685038232,0.450503846017984));
#2283=CARTESIAN_POINT('Ctrl Pts',(50.1154005802604,-37.2084923932007,0.483083984271163));
#2284=CARTESIAN_POINT('Ctrl Pts',(50.0418854184783,-37.3125097881809,0.556267285084726));
#2285=CARTESIAN_POINT('Ctrl Pts',(49.8528602773991,-37.4586261837731,0.748116630278685));
#2286=CARTESIAN_POINT('Ctrl Pts',(49.7058936169774,-37.5,0.887542559627495));
#2287=CARTESIAN_POINT('Ctrl Pts',(49.6381938803221,-37.5,0.948182464359046));
#2288=CARTESIAN_POINT('Ctrl Pts',(50.2039955717696,-37.2039955717696,0.593942335533967));
#2289=CARTESIAN_POINT('Ctrl Pts',(50.1706120938858,-37.2539711418452,0.626455206870727));
#2290=CARTESIAN_POINT('Ctrl Pts',(50.096099903312,-37.3457887399257,0.703256410119554));
#2291=CARTESIAN_POINT('Ctrl Pts',(49.9121145570456,-37.4733015602383,0.89664774785656));
#2292=CARTESIAN_POINT('Ctrl Pts',(49.7809072987025,-37.5,0.999214549732429));
#2293=CARTESIAN_POINT('Ctrl Pts',(49.7131949233707,-37.5,1.04592601774542));
#2294=CARTESIAN_POINT('Ctrl Pts',(50.2786311382477,-37.2786311382477,0.970971877946732));
#2295=CARTESIAN_POINT('Ctrl Pts',(50.2413733887781,-37.3213787994827,0.999370206489184));
#2296=CARTESIAN_POINT('Ctrl Pts',(50.1540961515801,-37.4005812824213,1.06589639343262));
#2297=CARTESIAN_POINT('Ctrl Pts',(49.9807687511341,-37.4826977969513,1.15653039000329));
#2298=CARTESIAN_POINT('Ctrl Pts',(49.8528208845722,-37.5,1.19412284129584));
#2299=CARTESIAN_POINT('Ctrl Pts',(49.7839186167189,-37.5,1.21666811740782));
#2300=CARTESIAN_POINT('Ctrl Pts',(50.2949747468306,-37.2949747468306,1.26401755964397));
#2301=CARTESIAN_POINT('Ctrl Pts',(50.2541797568892,-37.335769736772,1.27156626699811));
#2302=CARTESIAN_POINT('Ctrl Pts',(50.1608301368016,-37.4089036865082,1.28801119510631));
#2303=CARTESIAN_POINT('Ctrl Pts',(49.9910932068319,-37.4821270133515,1.3145065474884));
#2304=CARTESIAN_POINT('Ctrl Pts',(49.8644802195876,-37.5,1.33088711521007));
#2305=CARTESIAN_POINT('Ctrl Pts',(49.8,-37.5,1.33881699296026));
#2306=CARTESIAN_POINT('Ctrl Pts',(50.2949747468306,-37.2949747468306,1.39989429201845));
#2307=CARTESIAN_POINT('Ctrl Pts',(50.2517800515985,-37.3381694420627,1.39989429201845));
#2308=CARTESIAN_POINT('Ctrl Pts',(50.1540217355917,-37.4131818128345,1.39989429201845));
#2309=CARTESIAN_POINT('Ctrl Pts',(49.9832538480312,-37.4839161878799,1.39989429201845));
#2310=CARTESIAN_POINT('Ctrl Pts',(49.8610865238198,-37.5,1.39989429201845));
#2311=CARTESIAN_POINT('Ctrl Pts',(49.8,-37.5,1.39989429201845));
#2312=CARTESIAN_POINT('',(50.2949747468306,-37.2949747468306,1.39989429201845));
#2313=CARTESIAN_POINT('Ctrl Pts',(50.1158110538761,-37.1158110538761,0.384188946123888));
#2314=CARTESIAN_POINT('Ctrl Pts',(50.1489685038232,-37.1489685038232,0.450503846017984));
#2315=CARTESIAN_POINT('Ctrl Pts',(50.2039955717696,-37.2039955717696,0.593942335533967));
#2316=CARTESIAN_POINT('Ctrl Pts',(50.2786311382477,-37.2786311382477,0.970971877946732));
#2317=CARTESIAN_POINT('Ctrl Pts',(50.2949747468306,-37.2949747468306,1.26401755964397));
#2318=CARTESIAN_POINT('Ctrl Pts',(50.2949747468306,-37.2949747468306,1.39989429201845));
#2319=CARTESIAN_POINT('',(49.8,-37.5,1.39989429201845));
#2320=CARTESIAN_POINT('Origin',(49.8,-36.8,1.39989429201845));
#2321=CARTESIAN_POINT('Origin',(49.1001057079816,-37.5,1.39989429201845));
#2322=CARTESIAN_POINT('Ctrl Pts',(50.1158110538761,-37.1158110538761,0.384188946123888));
#2323=CARTESIAN_POINT('Ctrl Pts',(50.1489685038232,-37.1489685038232,0.450503846017984));
#2324=CARTESIAN_POINT('Ctrl Pts',(50.2039955717696,-37.2039955717696,0.593942335533967));
#2325=CARTESIAN_POINT('Ctrl Pts',(50.2786311382477,-37.2786311382477,0.970971877946732));
#2326=CARTESIAN_POINT('Ctrl Pts',(50.2949747468306,-37.2949747468306,1.26401755964397));
#2327=CARTESIAN_POINT('Ctrl Pts',(50.2949747468306,-37.2949747468306,1.39989429201845));
#2328=CARTESIAN_POINT('Ctrl Pts',(50.1821259537702,-37.0826536039291,0.417346396070936));
#2329=CARTESIAN_POINT('Ctrl Pts',(50.2084923932007,-37.1154005802604,0.483083984271163));
#2330=CARTESIAN_POINT('Ctrl Pts',(50.2539711418452,-37.1706120938857,0.626455206870727));
#2331=CARTESIAN_POINT('Ctrl Pts',(50.3213787994827,-37.2413733887781,0.999370206489184));
#2332=CARTESIAN_POINT('Ctrl Pts',(50.335769736772,-37.2541797568892,1.27156626699811));
#2333=CARTESIAN_POINT('Ctrl Pts',(50.3381694420627,-37.2517800515985,1.39989429201845));
#2334=CARTESIAN_POINT('Ctrl Pts',(50.2951400809571,-37.0094545303375,0.490545469662564));
#2335=CARTESIAN_POINT('Ctrl Pts',(50.3125097881809,-37.0418854184783,0.556267285084726));
#2336=CARTESIAN_POINT('Ctrl Pts',(50.3457887399258,-37.0960999033119,0.703256410119554));
#2337=CARTESIAN_POINT('Ctrl Pts',(50.4005812824213,-37.1540961515801,1.06589639343262));
#2338=CARTESIAN_POINT('Ctrl Pts',(50.4089036865082,-37.1608301368016,1.28801119510632));
#2339=CARTESIAN_POINT('Ctrl Pts',(50.4131818128345,-37.1540217355917,1.39989429201845));
#2340=CARTESIAN_POINT('Ctrl Pts',(50.4520512656162,-36.8171143252434,0.682885674756546));
#2341=CARTESIAN_POINT('Ctrl Pts',(50.4586261837731,-36.8528602773991,0.748116630278684));
#2342=CARTESIAN_POINT('Ctrl Pts',(50.4733015602383,-36.9121145570456,0.89664774785656));
#2343=CARTESIAN_POINT('Ctrl Pts',(50.4826977969513,-36.9807687511341,1.15653039000329));
#2344=CARTESIAN_POINT('Ctrl Pts',(50.4821270133515,-36.9910932068319,1.3145065474884));
#2345=CARTESIAN_POINT('Ctrl Pts',(50.4839161878799,-36.9832538480312,1.39989429201845));
#2346=CARTESIAN_POINT('Ctrl Pts',(50.5,-36.6629502240099,0.837049775990129));
#2347=CARTESIAN_POINT('Ctrl Pts',(50.5,-36.7058936169774,0.887542559627495));
#2348=CARTESIAN_POINT('Ctrl Pts',(50.5,-36.7809072987024,0.999214549732429));
#2349=CARTESIAN_POINT('Ctrl Pts',(50.5,-36.8528208845722,1.19412284129584));
#2350=CARTESIAN_POINT('Ctrl Pts',(50.5,-36.8644802195876,1.33088711521007));
#2351=CARTESIAN_POINT('Ctrl Pts',(50.5,-36.8610865238198,1.39989429201845));
#2352=CARTESIAN_POINT('Ctrl Pts',(50.5,-36.5950057079816,0.904994292018446));
#2353=CARTESIAN_POINT('Ctrl Pts',(50.5,-36.6381938803222,0.948182464359045));
#2354=CARTESIAN_POINT('Ctrl Pts',(50.5,-36.7131949233707,1.04592601774542));
#2355=CARTESIAN_POINT('Ctrl Pts',(50.5,-36.7839186167189,1.21666811740782));
#2356=CARTESIAN_POINT('Ctrl Pts',(50.5,-36.8,1.33881699296026));
#2357=CARTESIAN_POINT('Ctrl Pts',(50.5,-36.8,1.39989429201845));
#2358=CARTESIAN_POINT('',(50.5,-36.5950057079816,0.904994292018446));
#2359=CARTESIAN_POINT('Ctrl Pts',(50.1158110538761,-37.1158110538761,0.384188946123888));
#2360=CARTESIAN_POINT('Ctrl Pts',(50.1821259537702,-37.0826536039291,0.417346396070936));
#2361=CARTESIAN_POINT('Ctrl Pts',(50.2951400809571,-37.0094545303375,0.490545469662564));
#2362=CARTESIAN_POINT('Ctrl Pts',(50.4520512656162,-36.8171143252434,0.682885674756546));
#2363=CARTESIAN_POINT('Ctrl Pts',(50.5,-36.6629502240099,0.837049775990129));
#2364=CARTESIAN_POINT('Ctrl Pts',(50.5,-36.5950057079816,0.904994292018446));
#2365=CARTESIAN_POINT('',(50.5,-36.8,1.39989429201845));
#2366=CARTESIAN_POINT('Origin',(50.5,-36.1001057079816,1.39989429201845));
#2367=CARTESIAN_POINT('Origin',(49.8,-36.8,1.39989429201845));
#2368=CARTESIAN_POINT('Origin',(-47.5000007078052,-35.0000005215406,0.));
#2369=CARTESIAN_POINT('',(-48.4810725082082,-36.8,0.));
#2370=CARTESIAN_POINT('',(-46.5189289074021,-36.8,0.));
#2371=CARTESIAN_POINT('Ctrl Pts',(-48.4810725082082,-36.8,0.));
#2372=CARTESIAN_POINT('Ctrl Pts',(-48.4332203135392,-36.8260813624331,0.));
#2373=CARTESIAN_POINT('Ctrl Pts',(-48.3839991853694,-36.8504290648538,0.00145534588547918));
#2374=CARTESIAN_POINT('Ctrl Pts',(-48.0732723593882,-36.9887386272888,0.0159258966203895));
#2375=CARTESIAN_POINT('Ctrl Pts',(-47.7811539675398,-37.0500005215406,0.0461653578851855));
#2376=CARTESIAN_POINT('Ctrl Pts',(-47.2188474480706,-37.0500005215406,0.0461653578851855));
#2377=CARTESIAN_POINT('Ctrl Pts',(-46.9267290562221,-36.9887386272888,0.0159258966203895));
#2378=CARTESIAN_POINT('Ctrl Pts',(-46.6160022302409,-36.8504290648538,0.00145534588547917));
#2379=CARTESIAN_POINT('Ctrl Pts',(-46.5667811020711,-36.8260813624331,0.));
#2380=CARTESIAN_POINT('Ctrl Pts',(-46.5189289074021,-36.8,0.));
#2381=CARTESIAN_POINT('Origin',(-47.5000007078052,-35.0000005215406,0.));
#2382=CARTESIAN_POINT('Origin',(-47.5000007078052,-35.0000005215406,2.));
#2383=CARTESIAN_POINT('',(-49.5500007078052,-35.0000005215406,2.));
#2384=CARTESIAN_POINT('Origin',(-47.5000007078052,-35.0000005215406,2.));
#2385=CARTESIAN_POINT('Origin',(48.0000007152557,-35.0000005215406,0.));
#2386=CARTESIAN_POINT('',(47.0189289148527,-36.8,0.));
#2387=CARTESIAN_POINT('',(48.9810725156588,-36.8,0.));
#2388=CARTESIAN_POINT('Ctrl Pts',(47.0189289148527,-36.8,0.));
#2389=CARTESIAN_POINT('Ctrl Pts',(47.0667811095217,-36.8260813624331,0.));
#2390=CARTESIAN_POINT('Ctrl Pts',(47.1160022376915,-36.8504290648538,0.00145534588547932));
#2391=CARTESIAN_POINT('Ctrl Pts',(47.4267290636727,-36.9887386272888,0.0159258966203895));
#2392=CARTESIAN_POINT('Ctrl Pts',(47.7188474555211,-37.0500005215406,0.0461653578851855));
#2393=CARTESIAN_POINT('Ctrl Pts',(48.2811539749903,-37.0500005215406,0.0461653578851855));
#2394=CARTESIAN_POINT('Ctrl Pts',(48.5732723668388,-36.9887386272888,0.0159258966203895));
#2395=CARTESIAN_POINT('Ctrl Pts',(48.88399919282,-36.8504290648538,0.00145534588547917));
#2396=CARTESIAN_POINT('Ctrl Pts',(48.9332203209898,-36.8260813624331,0.));
#2397=CARTESIAN_POINT('Ctrl Pts',(48.9810725156588,-36.8,0.));
#2398=CARTESIAN_POINT('Origin',(48.0000007152557,-35.0000005215406,0.));
#2399=CARTESIAN_POINT('Origin',(48.0000007152557,-35.0000005215406,0.));
#2400=CARTESIAN_POINT('',(49.8,-35.981072677358,0.));
#2401=CARTESIAN_POINT('',(49.8,-34.0189283657233,0.));
#2402=CARTESIAN_POINT('Ctrl Pts',(49.8,-35.981072677358,0.));
#2403=CARTESIAN_POINT('Ctrl Pts',(49.8260814248678,-35.9332203906238,0.));
#2404=CARTESIAN_POINT('Ctrl Pts',(49.8504291829745,-35.8839991644063,0.00145535284682927));
#2405=CARTESIAN_POINT('Ctrl Pts',(49.988738810665,-35.5732722197658,0.0159259437172933));
#2406=CARTESIAN_POINT('Ctrl Pts',(50.0500007152557,-35.2811538075838,0.0461654319542125));
#2407=CARTESIAN_POINT('Ctrl Pts',(50.0500007152557,-34.7188472354975,0.0461654319542125));
#2408=CARTESIAN_POINT('Ctrl Pts',(49.988738810665,-34.4267288233155,0.0159259437172932));
#2409=CARTESIAN_POINT('Ctrl Pts',(49.8504291829745,-34.116001878675,0.00145535284682915));
#2410=CARTESIAN_POINT('Ctrl Pts',(49.8260814248678,-34.0667806524575,0.));
#2411=CARTESIAN_POINT('Ctrl Pts',(49.8,-34.0189283657233,0.));
#2412=CARTESIAN_POINT('Origin',(48.0000007152557,-35.0000005215406,0.));
#2413=CARTESIAN_POINT('Origin',(48.0000007152557,-35.0000005215406,2.));
#2414=CARTESIAN_POINT('',(45.9500007152557,-35.0000005215406,2.));
#2415=CARTESIAN_POINT('Origin',(48.0000007152557,-35.0000005215406,2.));
#2416=CARTESIAN_POINT('Origin',(-48.0000007152557,35.0000005215406,0.));
#2417=CARTESIAN_POINT('',(-49.8,35.981072677358,0.));
#2418=CARTESIAN_POINT('',(-49.8,34.0189283657233,0.));
#2419=CARTESIAN_POINT('Ctrl Pts',(-49.8,35.981072677358,0.));
#2420=CARTESIAN_POINT('Ctrl Pts',(-49.8260814248678,35.9332203906238,0.));
#2421=CARTESIAN_POINT('Ctrl Pts',(-49.8504291829745,35.8839991644063,0.00145535284682927));
#2422=CARTESIAN_POINT('Ctrl Pts',(-49.988738810665,35.5732722197658,0.0159259437172933));
#2423=CARTESIAN_POINT('Ctrl Pts',(-50.0500007152557,35.2811538075838,0.0461654319542125));
#2424=CARTESIAN_POINT('Ctrl Pts',(-50.0500007152557,34.7188472354975,0.0461654319542125));
#2425=CARTESIAN_POINT('Ctrl Pts',(-49.988738810665,34.4267288233155,0.0159259437172932));
#2426=CARTESIAN_POINT('Ctrl Pts',(-49.8504291829745,34.116001878675,0.00145535284682915));
#2427=CARTESIAN_POINT('Ctrl Pts',(-49.8260814248678,34.0667806524575,0.));
#2428=CARTESIAN_POINT('Ctrl Pts',(-49.8,34.0189283657233,0.));
#2429=CARTESIAN_POINT('Origin',(-48.0000007152557,35.0000005215406,0.));
#2430=CARTESIAN_POINT('Origin',(-48.0000007152557,35.0000005215406,0.));
#2431=CARTESIAN_POINT('',(-47.0189289148527,36.8,0.));
#2432=CARTESIAN_POINT('',(-48.9810725156588,36.8,0.));
#2433=CARTESIAN_POINT('Ctrl Pts',(-47.0189289148527,36.8,0.));
#2434=CARTESIAN_POINT('Ctrl Pts',(-47.0667811095217,36.8260813624331,0.));
#2435=CARTESIAN_POINT('Ctrl Pts',(-47.1160022376915,36.8504290648538,0.00145534588547932));
#2436=CARTESIAN_POINT('Ctrl Pts',(-47.4267290636727,36.9887386272888,0.0159258966203895));
#2437=CARTESIAN_POINT('Ctrl Pts',(-47.7188474555211,37.0500005215406,0.0461653578851855));
#2438=CARTESIAN_POINT('Ctrl Pts',(-48.2811539749903,37.0500005215406,0.0461653578851855));
#2439=CARTESIAN_POINT('Ctrl Pts',(-48.5732723668388,36.9887386272888,0.0159258966203895));
#2440=CARTESIAN_POINT('Ctrl Pts',(-48.88399919282,36.8504290648538,0.00145534588547917));
#2441=CARTESIAN_POINT('Ctrl Pts',(-48.9332203209898,36.8260813624331,0.));
#2442=CARTESIAN_POINT('Ctrl Pts',(-48.9810725156588,36.8,0.));
#2443=CARTESIAN_POINT('Origin',(-48.0000007152557,35.0000005215406,0.));
#2444=CARTESIAN_POINT('Origin',(-48.0000007152557,35.0000005215406,2.));
#2445=CARTESIAN_POINT('',(-50.0500007152557,35.0000005215406,2.));
#2446=CARTESIAN_POINT('Origin',(-48.0000007152557,35.0000005215406,2.));
#2447=CARTESIAN_POINT('Origin',(48.0000007152557,35.0000005215406,0.));
#2448=CARTESIAN_POINT('',(48.9810725156588,36.8,0.));
#2449=CARTESIAN_POINT('',(47.0189289148527,36.8,0.));
#2450=CARTESIAN_POINT('Ctrl Pts',(48.9810725156588,36.8,0.));
#2451=CARTESIAN_POINT('Ctrl Pts',(48.9332203209898,36.8260813624331,0.));
#2452=CARTESIAN_POINT('Ctrl Pts',(48.88399919282,36.8504290648538,0.0014553458854792));
#2453=CARTESIAN_POINT('Ctrl Pts',(48.5732723668388,36.9887386272888,0.0159258966203895));
#2454=CARTESIAN_POINT('Ctrl Pts',(48.2811539749903,37.0500005215406,0.0461653578851855));
#2455=CARTESIAN_POINT('Ctrl Pts',(47.7188474555211,37.0500005215406,0.0461653578851855));
#2456=CARTESIAN_POINT('Ctrl Pts',(47.4267290636727,36.9887386272888,0.0159258966203895));
#2457=CARTESIAN_POINT('Ctrl Pts',(47.1160022376915,36.8504290648538,0.00145534588547934));
#2458=CARTESIAN_POINT('Ctrl Pts',(47.0667811095217,36.8260813624331,0.));
#2459=CARTESIAN_POINT('Ctrl Pts',(47.0189289148527,36.8,0.));
#2460=CARTESIAN_POINT('Origin',(48.0000007152557,35.0000005215406,0.));
#2461=CARTESIAN_POINT('Origin',(48.0000007152557,35.0000005215406,0.));
#2462=CARTESIAN_POINT('',(49.8,34.0189283657233,0.));
#2463=CARTESIAN_POINT('',(49.8,35.981072677358,0.));
#2464=CARTESIAN_POINT('Ctrl Pts',(49.8,34.0189283657233,0.));
#2465=CARTESIAN_POINT('Ctrl Pts',(49.8260814248678,34.0667806524575,0.));
#2466=CARTESIAN_POINT('Ctrl Pts',(49.8504291829745,34.116001878675,0.0014553528468293));
#2467=CARTESIAN_POINT('Ctrl Pts',(49.988738810665,34.4267288233155,0.0159259437172932));
#2468=CARTESIAN_POINT('Ctrl Pts',(50.0500007152557,34.7188472354975,0.0461654319542125));
#2469=CARTESIAN_POINT('Ctrl Pts',(50.0500007152557,35.2811538075838,0.0461654319542125));
#2470=CARTESIAN_POINT('Ctrl Pts',(49.988738810665,35.5732722197658,0.0159259437172932));
#2471=CARTESIAN_POINT('Ctrl Pts',(49.8504291829745,35.8839991644063,0.0014553528468292));
#2472=CARTESIAN_POINT('Ctrl Pts',(49.8260814248678,35.9332203906238,0.));
#2473=CARTESIAN_POINT('Ctrl Pts',(49.8,35.981072677358,0.));
#2474=CARTESIAN_POINT('Origin',(48.0000007152557,35.0000005215406,0.));
#2475=CARTESIAN_POINT('Origin',(48.0000007152557,35.0000005215406,2.));
#2476=CARTESIAN_POINT('',(45.9500007152557,35.0000005215406,2.));
#2477=CARTESIAN_POINT('Origin',(48.0000007152557,35.0000005215406,2.));
#2478=CARTESIAN_POINT('Ctrl Pts',(50.1158110538761,-37.1158110538761,0.384188946123888));
#2479=CARTESIAN_POINT('Ctrl Pts',(50.1821259537702,-37.0826536039291,0.417346396070936));
#2480=CARTESIAN_POINT('Ctrl Pts',(50.2951400809571,-37.0094545303374,0.490545469662564));
#2481=CARTESIAN_POINT('Ctrl Pts',(50.4520512656162,-36.8171143252435,0.682885674756546));
#2482=CARTESIAN_POINT('Ctrl Pts',(50.5,-36.6629502240099,0.837049775990128));
#2483=CARTESIAN_POINT('Ctrl Pts',(50.5,-36.5950057079815,0.904994292018445));
#2484=CARTESIAN_POINT('Ctrl Pts',(50.1489685038232,-37.049496153982,0.35103149617684));
#2485=CARTESIAN_POINT('Ctrl Pts',(50.2084923932007,-37.0169160157288,0.384599419739644));
#2486=CARTESIAN_POINT('Ctrl Pts',(50.3125097881809,-36.9437327149153,0.458114581521742));
#2487=CARTESIAN_POINT('Ctrl Pts',(50.4586261837731,-36.7518833697213,0.647139722600935));
#2488=CARTESIAN_POINT('Ctrl Pts',(50.5,-36.6124574403725,0.794106383022575));
#2489=CARTESIAN_POINT('Ctrl Pts',(50.5,-36.551817535641,0.861806119677845));
#2490=CARTESIAN_POINT('Ctrl Pts',(50.2039955717696,-36.906057664466,0.296004428230443));
#2491=CARTESIAN_POINT('Ctrl Pts',(50.2539711418453,-36.8735447931293,0.329387906114245));
#2492=CARTESIAN_POINT('Ctrl Pts',(50.3457887399258,-36.7967435898805,0.403900096688066));
#2493=CARTESIAN_POINT('Ctrl Pts',(50.4733015602383,-36.6033522521435,0.587885442954371));
#2494=CARTESIAN_POINT('Ctrl Pts',(50.5,-36.5007854502676,0.719092701297557));
#2495=CARTESIAN_POINT('Ctrl Pts',(50.5,-36.4540739822546,0.786805076629321));
#2496=CARTESIAN_POINT('Ctrl Pts',(50.2786311382477,-36.5290281220533,0.221368861752296));
#2497=CARTESIAN_POINT('Ctrl Pts',(50.3213787994827,-36.5006297935108,0.258626611221938));
#2498=CARTESIAN_POINT('Ctrl Pts',(50.4005812824213,-36.4341036065674,0.345903848419867));
#2499=CARTESIAN_POINT('Ctrl Pts',(50.4826977969513,-36.3434696099967,0.519231248865915));
#2500=CARTESIAN_POINT('Ctrl Pts',(50.5,-36.3058771587042,0.647179115427814));
#2501=CARTESIAN_POINT('Ctrl Pts',(50.5,-36.2833318825922,0.716081383281096));
#2502=CARTESIAN_POINT('Ctrl Pts',(50.2949747468306,-36.235982440356,0.205025253169416));
#2503=CARTESIAN_POINT('Ctrl Pts',(50.335769736772,-36.2284337330019,0.245820243110839));
#2504=CARTESIAN_POINT('Ctrl Pts',(50.4089036865081,-36.2119888048937,0.33916986319839));
#2505=CARTESIAN_POINT('Ctrl Pts',(50.4821270133515,-36.1854934525116,0.50890679316815));
#2506=CARTESIAN_POINT('Ctrl Pts',(50.5,-36.1691128847899,0.635519780412432));
#2507=CARTESIAN_POINT('Ctrl Pts',(50.5,-36.1611830070397,0.7));
#2508=CARTESIAN_POINT('Ctrl Pts',(50.2949747468306,-36.1001057079816,0.205025253169416));
#2509=CARTESIAN_POINT('Ctrl Pts',(50.3381694420627,-36.1001057079816,0.248219948401511));
#2510=CARTESIAN_POINT('Ctrl Pts',(50.4131818128345,-36.1001057079815,0.345978264408261));
#2511=CARTESIAN_POINT('Ctrl Pts',(50.4839161878799,-36.1001057079816,0.516746151968814));
#2512=CARTESIAN_POINT('Ctrl Pts',(50.5,-36.1001057079816,0.638913476180198));
#2513=CARTESIAN_POINT('Ctrl Pts',(50.5,-36.1001057079816,0.7));
#2514=CARTESIAN_POINT('',(50.5,-36.1001057079816,0.7));
#2515=CARTESIAN_POINT('Origin',(49.8,-36.1001057079816,0.7));
#2516=CARTESIAN_POINT('Origin',(50.5,-36.1001057079816,1.39989429201845));
#2517=CARTESIAN_POINT('Ctrl Pts',(-50.1158110538761,-37.1158110538761,0.384188946123888));
#2518=CARTESIAN_POINT('Ctrl Pts',(-50.0826536039291,-37.1821259537702,0.417346396070936));
#2519=CARTESIAN_POINT('Ctrl Pts',(-50.0094545303375,-37.2951400809571,0.490545469662564));
#2520=CARTESIAN_POINT('Ctrl Pts',(-49.8171143252435,-37.4520512656162,0.682885674756547));
#2521=CARTESIAN_POINT('Ctrl Pts',(-49.6629502240099,-37.5,0.837049775990129));
#2522=CARTESIAN_POINT('Ctrl Pts',(-49.5950057079816,-37.5,0.904994292018445));
#2523=CARTESIAN_POINT('Ctrl Pts',(-50.049496153982,-37.1489685038232,0.35103149617684));
#2524=CARTESIAN_POINT('Ctrl Pts',(-50.0169160157289,-37.2084923932007,0.384599419739645));
#2525=CARTESIAN_POINT('Ctrl Pts',(-49.9437327149153,-37.3125097881809,0.458114581521742));
#2526=CARTESIAN_POINT('Ctrl Pts',(-49.7518833697213,-37.4586261837731,0.647139722600935));
#2527=CARTESIAN_POINT('Ctrl Pts',(-49.6124574403725,-37.5,0.794106383022576));
#2528=CARTESIAN_POINT('Ctrl Pts',(-49.551817535641,-37.5,0.861806119677845));
#2529=CARTESIAN_POINT('Ctrl Pts',(-49.906057664466,-37.2039955717696,0.296004428230444));
#2530=CARTESIAN_POINT('Ctrl Pts',(-49.8735447931293,-37.2539711418452,0.329387906114246));
#2531=CARTESIAN_POINT('Ctrl Pts',(-49.7967435898804,-37.3457887399258,0.403900096688066));
#2532=CARTESIAN_POINT('Ctrl Pts',(-49.6033522521434,-37.4733015602383,0.587885442954371));
#2533=CARTESIAN_POINT('Ctrl Pts',(-49.5007854502676,-37.5,0.719092701297557));
#2534=CARTESIAN_POINT('Ctrl Pts',(-49.4540739822546,-37.5,0.786805076629321));
#2535=CARTESIAN_POINT('Ctrl Pts',(-49.5290281220533,-37.2786311382477,0.221368861752296));
#2536=CARTESIAN_POINT('Ctrl Pts',(-49.5006297935108,-37.3213787994827,0.258626611221939));
#2537=CARTESIAN_POINT('Ctrl Pts',(-49.4341036065674,-37.4005812824213,0.345903848419868));
#2538=CARTESIAN_POINT('Ctrl Pts',(-49.3434696099967,-37.4826977969513,0.519231248865917));
#2539=CARTESIAN_POINT('Ctrl Pts',(-49.3058771587042,-37.5,0.647179115427814));
#2540=CARTESIAN_POINT('Ctrl Pts',(-49.2833318825922,-37.5,0.716081383281096));
#2541=CARTESIAN_POINT('Ctrl Pts',(-49.235982440356,-37.2949747468306,0.205025253169417));
#2542=CARTESIAN_POINT('Ctrl Pts',(-49.2284337330019,-37.335769736772,0.24582024311084));
#2543=CARTESIAN_POINT('Ctrl Pts',(-49.2119888048937,-37.4089036865082,0.339169863198391));
#2544=CARTESIAN_POINT('Ctrl Pts',(-49.1854934525116,-37.4821270133515,0.508906793168152));
#2545=CARTESIAN_POINT('Ctrl Pts',(-49.1691128847899,-37.5,0.635519780412432));
#2546=CARTESIAN_POINT('Ctrl Pts',(-49.1611830070397,-37.5,0.7));
#2547=CARTESIAN_POINT('Ctrl Pts',(-49.1001057079816,-37.2949747468306,0.205025253169417));
#2548=CARTESIAN_POINT('Ctrl Pts',(-49.1001057079816,-37.3381694420627,0.248219948401512));
#2549=CARTESIAN_POINT('Ctrl Pts',(-49.1001057079816,-37.4131818128345,0.345978264408262));
#2550=CARTESIAN_POINT('Ctrl Pts',(-49.1001057079816,-37.4839161878799,0.516746151968816));
#2551=CARTESIAN_POINT('Ctrl Pts',(-49.1001057079816,-37.5,0.638913476180198));
#2552=CARTESIAN_POINT('Ctrl Pts',(-49.1001057079816,-37.5,0.7));
#2553=CARTESIAN_POINT('',(-49.1001057079816,-37.5,0.7));
#2554=CARTESIAN_POINT('Origin',(-49.1001057079816,-36.8,0.7));
#2555=CARTESIAN_POINT('Origin',(-49.1001057079816,-37.5,1.39989429201845));
#2556=CARTESIAN_POINT('Ctrl Pts',(50.1158110538761,37.1158110538761,0.384188946123888));
#2557=CARTESIAN_POINT('Ctrl Pts',(50.0826536039291,37.1821259537702,0.417346396070936));
#2558=CARTESIAN_POINT('Ctrl Pts',(50.0094545303375,37.2951400809571,0.490545469662564));
#2559=CARTESIAN_POINT('Ctrl Pts',(49.8171143252435,37.4520512656162,0.682885674756547));
#2560=CARTESIAN_POINT('Ctrl Pts',(49.6629502240099,37.5,0.837049775990129));
#2561=CARTESIAN_POINT('Ctrl Pts',(49.5950057079816,37.5,0.904994292018445));
#2562=CARTESIAN_POINT('Ctrl Pts',(50.049496153982,37.1489685038232,0.35103149617684));
#2563=CARTESIAN_POINT('Ctrl Pts',(50.0169160157289,37.2084923932007,0.384599419739645));
#2564=CARTESIAN_POINT('Ctrl Pts',(49.9437327149153,37.3125097881809,0.458114581521742));
#2565=CARTESIAN_POINT('Ctrl Pts',(49.7518833697213,37.4586261837731,0.647139722600935));
#2566=CARTESIAN_POINT('Ctrl Pts',(49.6124574403725,37.5,0.794106383022576));
#2567=CARTESIAN_POINT('Ctrl Pts',(49.551817535641,37.5,0.861806119677845));
#2568=CARTESIAN_POINT('Ctrl Pts',(49.906057664466,37.2039955717696,0.296004428230444));
#2569=CARTESIAN_POINT('Ctrl Pts',(49.8735447931293,37.2539711418452,0.329387906114246));
#2570=CARTESIAN_POINT('Ctrl Pts',(49.7967435898804,37.3457887399258,0.403900096688066));
#2571=CARTESIAN_POINT('Ctrl Pts',(49.6033522521434,37.4733015602383,0.587885442954371));
#2572=CARTESIAN_POINT('Ctrl Pts',(49.5007854502676,37.5,0.719092701297557));
#2573=CARTESIAN_POINT('Ctrl Pts',(49.4540739822546,37.5,0.786805076629321));
#2574=CARTESIAN_POINT('Ctrl Pts',(49.5290281220533,37.2786311382477,0.221368861752296));
#2575=CARTESIAN_POINT('Ctrl Pts',(49.5006297935108,37.3213787994827,0.258626611221939));
#2576=CARTESIAN_POINT('Ctrl Pts',(49.4341036065674,37.4005812824213,0.345903848419868));
#2577=CARTESIAN_POINT('Ctrl Pts',(49.3434696099967,37.4826977969513,0.519231248865917));
#2578=CARTESIAN_POINT('Ctrl Pts',(49.3058771587042,37.5,0.647179115427814));
#2579=CARTESIAN_POINT('Ctrl Pts',(49.2833318825922,37.5,0.716081383281096));
#2580=CARTESIAN_POINT('Ctrl Pts',(49.235982440356,37.2949747468306,0.205025253169417));
#2581=CARTESIAN_POINT('Ctrl Pts',(49.2284337330019,37.335769736772,0.24582024311084));
#2582=CARTESIAN_POINT('Ctrl Pts',(49.2119888048937,37.4089036865082,0.339169863198391));
#2583=CARTESIAN_POINT('Ctrl Pts',(49.1854934525116,37.4821270133515,0.508906793168152));
#2584=CARTESIAN_POINT('Ctrl Pts',(49.1691128847899,37.5,0.635519780412432));
#2585=CARTESIAN_POINT('Ctrl Pts',(49.1611830070397,37.5,0.7));
#2586=CARTESIAN_POINT('Ctrl Pts',(49.1001057079816,37.2949747468306,0.205025253169417));
#2587=CARTESIAN_POINT('Ctrl Pts',(49.1001057079816,37.3381694420627,0.248219948401512));
#2588=CARTESIAN_POINT('Ctrl Pts',(49.1001057079816,37.4131818128345,0.345978264408262));
#2589=CARTESIAN_POINT('Ctrl Pts',(49.1001057079816,37.4839161878799,0.516746151968816));
#2590=CARTESIAN_POINT('Ctrl Pts',(49.1001057079816,37.5,0.638913476180198));
#2591=CARTESIAN_POINT('Ctrl Pts',(49.1001057079816,37.5,0.7));
#2592=CARTESIAN_POINT('',(49.1001057079816,37.5,0.7));
#2593=CARTESIAN_POINT('Origin',(49.1001057079816,36.8,0.7));
#2594=CARTESIAN_POINT('Origin',(49.1001057079816,37.5,1.39989429201845));
#2595=CARTESIAN_POINT('Origin',(49.8,-18.75,0.7));
#2596=CARTESIAN_POINT('',(49.8,-18.75,0.));
#2597=CARTESIAN_POINT('',(50.5,-18.75,0.7));
#2598=CARTESIAN_POINT('',(49.8,-18.75,0.));
#2599=CARTESIAN_POINT('',(49.8,-18.75,0.));
#2600=CARTESIAN_POINT('Ctrl Pts',(-50.1158110538761,37.1158110538761,0.384188946123888));
#2601=CARTESIAN_POINT('Ctrl Pts',(-50.1821259537702,37.0826536039291,0.417346396070936));
#2602=CARTESIAN_POINT('Ctrl Pts',(-50.2951400809571,37.0094545303374,0.490545469662564));
#2603=CARTESIAN_POINT('Ctrl Pts',(-50.4520512656162,36.8171143252435,0.682885674756546));
#2604=CARTESIAN_POINT('Ctrl Pts',(-50.5,36.6629502240099,0.837049775990128));
#2605=CARTESIAN_POINT('Ctrl Pts',(-50.5,36.5950057079815,0.904994292018445));
#2606=CARTESIAN_POINT('Ctrl Pts',(-50.1489685038232,37.049496153982,0.35103149617684));
#2607=CARTESIAN_POINT('Ctrl Pts',(-50.2084923932007,37.0169160157288,0.384599419739644));
#2608=CARTESIAN_POINT('Ctrl Pts',(-50.3125097881809,36.9437327149153,0.458114581521742));
#2609=CARTESIAN_POINT('Ctrl Pts',(-50.4586261837731,36.7518833697213,0.647139722600935));
#2610=CARTESIAN_POINT('Ctrl Pts',(-50.5,36.6124574403725,0.794106383022575));
#2611=CARTESIAN_POINT('Ctrl Pts',(-50.5,36.551817535641,0.861806119677845));
#2612=CARTESIAN_POINT('Ctrl Pts',(-50.2039955717696,36.906057664466,0.296004428230443));
#2613=CARTESIAN_POINT('Ctrl Pts',(-50.2539711418453,36.8735447931293,0.329387906114245));
#2614=CARTESIAN_POINT('Ctrl Pts',(-50.3457887399258,36.7967435898805,0.403900096688066));
#2615=CARTESIAN_POINT('Ctrl Pts',(-50.4733015602383,36.6033522521435,0.587885442954371));
#2616=CARTESIAN_POINT('Ctrl Pts',(-50.5,36.5007854502676,0.719092701297557));
#2617=CARTESIAN_POINT('Ctrl Pts',(-50.5,36.4540739822546,0.786805076629321));
#2618=CARTESIAN_POINT('Ctrl Pts',(-50.2786311382477,36.5290281220533,0.221368861752296));
#2619=CARTESIAN_POINT('Ctrl Pts',(-50.3213787994827,36.5006297935108,0.258626611221938));
#2620=CARTESIAN_POINT('Ctrl Pts',(-50.4005812824213,36.4341036065674,0.345903848419867));
#2621=CARTESIAN_POINT('Ctrl Pts',(-50.4826977969513,36.3434696099967,0.519231248865915));
#2622=CARTESIAN_POINT('Ctrl Pts',(-50.5,36.3058771587042,0.647179115427814));
#2623=CARTESIAN_POINT('Ctrl Pts',(-50.5,36.2833318825922,0.716081383281096));
#2624=CARTESIAN_POINT('Ctrl Pts',(-50.2949747468306,36.235982440356,0.205025253169416));
#2625=CARTESIAN_POINT('Ctrl Pts',(-50.335769736772,36.2284337330019,0.245820243110839));
#2626=CARTESIAN_POINT('Ctrl Pts',(-50.4089036865081,36.2119888048937,0.33916986319839));
#2627=CARTESIAN_POINT('Ctrl Pts',(-50.4821270133515,36.1854934525116,0.50890679316815));
#2628=CARTESIAN_POINT('Ctrl Pts',(-50.5,36.1691128847899,0.635519780412432));
#2629=CARTESIAN_POINT('Ctrl Pts',(-50.5,36.1611830070397,0.7));
#2630=CARTESIAN_POINT('Ctrl Pts',(-50.2949747468306,36.1001057079816,0.205025253169416));
#2631=CARTESIAN_POINT('Ctrl Pts',(-50.3381694420627,36.1001057079816,0.248219948401511));
#2632=CARTESIAN_POINT('Ctrl Pts',(-50.4131818128345,36.1001057079815,0.345978264408261));
#2633=CARTESIAN_POINT('Ctrl Pts',(-50.4839161878799,36.1001057079816,0.516746151968814));
#2634=CARTESIAN_POINT('Ctrl Pts',(-50.5,36.1001057079816,0.638913476180198));
#2635=CARTESIAN_POINT('Ctrl Pts',(-50.5,36.1001057079816,0.7));
#2636=CARTESIAN_POINT('',(-50.5,36.1001057079816,0.7));
#2637=CARTESIAN_POINT('Origin',(-49.8,36.1001057079816,0.7));
#2638=CARTESIAN_POINT('Origin',(-50.5,36.1001057079816,1.39989429201845));
#2639=CARTESIAN_POINT('Origin',(25.25,36.8,0.7));
#2640=CARTESIAN_POINT('',(25.25,36.8,0.));
#2641=CARTESIAN_POINT('',(25.25,37.5,0.7));
#2642=CARTESIAN_POINT('',(25.25,36.8,0.));
#2643=CARTESIAN_POINT('',(25.25,36.8,0.));
#2644=CARTESIAN_POINT('Origin',(-49.8,18.75,0.7));
#2645=CARTESIAN_POINT('',(-49.8,18.75,0.));
#2646=CARTESIAN_POINT('',(-50.5,18.75,0.7));
#2647=CARTESIAN_POINT('',(-49.8,18.75,0.));
#2648=CARTESIAN_POINT('Origin',(-49.8,36.8,0.));
#2649=CARTESIAN_POINT('',(-50.5,36.8,11.));
#2650=CARTESIAN_POINT('',(-49.8,37.5,11.));
#2651=CARTESIAN_POINT('Origin',(-49.8,36.8,11.));
#2652=CARTESIAN_POINT('',(-49.8,37.5,0.));
#2653=CARTESIAN_POINT('',(-50.5,36.8,0.));
#2654=CARTESIAN_POINT('Origin',(49.8,36.8,0.));
#2655=CARTESIAN_POINT('',(49.8,37.5,11.));
#2656=CARTESIAN_POINT('',(50.5,36.8,11.));
#2657=CARTESIAN_POINT('Origin',(49.8,36.8,11.));
#2658=CARTESIAN_POINT('',(50.5,36.8,0.));
#2659=CARTESIAN_POINT('',(49.8,37.5,0.));
#2660=CARTESIAN_POINT('Origin',(-25.25,-36.8,0.7));
#2661=CARTESIAN_POINT('',(-25.25,-36.8,0.));
#2662=CARTESIAN_POINT('',(-25.25,-37.5,0.7));
#2663=CARTESIAN_POINT('',(-25.25,-36.8,0.));
#2664=CARTESIAN_POINT('',(-25.25,-36.8,0.));
#2665=CARTESIAN_POINT('Origin',(-49.8,-36.8,0.));
#2666=CARTESIAN_POINT('',(-49.8,-37.5,11.));
#2667=CARTESIAN_POINT('',(-50.5,-36.8,11.));
#2668=CARTESIAN_POINT('Origin',(-49.8,-36.8,11.));
#2669=CARTESIAN_POINT('',(-50.5,-36.8,0.));
#2670=CARTESIAN_POINT('',(-49.8,-37.5,0.));
#2671=CARTESIAN_POINT('Origin',(49.8,-36.8,0.));
#2672=CARTESIAN_POINT('',(50.5,-36.8,11.));
#2673=CARTESIAN_POINT('',(49.8,-37.5,11.));
#2674=CARTESIAN_POINT('Origin',(49.8,-36.8,11.));
#2675=CARTESIAN_POINT('',(49.8,-37.5,0.));
#2676=CARTESIAN_POINT('',(50.5,-36.8,0.));
#2677=CARTESIAN_POINT('Origin',(48.0000007152557,35.0000005215406,0.));
#2678=CARTESIAN_POINT('',(45.9500007152557,35.0000005215406,11.));
#2679=CARTESIAN_POINT('Origin',(48.0000007152557,35.0000005215406,11.));
#2680=CARTESIAN_POINT('',(45.9500007152557,35.0000005215406,0.));
#2681=CARTESIAN_POINT('Origin',(0.,0.,0.));
#2682=CARTESIAN_POINT('Origin',(48.0000007152557,-35.0000005215406,0.));
#2683=CARTESIAN_POINT('',(45.9500007152557,-35.0000005215406,11.));
#2684=CARTESIAN_POINT('Origin',(48.0000007152557,-35.0000005215406,11.));
#2685=CARTESIAN_POINT('',(45.9500007152557,-35.0000005215406,0.));
#2686=CARTESIAN_POINT('Origin',(-50.5,37.5,0.));
#2687=CARTESIAN_POINT('',(-50.5,37.5,11.));
#2688=CARTESIAN_POINT('Origin',(-50.5,-37.5,0.));
#2689=CARTESIAN_POINT('',(-50.5,-37.5,11.));
#2690=CARTESIAN_POINT('Origin',(37.5910858417045,37.5,11.));
#2691=CARTESIAN_POINT('',(37.5910858417045,37.5,11.));
#2692=CARTESIAN_POINT('',(37.5910858417045,32.5,11.));
#2693=CARTESIAN_POINT('',(37.5910858417045,18.75,11.));
#2694=CARTESIAN_POINT('',(37.5910858417045,37.5,6.));
#2695=CARTESIAN_POINT('',(37.5910858417045,37.5,5.5));
#2696=CARTESIAN_POINT('',(37.5910858417045,32.5,6.));
#2697=CARTESIAN_POINT('',(37.5910858417045,32.5,6.));
#2698=CARTESIAN_POINT('',(37.5910858417045,32.5,5.5));
#2699=CARTESIAN_POINT('Origin',(25.7810697803142,32.5,11.));
#2700=CARTESIAN_POINT('',(25.7810697803142,32.5,11.));
#2701=CARTESIAN_POINT('',(25.7810697803142,37.5,11.));
#2702=CARTESIAN_POINT('',(25.7810697803142,16.25,11.));
#2703=CARTESIAN_POINT('',(25.7810697803142,32.5,6.));
#2704=CARTESIAN_POINT('',(25.7810697803142,32.5,5.5));
#2705=CARTESIAN_POINT('',(25.7810697803142,37.5,6.));
#2706=CARTESIAN_POINT('',(25.7810697803142,37.5,6.));
#2707=CARTESIAN_POINT('',(25.7810697803142,37.5,5.5));
#2708=CARTESIAN_POINT('Origin',(31.6860778110093,35.,6.));
#2709=CARTESIAN_POINT('',(-6.90696109449533,32.5,6.));
#2710=CARTESIAN_POINT('',(41.0930389055047,37.5,6.));
#2711=CARTESIAN_POINT('Origin',(0.,0.,11.));
#2712=CARTESIAN_POINT('',(50.5,-37.5,11.));
#2713=CARTESIAN_POINT('',(50.5,37.5,11.));
#2714=CARTESIAN_POINT('',(45.5,32.5,11.));
#2715=CARTESIAN_POINT('',(-45.5,32.5,11.));
#2716=CARTESIAN_POINT('',(45.5,-32.5,11.));
#2717=CARTESIAN_POINT('',(45.5,32.5,11.));
#2718=CARTESIAN_POINT('',(-45.5,-32.5,11.));
#2719=CARTESIAN_POINT('',(45.5,-32.5,11.));
#2720=CARTESIAN_POINT('',(-45.5,32.5,11.));
#2721=CARTESIAN_POINT('',(-45.5,-32.5,11.));
#2722=CARTESIAN_POINT('',(-45.5,32.5,11.));
#2723=CARTESIAN_POINT('',(50.5,37.5,11.));
#2724=CARTESIAN_POINT('',(-49.5500007078052,-35.0000005215406,11.));
#2725=CARTESIAN_POINT('Origin',(-47.5000007078052,-35.0000005215406,11.));
#2726=CARTESIAN_POINT('',(-50.0500007152557,35.0000005215406,11.));
#2727=CARTESIAN_POINT('Origin',(-48.0000007152557,35.0000005215406,11.));
#2728=CARTESIAN_POINT('Origin',(50.5,37.5,0.));
#2729=CARTESIAN_POINT('Origin',(-45.5,-32.5,0.));
#2730=CARTESIAN_POINT('',(-45.5,32.5,3.));
#2731=CARTESIAN_POINT('',(-45.5,-32.5,3.));
#2732=CARTESIAN_POINT('',(-45.5,-32.5,3.));
#2733=CARTESIAN_POINT('',(-45.5,32.5,0.));
#2734=CARTESIAN_POINT('',(-45.5,-32.5,0.));
#2735=CARTESIAN_POINT('Origin',(-45.5,32.5,0.));
#2736=CARTESIAN_POINT('',(45.5,32.5,3.));
#2737=CARTESIAN_POINT('',(-45.5,32.5,3.));
#2738=CARTESIAN_POINT('',(45.5,32.5,0.));
#2739=CARTESIAN_POINT('Origin',(45.5,-32.5,0.));
#2740=CARTESIAN_POINT('',(45.5,-32.5,3.));
#2741=CARTESIAN_POINT('',(45.5,-32.5,3.));
#2742=CARTESIAN_POINT('',(45.5,-32.5,0.));
#2743=CARTESIAN_POINT('Origin',(45.5,32.5,0.));
#2744=CARTESIAN_POINT('',(45.5,32.5,3.));
#2745=CARTESIAN_POINT('Origin',(-47.5000007078052,-35.0000005215406,0.));
#2746=CARTESIAN_POINT('',(-49.5500007078052,-35.0000005215406,0.));
#2747=CARTESIAN_POINT('Origin',(-48.0000007152557,35.0000005215406,0.));
#2748=CARTESIAN_POINT('',(-50.0500007152557,35.0000005215406,0.));
#2749=CARTESIAN_POINT('Origin',(50.5,-37.5,0.));
#2750=CARTESIAN_POINT('Origin',(0.,0.,3.));
#2751=UNCERTAINTY_MEASURE_WITH_UNIT(LENGTH_MEASURE(0.01),#2755,
'DISTANCE_ACCURACY_VALUE',
'Maximum model space distance between geometric entities at asserted c
onnectivities');
#2752=UNCERTAINTY_MEASURE_WITH_UNIT(LENGTH_MEASURE(0.01),#2755,
'DISTANCE_ACCURACY_VALUE',
'Maximum model space distance between geometric entities at asserted c
onnectivities');
#2753=(
GEOMETRIC_REPRESENTATION_CONTEXT(3)
GLOBAL_UNCERTAINTY_ASSIGNED_CONTEXT((#2751))
GLOBAL_UNIT_ASSIGNED_CONTEXT((#2755,#2757,#2758))
REPRESENTATION_CONTEXT('','3D')
);
#2754=(
GEOMETRIC_REPRESENTATION_CONTEXT(3)
GLOBAL_UNCERTAINTY_ASSIGNED_CONTEXT((#2752))
GLOBAL_UNIT_ASSIGNED_CONTEXT((#2755,#2757,#2758))
REPRESENTATION_CONTEXT('','3D')
);
#2755=(
LENGTH_UNIT()
NAMED_UNIT(*)
SI_UNIT(.MILLI.,.METRE.)
);
#2756=(
LENGTH_UNIT()
NAMED_UNIT(*)
SI_UNIT($,.METRE.)
);
#2757=(
NAMED_UNIT(*)
PLANE_ANGLE_UNIT()
SI_UNIT($,.RADIAN.)
);
#2758=(
NAMED_UNIT(*)
SI_UNIT($,.STERADIAN.)
SOLID_ANGLE_UNIT()
);
#2759=SHAPE_DEFINITION_REPRESENTATION(#2760,#2761);
#2760=PRODUCT_DEFINITION_SHAPE('',$,#2763);
#2761=SHAPE_REPRESENTATION('',(#1045),#2753);
#2762=PRODUCT_DEFINITION_CONTEXT('part definition',#2767,'design');
#2763=PRODUCT_DEFINITION('2026-01-25-18-56-27-867','Bottom Case',#2764,
#2762);
#2764=PRODUCT_DEFINITION_FORMATION('',$,#2769);
#2765=PRODUCT_RELATED_PRODUCT_CATEGORY('Bottom Case','Bottom Case',(#2769));
#2766=APPLICATION_PROTOCOL_DEFINITION('international standard',
'automotive_design',2009,#2767);
#2767=APPLICATION_CONTEXT(
'Core Data for Automotive Mechanical Design Process');
#2768=PRODUCT_CONTEXT('part definition',#2767,'mechanical');
#2769=PRODUCT('2026-01-25-18-56-27-867','Bottom Case',$,(#2768));
#2770=PRESENTATION_STYLE_ASSIGNMENT((#2771));
#2771=SURFACE_STYLE_USAGE(.BOTH.,#2772);
#2772=SURFACE_SIDE_STYLE('',(#2773));
#2773=SURFACE_STYLE_FILL_AREA(#2774);
#2774=FILL_AREA_STYLE('Steel - Satin',(#2775));
#2775=FILL_AREA_STYLE_COLOUR('Steel - Satin',#2776);
#2776=COLOUR_RGB('Steel - Satin',0.627450980392157,0.627450980392157,0.627450980392157);
ENDSEC;
END-ISO-10303-21;
