ISO-10303-21;
HEADER;
/* Generated by software containing ST-Developer
 * from STEP Tools, Inc. (www.steptools.com) 
 */

FILE_DESCRIPTION(
/* description */ (''),
/* implementation_level */ '2;1');

FILE_NAME(
/* name */ 'Top Case.step',
/* time_stamp */ '2026-02-02T18:40:33+05:30',
/* author */ (''),
/* organization */ (''),
/* preprocessor_version */ 'ST-DEVELOPER v20.1',
/* originating_system */ 'Autodesk Translation Framework v14.24.0.0',
/* authorisation */ '');

FILE_SCHEMA (('AUTOMOTIVE_DESIGN { 1 0 10303 214 3 1 1 }'));
ENDSEC;

DATA;
#10=MECHANICAL_DESIGN_GEOMETRIC_PRESENTATION_REPRESENTATION('',(#13),#2260);
#11=SHAPE_REPRESENTATION_RELATIONSHIP('SRR','None',#2267,#12);
#12=ADVANCED_BREP_SHAPE_REPRESENTATION('',(#14),#2259);
#13=STYLED_ITEM('',(#2276),#14);
#14=MANIFOLD_SOLID_BREP('Body2',#1343);
#15=B_SPLINE_CURVE_WITH_KNOTS('',3,(#1996,#1997,#1998,#1999,#2000,#2001,
#2002,#2003,#2004,#2005,#2006,#2007),.UNSPECIFIED.,.F.,.F.,(4,2,2,2,2,4),
(0.558336813972371,0.594065611048471,0.629794408124571,0.701252002276772,
0.769378611617664,0.837505220958556),.UNSPECIFIED.);
#16=B_SPLINE_CURVE_WITH_KNOTS('',3,(#2009,#2010,#2011,#2012,#2013,#2014,
#2015,#2016,#2017,#2018,#2019,#2020),.UNSPECIFIED.,.F.,.F.,(4,2,2,2,2,4),
(0.279168406986185,0.347295016327077,0.415421625667969,0.48687921982017,
0.52260801689627,0.558336813972371),.UNSPECIFIED.);
#17=B_SPLINE_CURVE_WITH_KNOTS('',3,(#2025,#2026,#2027,#2028,#2029,#2030,
#2031,#2032,#2033,#2034,#2035,#2036),.UNSPECIFIED.,.F.,.F.,(4,2,2,2,2,4),
(0.279168406986185,0.347295016327077,0.415421625667968,0.486879219820169,
0.52260801689627,0.55833681397237),.UNSPECIFIED.);
#18=B_SPLINE_CURVE_WITH_KNOTS('',3,(#2045,#2046,#2047,#2048,#2049,#2050,
#2051,#2052,#2053,#2054,#2055,#2056),.UNSPECIFIED.,.F.,.F.,(4,2,2,2,2,4),
(0.55833681397237,0.594065611048471,0.629794408124572,0.701252002276773,
0.769378611617664,0.837505220958556),.UNSPECIFIED.);
#19=B_SPLINE_CURVE_WITH_KNOTS('',3,(#2173,#2174,#2175,#2176,#2177,#2178,
#2179,#2180,#2181,#2182,#2183,#2184),.UNSPECIFIED.,.F.,.F.,(4,2,2,2,2,4),
(0.558336813972371,0.594065611048471,0.629794408124571,0.701252002276772,
0.769378611617664,0.837505220958556),.UNSPECIFIED.);
#20=B_SPLINE_CURVE_WITH_KNOTS('',3,(#2187,#2188,#2189,#2190,#2191,#2192,
#2193,#2194,#2195,#2196,#2197,#2198),.UNSPECIFIED.,.F.,.F.,(4,2,2,2,2,4),
(0.279168406986185,0.347295016327077,0.415421625667969,0.48687921982017,
0.52260801689627,0.558336813972371),.UNSPECIFIED.);
#21=CYLINDRICAL_SURFACE('',#1387,2.);
#22=CYLINDRICAL_SURFACE('',#1389,2.);
#23=CYLINDRICAL_SURFACE('',#1391,1.7);
#24=CYLINDRICAL_SURFACE('',#1393,2.);
#25=CYLINDRICAL_SURFACE('',#1399,2.);
#26=CYLINDRICAL_SURFACE('',#1413,2.);
#27=CYLINDRICAL_SURFACE('',#1415,2.);
#28=CYLINDRICAL_SURFACE('',#1421,2.);
#29=CYLINDRICAL_SURFACE('',#1426,2.);
#30=CYLINDRICAL_SURFACE('',#1428,2.);
#31=CYLINDRICAL_SURFACE('',#1429,2.);
#32=CYLINDRICAL_SURFACE('',#1431,1.7);
#33=CYLINDRICAL_SURFACE('',#1432,1.7);
#34=CYLINDRICAL_SURFACE('',#1458,3.04713551194702);
#35=SPHERICAL_SURFACE('',#1382,2.);
#36=SPHERICAL_SURFACE('',#1395,2.);
#37=SPHERICAL_SURFACE('',#1409,2.);
#38=SPHERICAL_SURFACE('',#1418,2.);
#39=SPHERICAL_SURFACE('',#1422,2.);
#40=(
BOUNDED_CURVE()
B_SPLINE_CURVE(2,(#1944,#1945,#1946),.UNSPECIFIED.,.F.,.F.)
B_SPLINE_CURVE_WITH_KNOTS((3,3),(1.29947125051849,3.64948356655803),
 .UNSPECIFIED.)
CURVE()
GEOMETRIC_REPRESENTATION_ITEM()
RATIONAL_B_SPLINE_CURVE((0.998689100924771,0.99792629735243,0.998691752944022))
REPRESENTATION_ITEM('')
);
#41=ELLIPSE('',#1370,2.40416305603426,1.7);
#42=ELLIPSE('',#1372,2.40416305603426,1.7);
#43=ELLIPSE('',#1417,2.4570289282039,2.);
#44=FACE_BOUND('',#171,.T.);
#45=FACE_BOUND('',#172,.T.);
#46=FACE_BOUND('',#173,.T.);
#47=FACE_BOUND('',#174,.T.);
#48=FACE_BOUND('',#175,.T.);
#49=FACE_BOUND('',#176,.T.);
#50=FACE_BOUND('',#177,.T.);
#51=FACE_BOUND('',#178,.T.);
#52=FACE_BOUND('',#199,.T.);
#53=FACE_BOUND('',#200,.T.);
#54=FACE_BOUND('',#201,.T.);
#55=FACE_BOUND('',#202,.T.);
#56=FACE_BOUND('',#203,.T.);
#57=FACE_BOUND('',#204,.T.);
#58=FACE_BOUND('',#205,.T.);
#59=FACE_BOUND('',#206,.T.);
#60=FACE_BOUND('',#207,.T.);
#61=FACE_BOUND('',#208,.T.);
#62=FACE_BOUND('',#209,.T.);
#63=FACE_BOUND('',#210,.T.);
#64=CIRCLE('',#1364,1.7);
#65=CIRCLE('',#1365,1.7);
#66=CIRCLE('',#1366,1.7);
#67=CIRCLE('',#1367,3.04713551194702);
#68=CIRCLE('',#1378,1.7);
#69=CIRCLE('',#1383,1.7);
#70=CIRCLE('',#1384,2.);
#71=CIRCLE('',#1385,2.);
#72=CIRCLE('',#1386,2.);
#73=CIRCLE('',#1388,2.);
#74=CIRCLE('',#1390,2.);
#75=CIRCLE('',#1392,1.7);
#76=CIRCLE('',#1394,2.);
#77=CIRCLE('',#1396,1.7);
#78=CIRCLE('',#1397,2.);
#79=CIRCLE('',#1398,2.);
#80=CIRCLE('',#1400,2.);
#81=CIRCLE('',#1403,2.);
#82=CIRCLE('',#1404,2.);
#83=CIRCLE('',#1405,2.);
#84=CIRCLE('',#1406,1.7);
#85=CIRCLE('',#1407,1.7);
#86=CIRCLE('',#1408,3.04713551194702);
#87=CIRCLE('',#1410,2.);
#88=CIRCLE('',#1411,2.);
#89=CIRCLE('',#1412,2.);
#90=CIRCLE('',#1416,2.);
#91=CIRCLE('',#1419,2.);
#92=CIRCLE('',#1420,2.);
#93=CIRCLE('',#1423,1.7);
#94=CIRCLE('',#1424,2.);
#95=CIRCLE('',#1425,2.);
#96=FACE_OUTER_BOUND('',#164,.T.);
#97=FACE_OUTER_BOUND('',#165,.T.);
#98=FACE_OUTER_BOUND('',#166,.T.);
#99=FACE_OUTER_BOUND('',#167,.T.);
#100=FACE_OUTER_BOUND('',#168,.T.);
#101=FACE_OUTER_BOUND('',#169,.T.);
#102=FACE_OUTER_BOUND('',#170,.T.);
#103=FACE_OUTER_BOUND('',#179,.T.);
#104=FACE_OUTER_BOUND('',#180,.T.);
#105=FACE_OUTER_BOUND('',#181,.T.);
#106=FACE_OUTER_BOUND('',#182,.T.);
#107=FACE_OUTER_BOUND('',#183,.T.);
#108=FACE_OUTER_BOUND('',#184,.T.);
#109=FACE_OUTER_BOUND('',#185,.T.);
#110=FACE_OUTER_BOUND('',#186,.T.);
#111=FACE_OUTER_BOUND('',#187,.T.);
#112=FACE_OUTER_BOUND('',#188,.T.);
#113=FACE_OUTER_BOUND('',#189,.T.);
#114=FACE_OUTER_BOUND('',#190,.T.);
#115=FACE_OUTER_BOUND('',#191,.T.);
#116=FACE_OUTER_BOUND('',#192,.T.);
#117=FACE_OUTER_BOUND('',#193,.T.);
#118=FACE_OUTER_BOUND('',#194,.T.);
#119=FACE_OUTER_BOUND('',#195,.T.);
#120=FACE_OUTER_BOUND('',#196,.T.);
#121=FACE_OUTER_BOUND('',#197,.T.);
#122=FACE_OUTER_BOUND('',#198,.T.);
#123=FACE_OUTER_BOUND('',#211,.T.);
#124=FACE_OUTER_BOUND('',#212,.T.);
#125=FACE_OUTER_BOUND('',#213,.T.);
#126=FACE_OUTER_BOUND('',#214,.T.);
#127=FACE_OUTER_BOUND('',#215,.T.);
#128=FACE_OUTER_BOUND('',#216,.T.);
#129=FACE_OUTER_BOUND('',#217,.T.);
#130=FACE_OUTER_BOUND('',#218,.T.);
#131=FACE_OUTER_BOUND('',#219,.T.);
#132=FACE_OUTER_BOUND('',#220,.T.);
#133=FACE_OUTER_BOUND('',#221,.T.);
#134=FACE_OUTER_BOUND('',#222,.T.);
#135=FACE_OUTER_BOUND('',#223,.T.);
#136=FACE_OUTER_BOUND('',#224,.T.);
#137=FACE_OUTER_BOUND('',#225,.T.);
#138=FACE_OUTER_BOUND('',#226,.T.);
#139=FACE_OUTER_BOUND('',#227,.T.);
#140=FACE_OUTER_BOUND('',#228,.T.);
#141=FACE_OUTER_BOUND('',#229,.T.);
#142=FACE_OUTER_BOUND('',#230,.T.);
#143=FACE_OUTER_BOUND('',#231,.T.);
#144=FACE_OUTER_BOUND('',#232,.T.);
#145=FACE_OUTER_BOUND('',#233,.T.);
#146=FACE_OUTER_BOUND('',#234,.T.);
#147=FACE_OUTER_BOUND('',#235,.T.);
#148=FACE_OUTER_BOUND('',#236,.T.);
#149=FACE_OUTER_BOUND('',#237,.T.);
#150=FACE_OUTER_BOUND('',#238,.T.);
#151=FACE_OUTER_BOUND('',#239,.T.);
#152=FACE_OUTER_BOUND('',#240,.T.);
#153=FACE_OUTER_BOUND('',#241,.T.);
#154=FACE_OUTER_BOUND('',#242,.T.);
#155=FACE_OUTER_BOUND('',#243,.T.);
#156=FACE_OUTER_BOUND('',#244,.T.);
#157=FACE_OUTER_BOUND('',#245,.T.);
#158=FACE_OUTER_BOUND('',#246,.T.);
#159=FACE_OUTER_BOUND('',#247,.T.);
#160=FACE_OUTER_BOUND('',#248,.T.);
#161=FACE_OUTER_BOUND('',#249,.T.);
#162=FACE_OUTER_BOUND('',#250,.T.);
#163=FACE_OUTER_BOUND('',#251,.T.);
#164=EDGE_LOOP('',(#850,#851,#852,#853));
#165=EDGE_LOOP('',(#854,#855,#856,#857));
#166=EDGE_LOOP('',(#858,#859,#860,#861));
#167=EDGE_LOOP('',(#862,#863,#864,#865));
#168=EDGE_LOOP('',(#866,#867,#868,#869));
#169=EDGE_LOOP('',(#870,#871,#872,#873));
#170=EDGE_LOOP('',(#874,#875,#876,#877,#878,#879,#880,#881,#882,#883));
#171=EDGE_LOOP('',(#884,#885,#886,#887));
#172=EDGE_LOOP('',(#888,#889,#890,#891));
#173=EDGE_LOOP('',(#892,#893,#894,#895));
#174=EDGE_LOOP('',(#896,#897,#898,#899));
#175=EDGE_LOOP('',(#900,#901,#902,#903));
#176=EDGE_LOOP('',(#904,#905,#906,#907));
#177=EDGE_LOOP('',(#908));
#178=EDGE_LOOP('',(#909,#910,#911,#912));
#179=EDGE_LOOP('',(#913,#914,#915,#916));
#180=EDGE_LOOP('',(#917,#918,#919,#920,#921));
#181=EDGE_LOOP('',(#922,#923,#924,#925,#926));
#182=EDGE_LOOP('',(#927,#928,#929,#930,#931));
#183=EDGE_LOOP('',(#932,#933,#934,#935));
#184=EDGE_LOOP('',(#936,#937,#938,#939));
#185=EDGE_LOOP('',(#940,#941,#942,#943));
#186=EDGE_LOOP('',(#944,#945,#946,#947,#948));
#187=EDGE_LOOP('',(#949,#950,#951,#952));
#188=EDGE_LOOP('',(#953,#954,#955,#956));
#189=EDGE_LOOP('',(#957,#958,#959,#960));
#190=EDGE_LOOP('',(#961,#962,#963,#964));
#191=EDGE_LOOP('',(#965,#966,#967,#968));
#192=EDGE_LOOP('',(#969,#970,#971,#972,#973,#974));
#193=EDGE_LOOP('',(#975,#976,#977,#978,#979,#980,#981));
#194=EDGE_LOOP('',(#982,#983,#984,#985,#986,#987));
#195=EDGE_LOOP('',(#988,#989,#990,#991));
#196=EDGE_LOOP('',(#992,#993,#994,#995));
#197=EDGE_LOOP('',(#996,#997,#998,#999));
#198=EDGE_LOOP('',(#1000,#1001,#1002,#1003,#1004,#1005,#1006,#1007,#1008,
#1009));
#199=EDGE_LOOP('',(#1010,#1011,#1012,#1013));
#200=EDGE_LOOP('',(#1014));
#201=EDGE_LOOP('',(#1015));
#202=EDGE_LOOP('',(#1016));
#203=EDGE_LOOP('',(#1017,#1018,#1019,#1020));
#204=EDGE_LOOP('',(#1021,#1022,#1023,#1024));
#205=EDGE_LOOP('',(#1025,#1026,#1027,#1028));
#206=EDGE_LOOP('',(#1029,#1030,#1031,#1032));
#207=EDGE_LOOP('',(#1033,#1034,#1035,#1036));
#208=EDGE_LOOP('',(#1037,#1038,#1039,#1040));
#209=EDGE_LOOP('',(#1041));
#210=EDGE_LOOP('',(#1042,#1043,#1044,#1045,#1046));
#211=EDGE_LOOP('',(#1047,#1048,#1049));
#212=EDGE_LOOP('',(#1050,#1051,#1052,#1053));
#213=EDGE_LOOP('',(#1054,#1055,#1056,#1057));
#214=EDGE_LOOP('',(#1058,#1059,#1060,#1061,#1062,#1063,#1064));
#215=EDGE_LOOP('',(#1065,#1066,#1067));
#216=EDGE_LOOP('',(#1068,#1069,#1070,#1071));
#217=EDGE_LOOP('',(#1072,#1073,#1074,#1075));
#218=EDGE_LOOP('',(#1076,#1077,#1078,#1079));
#219=EDGE_LOOP('',(#1080,#1081,#1082,#1083));
#220=EDGE_LOOP('',(#1084,#1085,#1086,#1087,#1088));
#221=EDGE_LOOP('',(#1089,#1090,#1091,#1092,#1093));
#222=EDGE_LOOP('',(#1094,#1095,#1096,#1097));
#223=EDGE_LOOP('',(#1098,#1099,#1100,#1101,#1102,#1103,#1104));
#224=EDGE_LOOP('',(#1105,#1106,#1107,#1108,#1109,#1110,#1111,#1112,#1113,
#1114));
#225=EDGE_LOOP('',(#1115,#1116,#1117,#1118));
#226=EDGE_LOOP('',(#1119,#1120,#1121,#1122));
#227=EDGE_LOOP('',(#1123,#1124,#1125,#1126));
#228=EDGE_LOOP('',(#1127,#1128,#1129,#1130));
#229=EDGE_LOOP('',(#1131,#1132,#1133,#1134));
#230=EDGE_LOOP('',(#1135,#1136,#1137,#1138));
#231=EDGE_LOOP('',(#1139,#1140,#1141,#1142));
#232=EDGE_LOOP('',(#1143,#1144,#1145,#1146));
#233=EDGE_LOOP('',(#1147,#1148,#1149,#1150));
#234=EDGE_LOOP('',(#1151,#1152,#1153,#1154));
#235=EDGE_LOOP('',(#1155,#1156,#1157,#1158));
#236=EDGE_LOOP('',(#1159,#1160,#1161,#1162));
#237=EDGE_LOOP('',(#1163,#1164,#1165,#1166));
#238=EDGE_LOOP('',(#1167,#1168,#1169,#1170));
#239=EDGE_LOOP('',(#1171,#1172,#1173,#1174));
#240=EDGE_LOOP('',(#1175,#1176,#1177,#1178));
#241=EDGE_LOOP('',(#1179,#1180,#1181,#1182));
#242=EDGE_LOOP('',(#1183,#1184,#1185,#1186));
#243=EDGE_LOOP('',(#1187,#1188,#1189,#1190));
#244=EDGE_LOOP('',(#1191,#1192,#1193,#1194));
#245=EDGE_LOOP('',(#1195,#1196,#1197,#1198));
#246=EDGE_LOOP('',(#1199,#1200,#1201,#1202));
#247=EDGE_LOOP('',(#1203,#1204,#1205,#1206));
#248=EDGE_LOOP('',(#1207,#1208,#1209,#1210));
#249=EDGE_LOOP('',(#1211,#1212,#1213,#1214,#1215,#1216,#1217));
#250=EDGE_LOOP('',(#1218,#1219,#1220,#1221));
#251=EDGE_LOOP('',(#1222,#1223,#1224,#1225));
#252=LINE('',#1818,#398);
#253=LINE('',#1820,#399);
#254=LINE('',#1822,#400);
#255=LINE('',#1823,#401);
#256=LINE('',#1826,#402);
#257=LINE('',#1828,#403);
#258=LINE('',#1829,#404);
#259=LINE('',#1832,#405);
#260=LINE('',#1834,#406);
#261=LINE('',#1835,#407);
#262=LINE('',#1837,#408);
#263=LINE('',#1838,#409);
#264=LINE('',#1841,#410);
#265=LINE('',#1843,#411);
#266=LINE('',#1844,#412);
#267=LINE('',#1847,#413);
#268=LINE('',#1848,#414);
#269=LINE('',#1852,#415);
#270=LINE('',#1854,#416);
#271=LINE('',#1856,#417);
#272=LINE('',#1858,#418);
#273=LINE('',#1860,#419);
#274=LINE('',#1864,#420);
#275=LINE('',#1868,#421);
#276=LINE('',#1872,#422);
#277=LINE('',#1874,#423);
#278=LINE('',#1876,#424);
#279=LINE('',#1877,#425);
#280=LINE('',#1880,#426);
#281=LINE('',#1882,#427);
#282=LINE('',#1884,#428);
#283=LINE('',#1885,#429);
#284=LINE('',#1888,#430);
#285=LINE('',#1890,#431);
#286=LINE('',#1892,#432);
#287=LINE('',#1893,#433);
#288=LINE('',#1896,#434);
#289=LINE('',#1898,#435);
#290=LINE('',#1900,#436);
#291=LINE('',#1901,#437);
#292=LINE('',#1904,#438);
#293=LINE('',#1906,#439);
#294=LINE('',#1908,#440);
#295=LINE('',#1909,#441);
#296=LINE('',#1912,#442);
#297=LINE('',#1914,#443);
#298=LINE('',#1916,#444);
#299=LINE('',#1917,#445);
#300=LINE('',#1923,#446);
#301=LINE('',#1924,#447);
#302=LINE('',#1925,#448);
#303=LINE('',#1930,#449);
#304=LINE('',#1931,#450);
#305=LINE('',#1934,#451);
#306=LINE('',#1938,#452);
#307=LINE('',#1939,#453);
#308=LINE('',#1942,#454);
#309=LINE('',#1948,#455);
#310=LINE('',#1949,#456);
#311=LINE('',#1952,#457);
#312=LINE('',#1954,#458);
#313=LINE('',#1955,#459);
#314=LINE('',#1958,#460);
#315=LINE('',#1959,#461);
#316=LINE('',#1962,#462);
#317=LINE('',#1963,#463);
#318=LINE('',#1968,#464);
#319=LINE('',#1969,#465);
#320=LINE('',#1972,#466);
#321=LINE('',#1973,#467);
#322=LINE('',#1976,#468);
#323=LINE('',#1977,#469);
#324=LINE('',#1979,#470);
#325=LINE('',#1993,#471);
#326=LINE('',#1994,#472);
#327=LINE('',#2023,#473);
#328=LINE('',#2038,#474);
#329=LINE('',#2042,#475);
#330=LINE('',#2067,#476);
#331=LINE('',#2068,#477);
#332=LINE('',#2070,#478);
#333=LINE('',#2073,#479);
#334=LINE('',#2077,#480);
#335=LINE('',#2081,#481);
#336=LINE('',#2084,#482);
#337=LINE('',#2091,#483);
#338=LINE('',#2093,#484);
#339=LINE('',#2095,#485);
#340=LINE('',#2096,#486);
#341=LINE('',#2099,#487);
#342=LINE('',#2101,#488);
#343=LINE('',#2103,#489);
#344=LINE('',#2104,#490);
#345=LINE('',#2107,#491);
#346=LINE('',#2109,#492);
#347=LINE('',#2111,#493);
#348=LINE('',#2112,#494);
#349=LINE('',#2115,#495);
#350=LINE('',#2117,#496);
#351=LINE('',#2119,#497);
#352=LINE('',#2120,#498);
#353=LINE('',#2123,#499);
#354=LINE('',#2125,#500);
#355=LINE('',#2127,#501);
#356=LINE('',#2128,#502);
#357=LINE('',#2131,#503);
#358=LINE('',#2133,#504);
#359=LINE('',#2135,#505);
#360=LINE('',#2136,#506);
#361=LINE('',#2139,#507);
#362=LINE('',#2147,#508);
#363=LINE('',#2148,#509);
#364=LINE('',#2151,#510);
#365=LINE('',#2152,#511);
#366=LINE('',#2161,#512);
#367=LINE('',#2169,#513);
#368=LINE('',#2170,#514);
#369=LINE('',#2185,#515);
#370=LINE('',#2199,#516);
#371=LINE('',#2202,#517);
#372=LINE('',#2204,#518);
#373=LINE('',#2206,#519);
#374=LINE('',#2207,#520);
#375=LINE('',#2209,#521);
#376=LINE('',#2211,#522);
#377=LINE('',#2214,#523);
#378=LINE('',#2215,#524);
#379=LINE('',#2217,#525);
#380=LINE('',#2219,#526);
#381=LINE('',#2222,#527);
#382=LINE('',#2223,#528);
#383=LINE('',#2225,#529);
#384=LINE('',#2227,#530);
#385=LINE('',#2230,#531);
#386=LINE('',#2231,#532);
#387=LINE('',#2233,#533);
#388=LINE('',#2235,#534);
#389=LINE('',#2238,#535);
#390=LINE('',#2239,#536);
#391=LINE('',#2241,#537);
#392=LINE('',#2243,#538);
#393=LINE('',#2246,#539);
#394=LINE('',#2247,#540);
#395=LINE('',#2249,#541);
#396=LINE('',#2251,#542);
#397=LINE('',#2255,#543);
#398=VECTOR('',#1464,10.);
#399=VECTOR('',#1465,10.);
#400=VECTOR('',#1466,10.);
#401=VECTOR('',#1467,10.);
#402=VECTOR('',#1470,10.);
#403=VECTOR('',#1471,10.);
#404=VECTOR('',#1472,10.);
#405=VECTOR('',#1475,10.);
#406=VECTOR('',#1476,10.);
#407=VECTOR('',#1477,10.);
#408=VECTOR('',#1480,10.);
#409=VECTOR('',#1481,10.);
#410=VECTOR('',#1484,10.);
#411=VECTOR('',#1485,10.);
#412=VECTOR('',#1486,10.);
#413=VECTOR('',#1489,10.);
#414=VECTOR('',#1490,10.);
#415=VECTOR('',#1493,10.);
#416=VECTOR('',#1494,10.);
#417=VECTOR('',#1495,10.);
#418=VECTOR('',#1496,10.);
#419=VECTOR('',#1497,10.);
#420=VECTOR('',#1500,10.);
#421=VECTOR('',#1503,10.);
#422=VECTOR('',#1506,10.);
#423=VECTOR('',#1507,10.);
#424=VECTOR('',#1508,10.);
#425=VECTOR('',#1509,10.);
#426=VECTOR('',#1510,10.);
#427=VECTOR('',#1511,10.);
#428=VECTOR('',#1512,10.);
#429=VECTOR('',#1513,10.);
#430=VECTOR('',#1514,10.);
#431=VECTOR('',#1515,10.);
#432=VECTOR('',#1516,10.);
#433=VECTOR('',#1517,10.);
#434=VECTOR('',#1518,10.);
#435=VECTOR('',#1519,10.);
#436=VECTOR('',#1520,10.);
#437=VECTOR('',#1521,10.);
#438=VECTOR('',#1522,10.);
#439=VECTOR('',#1523,10.);
#440=VECTOR('',#1524,10.);
#441=VECTOR('',#1525,10.);
#442=VECTOR('',#1526,10.);
#443=VECTOR('',#1527,10.);
#444=VECTOR('',#1528,10.);
#445=VECTOR('',#1529,10.);
#446=VECTOR('',#1534,10.);
#447=VECTOR('',#1535,10.);
#448=VECTOR('',#1536,10.);
#449=VECTOR('',#1541,10.);
#450=VECTOR('',#1542,10.);
#451=VECTOR('',#1545,10.);
#452=VECTOR('',#1548,10.);
#453=VECTOR('',#1549,10.);
#454=VECTOR('',#1552,10.);
#455=VECTOR('',#1553,10.);
#456=VECTOR('',#1554,10.);
#457=VECTOR('',#1557,10.);
#458=VECTOR('',#1558,10.);
#459=VECTOR('',#1559,10.);
#460=VECTOR('',#1562,10.);
#461=VECTOR('',#1563,10.);
#462=VECTOR('',#1566,10.);
#463=VECTOR('',#1567,10.);
#464=VECTOR('',#1572,10.);
#465=VECTOR('',#1573,10.);
#466=VECTOR('',#1576,10.);
#467=VECTOR('',#1577,10.);
#468=VECTOR('',#1580,10.);
#469=VECTOR('',#1581,10.);
#470=VECTOR('',#1584,10.);
#471=VECTOR('',#1599,10.);
#472=VECTOR('',#1600,10.);
#473=VECTOR('',#1605,10.);
#474=VECTOR('',#1608,1.7);
#475=VECTOR('',#1613,10.);
#476=VECTOR('',#1628,10.);
#477=VECTOR('',#1629,10.);
#478=VECTOR('',#1632,10.);
#479=VECTOR('',#1635,10.);
#480=VECTOR('',#1638,10.);
#481=VECTOR('',#1641,10.);
#482=VECTOR('',#1644,10.);
#483=VECTOR('',#1649,10.);
#484=VECTOR('',#1650,10.);
#485=VECTOR('',#1651,10.);
#486=VECTOR('',#1652,10.);
#487=VECTOR('',#1653,10.);
#488=VECTOR('',#1654,10.);
#489=VECTOR('',#1655,10.);
#490=VECTOR('',#1656,10.);
#491=VECTOR('',#1657,10.);
#492=VECTOR('',#1658,10.);
#493=VECTOR('',#1659,10.);
#494=VECTOR('',#1660,10.);
#495=VECTOR('',#1661,10.);
#496=VECTOR('',#1662,10.);
#497=VECTOR('',#1663,10.);
#498=VECTOR('',#1664,10.);
#499=VECTOR('',#1665,10.);
#500=VECTOR('',#1666,10.);
#501=VECTOR('',#1667,10.);
#502=VECTOR('',#1668,10.);
#503=VECTOR('',#1669,10.);
#504=VECTOR('',#1670,10.);
#505=VECTOR('',#1671,10.);
#506=VECTOR('',#1672,10.);
#507=VECTOR('',#1675,10.);
#508=VECTOR('',#1686,10.);
#509=VECTOR('',#1687,10.);
#510=VECTOR('',#1690,10.);
#511=VECTOR('',#1691,10.);
#512=VECTOR('',#1706,10.);
#513=VECTOR('',#1717,10.);
#514=VECTOR('',#1718,10.);
#515=VECTOR('',#1723,10.);
#516=VECTOR('',#1726,10.);
#517=VECTOR('',#1731,1.7);
#518=VECTOR('',#1734,1.7);
#519=VECTOR('',#1737,10.);
#520=VECTOR('',#1738,10.);
#521=VECTOR('',#1741,10.);
#522=VECTOR('',#1744,10.);
#523=VECTOR('',#1749,10.);
#524=VECTOR('',#1750,10.);
#525=VECTOR('',#1753,10.);
#526=VECTOR('',#1756,10.);
#527=VECTOR('',#1761,10.);
#528=VECTOR('',#1762,10.);
#529=VECTOR('',#1765,10.);
#530=VECTOR('',#1768,10.);
#531=VECTOR('',#1773,10.);
#532=VECTOR('',#1774,10.);
#533=VECTOR('',#1777,10.);
#534=VECTOR('',#1780,10.);
#535=VECTOR('',#1785,10.);
#536=VECTOR('',#1786,10.);
#537=VECTOR('',#1789,10.);
#538=VECTOR('',#1792,10.);
#539=VECTOR('',#1797,10.);
#540=VECTOR('',#1798,10.);
#541=VECTOR('',#1801,10.);
#542=VECTOR('',#1804,10.);
#543=VECTOR('',#1811,3.04713551194702);
#544=VERTEX_POINT('',#1816);
#545=VERTEX_POINT('',#1817);
#546=VERTEX_POINT('',#1819);
#547=VERTEX_POINT('',#1821);
#548=VERTEX_POINT('',#1825);
#549=VERTEX_POINT('',#1827);
#550=VERTEX_POINT('',#1831);
#551=VERTEX_POINT('',#1833);
#552=VERTEX_POINT('',#1840);
#553=VERTEX_POINT('',#1842);
#554=VERTEX_POINT('',#1846);
#555=VERTEX_POINT('',#1850);
#556=VERTEX_POINT('',#1851);
#557=VERTEX_POINT('',#1853);
#558=VERTEX_POINT('',#1855);
#559=VERTEX_POINT('',#1857);
#560=VERTEX_POINT('',#1859);
#561=VERTEX_POINT('',#1861);
#562=VERTEX_POINT('',#1863);
#563=VERTEX_POINT('',#1865);
#564=VERTEX_POINT('',#1867);
#565=VERTEX_POINT('',#1870);
#566=VERTEX_POINT('',#1871);
#567=VERTEX_POINT('',#1873);
#568=VERTEX_POINT('',#1875);
#569=VERTEX_POINT('',#1878);
#570=VERTEX_POINT('',#1879);
#571=VERTEX_POINT('',#1881);
#572=VERTEX_POINT('',#1883);
#573=VERTEX_POINT('',#1886);
#574=VERTEX_POINT('',#1887);
#575=VERTEX_POINT('',#1889);
#576=VERTEX_POINT('',#1891);
#577=VERTEX_POINT('',#1894);
#578=VERTEX_POINT('',#1895);
#579=VERTEX_POINT('',#1897);
#580=VERTEX_POINT('',#1899);
#581=VERTEX_POINT('',#1902);
#582=VERTEX_POINT('',#1903);
#583=VERTEX_POINT('',#1905);
#584=VERTEX_POINT('',#1907);
#585=VERTEX_POINT('',#1910);
#586=VERTEX_POINT('',#1911);
#587=VERTEX_POINT('',#1913);
#588=VERTEX_POINT('',#1915);
#589=VERTEX_POINT('',#1918);
#590=VERTEX_POINT('',#1921);
#591=VERTEX_POINT('',#1922);
#592=VERTEX_POINT('',#1927);
#593=VERTEX_POINT('',#1929);
#594=VERTEX_POINT('',#1933);
#595=VERTEX_POINT('',#1935);
#596=VERTEX_POINT('',#1937);
#597=VERTEX_POINT('',#1941);
#598=VERTEX_POINT('',#1943);
#599=VERTEX_POINT('',#1947);
#600=VERTEX_POINT('',#1951);
#601=VERTEX_POINT('',#1953);
#602=VERTEX_POINT('',#1957);
#603=VERTEX_POINT('',#1961);
#604=VERTEX_POINT('',#1965);
#605=VERTEX_POINT('',#1967);
#606=VERTEX_POINT('',#1971);
#607=VERTEX_POINT('',#1975);
#608=VERTEX_POINT('',#1981);
#609=VERTEX_POINT('',#1982);
#610=VERTEX_POINT('',#1984);
#611=VERTEX_POINT('',#1986);
#612=VERTEX_POINT('',#1990);
#613=VERTEX_POINT('',#1991);
#614=VERTEX_POINT('',#2008);
#615=VERTEX_POINT('',#2021);
#616=VERTEX_POINT('',#2037);
#617=VERTEX_POINT('',#2041);
#618=VERTEX_POINT('',#2043);
#619=VERTEX_POINT('',#2058);
#620=VERTEX_POINT('',#2060);
#621=VERTEX_POINT('',#2064);
#622=VERTEX_POINT('',#2065);
#623=VERTEX_POINT('',#2072);
#624=VERTEX_POINT('',#2074);
#625=VERTEX_POINT('',#2076);
#626=VERTEX_POINT('',#2078);
#627=VERTEX_POINT('',#2080);
#628=VERTEX_POINT('',#2082);
#629=VERTEX_POINT('',#2085);
#630=VERTEX_POINT('',#2087);
#631=VERTEX_POINT('',#2089);
#632=VERTEX_POINT('',#2090);
#633=VERTEX_POINT('',#2092);
#634=VERTEX_POINT('',#2094);
#635=VERTEX_POINT('',#2097);
#636=VERTEX_POINT('',#2098);
#637=VERTEX_POINT('',#2100);
#638=VERTEX_POINT('',#2102);
#639=VERTEX_POINT('',#2105);
#640=VERTEX_POINT('',#2106);
#641=VERTEX_POINT('',#2108);
#642=VERTEX_POINT('',#2110);
#643=VERTEX_POINT('',#2113);
#644=VERTEX_POINT('',#2114);
#645=VERTEX_POINT('',#2116);
#646=VERTEX_POINT('',#2118);
#647=VERTEX_POINT('',#2121);
#648=VERTEX_POINT('',#2122);
#649=VERTEX_POINT('',#2124);
#650=VERTEX_POINT('',#2126);
#651=VERTEX_POINT('',#2129);
#652=VERTEX_POINT('',#2130);
#653=VERTEX_POINT('',#2132);
#654=VERTEX_POINT('',#2134);
#655=VERTEX_POINT('',#2137);
#656=VERTEX_POINT('',#2141);
#657=VERTEX_POINT('',#2142);
#658=VERTEX_POINT('',#2150);
#659=VERTEX_POINT('',#2157);
#660=VERTEX_POINT('',#2163);
#661=VERTEX_POINT('',#2165);
#662=EDGE_CURVE('',#544,#545,#252,.T.);
#663=EDGE_CURVE('',#545,#546,#253,.T.);
#664=EDGE_CURVE('',#546,#547,#254,.T.);
#665=EDGE_CURVE('',#547,#544,#255,.T.);
#666=EDGE_CURVE('',#545,#548,#256,.T.);
#667=EDGE_CURVE('',#548,#549,#257,.T.);
#668=EDGE_CURVE('',#549,#546,#258,.T.);
#669=EDGE_CURVE('',#550,#549,#259,.T.);
#670=EDGE_CURVE('',#548,#551,#260,.T.);
#671=EDGE_CURVE('',#551,#550,#261,.T.);
#672=EDGE_CURVE('',#551,#544,#262,.T.);
#673=EDGE_CURVE('',#547,#550,#263,.T.);
#674=EDGE_CURVE('',#547,#552,#264,.T.);
#675=EDGE_CURVE('',#553,#552,#265,.T.);
#676=EDGE_CURVE('',#550,#553,#266,.T.);
#677=EDGE_CURVE('',#546,#554,#267,.T.);
#678=EDGE_CURVE('',#552,#554,#268,.T.);
#679=EDGE_CURVE('',#555,#556,#269,.T.);
#680=EDGE_CURVE('',#557,#555,#270,.T.);
#681=EDGE_CURVE('',#557,#558,#271,.T.);
#682=EDGE_CURVE('',#559,#558,#272,.T.);
#683=EDGE_CURVE('',#560,#559,#273,.T.);
#684=EDGE_CURVE('',#560,#561,#64,.T.);
#685=EDGE_CURVE('',#562,#561,#274,.T.);
#686=EDGE_CURVE('',#562,#563,#65,.T.);
#687=EDGE_CURVE('',#564,#563,#275,.T.);
#688=EDGE_CURVE('',#564,#556,#66,.T.);
#689=EDGE_CURVE('',#565,#566,#276,.T.);
#690=EDGE_CURVE('',#566,#567,#277,.T.);
#691=EDGE_CURVE('',#567,#568,#278,.T.);
#692=EDGE_CURVE('',#568,#565,#279,.T.);
#693=EDGE_CURVE('',#569,#570,#280,.T.);
#694=EDGE_CURVE('',#570,#571,#281,.T.);
#695=EDGE_CURVE('',#571,#572,#282,.T.);
#696=EDGE_CURVE('',#572,#569,#283,.T.);
#697=EDGE_CURVE('',#573,#574,#284,.T.);
#698=EDGE_CURVE('',#574,#575,#285,.T.);
#699=EDGE_CURVE('',#575,#576,#286,.T.);
#700=EDGE_CURVE('',#576,#573,#287,.T.);
#701=EDGE_CURVE('',#577,#578,#288,.T.);
#702=EDGE_CURVE('',#578,#579,#289,.T.);
#703=EDGE_CURVE('',#579,#580,#290,.T.);
#704=EDGE_CURVE('',#580,#577,#291,.T.);
#705=EDGE_CURVE('',#581,#582,#292,.T.);
#706=EDGE_CURVE('',#582,#583,#293,.T.);
#707=EDGE_CURVE('',#583,#584,#294,.T.);
#708=EDGE_CURVE('',#584,#581,#295,.T.);
#709=EDGE_CURVE('',#585,#586,#296,.T.);
#710=EDGE_CURVE('',#586,#587,#297,.T.);
#711=EDGE_CURVE('',#587,#588,#298,.T.);
#712=EDGE_CURVE('',#588,#585,#299,.T.);
#713=EDGE_CURVE('',#589,#589,#67,.T.);
#714=EDGE_CURVE('',#590,#591,#300,.T.);
#715=EDGE_CURVE('',#591,#557,#301,.F.);
#716=EDGE_CURVE('',#555,#590,#302,.T.);
#717=EDGE_CURVE('',#556,#592,#41,.T.);
#718=EDGE_CURVE('',#592,#593,#303,.T.);
#719=EDGE_CURVE('',#593,#590,#304,.T.);
#720=EDGE_CURVE('',#594,#593,#305,.T.);
#721=EDGE_CURVE('',#592,#595,#42,.T.);
#722=EDGE_CURVE('',#595,#596,#306,.T.);
#723=EDGE_CURVE('',#596,#594,#307,.T.);
#724=EDGE_CURVE('',#596,#597,#308,.T.);
#725=EDGE_CURVE('',#597,#598,#40,.T.);
#726=EDGE_CURVE('',#599,#598,#309,.T.);
#727=EDGE_CURVE('',#599,#594,#310,.T.);
#728=EDGE_CURVE('',#600,#590,#311,.T.);
#729=EDGE_CURVE('',#600,#601,#312,.T.);
#730=EDGE_CURVE('',#601,#591,#313,.T.);
#731=EDGE_CURVE('',#602,#593,#314,.T.);
#732=EDGE_CURVE('',#602,#600,#315,.T.);
#733=EDGE_CURVE('',#603,#594,#316,.T.);
#734=EDGE_CURVE('',#603,#602,#317,.T.);
#735=EDGE_CURVE('',#595,#604,#68,.T.);
#736=EDGE_CURVE('',#605,#604,#318,.T.);
#737=EDGE_CURVE('',#597,#605,#319,.T.);
#738=EDGE_CURVE('',#606,#599,#320,.T.);
#739=EDGE_CURVE('',#606,#603,#321,.T.);
#740=EDGE_CURVE('',#549,#607,#322,.T.);
#741=EDGE_CURVE('',#554,#607,#323,.T.);
#742=EDGE_CURVE('',#607,#553,#324,.T.);
#743=EDGE_CURVE('',#608,#609,#69,.T.);
#744=EDGE_CURVE('',#609,#610,#70,.T.);
#745=EDGE_CURVE('',#610,#611,#71,.T.);
#746=EDGE_CURVE('',#611,#608,#72,.T.);
#747=EDGE_CURVE('',#612,#613,#73,.T.);
#748=EDGE_CURVE('',#613,#611,#325,.T.);
#749=EDGE_CURVE('',#610,#612,#326,.T.);
#750=EDGE_CURVE('',#609,#562,#15,.T.);
#751=EDGE_CURVE('',#561,#614,#16,.T.);
#752=EDGE_CURVE('',#615,#614,#74,.T.);
#753=EDGE_CURVE('',#615,#610,#327,.T.);
#754=EDGE_CURVE('',#563,#608,#17,.T.);
#755=EDGE_CURVE('',#609,#616,#328,.T.);
#756=EDGE_CURVE('',#616,#616,#75,.T.);
#757=EDGE_CURVE('',#611,#617,#329,.T.);
#758=EDGE_CURVE('',#618,#617,#76,.T.);
#759=EDGE_CURVE('',#618,#564,#18,.T.);
#760=EDGE_CURVE('',#614,#619,#77,.T.);
#761=EDGE_CURVE('',#619,#620,#78,.T.);
#762=EDGE_CURVE('',#620,#615,#79,.T.);
#763=EDGE_CURVE('',#621,#622,#80,.T.);
#764=EDGE_CURVE('',#622,#615,#330,.T.);
#765=EDGE_CURVE('',#620,#621,#331,.T.);
#766=EDGE_CURVE('',#612,#622,#332,.T.);
#767=EDGE_CURVE('',#621,#623,#333,.T.);
#768=EDGE_CURVE('',#624,#623,#81,.T.);
#769=EDGE_CURVE('',#624,#625,#334,.T.);
#770=EDGE_CURVE('',#626,#625,#82,.T.);
#771=EDGE_CURVE('',#626,#627,#335,.T.);
#772=EDGE_CURVE('',#628,#627,#83,.T.);
#773=EDGE_CURVE('',#628,#613,#336,.T.);
#774=EDGE_CURVE('',#629,#629,#84,.T.);
#775=EDGE_CURVE('',#630,#630,#85,.T.);
#776=EDGE_CURVE('',#631,#632,#337,.T.);
#777=EDGE_CURVE('',#632,#633,#338,.T.);
#778=EDGE_CURVE('',#633,#634,#339,.T.);
#779=EDGE_CURVE('',#634,#631,#340,.T.);
#780=EDGE_CURVE('',#635,#636,#341,.T.);
#781=EDGE_CURVE('',#636,#637,#342,.T.);
#782=EDGE_CURVE('',#637,#638,#343,.T.);
#783=EDGE_CURVE('',#638,#635,#344,.T.);
#784=EDGE_CURVE('',#639,#640,#345,.T.);
#785=EDGE_CURVE('',#640,#641,#346,.T.);
#786=EDGE_CURVE('',#641,#642,#347,.T.);
#787=EDGE_CURVE('',#642,#639,#348,.T.);
#788=EDGE_CURVE('',#643,#644,#349,.T.);
#789=EDGE_CURVE('',#644,#645,#350,.T.);
#790=EDGE_CURVE('',#645,#646,#351,.T.);
#791=EDGE_CURVE('',#646,#643,#352,.T.);
#792=EDGE_CURVE('',#647,#648,#353,.T.);
#793=EDGE_CURVE('',#648,#649,#354,.T.);
#794=EDGE_CURVE('',#649,#650,#355,.T.);
#795=EDGE_CURVE('',#650,#647,#356,.T.);
#796=EDGE_CURVE('',#651,#652,#357,.T.);
#797=EDGE_CURVE('',#652,#653,#358,.T.);
#798=EDGE_CURVE('',#653,#654,#359,.T.);
#799=EDGE_CURVE('',#654,#651,#360,.T.);
#800=EDGE_CURVE('',#655,#655,#86,.T.);
#801=EDGE_CURVE('',#601,#606,#361,.T.);
#802=EDGE_CURVE('',#656,#657,#87,.T.);
#803=EDGE_CURVE('',#657,#559,#88,.T.);
#804=EDGE_CURVE('',#559,#656,#89,.T.);
#805=EDGE_CURVE('',#623,#657,#362,.T.);
#806=EDGE_CURVE('',#656,#624,#363,.T.);
#807=EDGE_CURVE('',#658,#656,#364,.T.);
#808=EDGE_CURVE('',#625,#658,#365,.T.);
#809=EDGE_CURVE('',#658,#605,#90,.T.);
#810=EDGE_CURVE('',#598,#558,#43,.T.);
#811=EDGE_CURVE('',#659,#658,#91,.T.);
#812=EDGE_CURVE('',#605,#659,#92,.T.);
#813=EDGE_CURVE('',#659,#626,#366,.T.);
#814=EDGE_CURVE('',#660,#618,#93,.T.);
#815=EDGE_CURVE('',#617,#661,#94,.T.);
#816=EDGE_CURVE('',#661,#660,#95,.T.);
#817=EDGE_CURVE('',#627,#661,#367,.T.);
#818=EDGE_CURVE('',#617,#628,#368,.T.);
#819=EDGE_CURVE('',#619,#560,#19,.T.);
#820=EDGE_CURVE('',#657,#620,#369,.T.);
#821=EDGE_CURVE('',#604,#660,#20,.T.);
#822=EDGE_CURVE('',#661,#659,#370,.T.);
#823=EDGE_CURVE('',#614,#630,#371,.T.);
#824=EDGE_CURVE('',#564,#629,#372,.T.);
#825=EDGE_CURVE('',#565,#632,#373,.T.);
#826=EDGE_CURVE('',#566,#631,#374,.T.);
#827=EDGE_CURVE('',#568,#633,#375,.T.);
#828=EDGE_CURVE('',#567,#634,#376,.T.);
#829=EDGE_CURVE('',#569,#636,#377,.T.);
#830=EDGE_CURVE('',#570,#635,#378,.T.);
#831=EDGE_CURVE('',#572,#637,#379,.T.);
#832=EDGE_CURVE('',#571,#638,#380,.T.);
#833=EDGE_CURVE('',#573,#640,#381,.T.);
#834=EDGE_CURVE('',#574,#639,#382,.T.);
#835=EDGE_CURVE('',#576,#641,#383,.T.);
#836=EDGE_CURVE('',#575,#642,#384,.T.);
#837=EDGE_CURVE('',#577,#644,#385,.T.);
#838=EDGE_CURVE('',#578,#643,#386,.T.);
#839=EDGE_CURVE('',#580,#645,#387,.T.);
#840=EDGE_CURVE('',#579,#646,#388,.T.);
#841=EDGE_CURVE('',#581,#648,#389,.T.);
#842=EDGE_CURVE('',#582,#647,#390,.T.);
#843=EDGE_CURVE('',#584,#649,#391,.T.);
#844=EDGE_CURVE('',#583,#650,#392,.T.);
#845=EDGE_CURVE('',#585,#652,#393,.T.);
#846=EDGE_CURVE('',#586,#651,#394,.T.);
#847=EDGE_CURVE('',#588,#653,#395,.T.);
#848=EDGE_CURVE('',#587,#654,#396,.T.);
#849=EDGE_CURVE('',#589,#655,#397,.T.);
#850=ORIENTED_EDGE('',*,*,#662,.T.);
#851=ORIENTED_EDGE('',*,*,#663,.T.);
#852=ORIENTED_EDGE('',*,*,#664,.T.);
#853=ORIENTED_EDGE('',*,*,#665,.T.);
#854=ORIENTED_EDGE('',*,*,#666,.T.);
#855=ORIENTED_EDGE('',*,*,#667,.T.);
#856=ORIENTED_EDGE('',*,*,#668,.T.);
#857=ORIENTED_EDGE('',*,*,#663,.F.);
#858=ORIENTED_EDGE('',*,*,#669,.T.);
#859=ORIENTED_EDGE('',*,*,#667,.F.);
#860=ORIENTED_EDGE('',*,*,#670,.T.);
#861=ORIENTED_EDGE('',*,*,#671,.T.);
#862=ORIENTED_EDGE('',*,*,#672,.T.);
#863=ORIENTED_EDGE('',*,*,#665,.F.);
#864=ORIENTED_EDGE('',*,*,#673,.T.);
#865=ORIENTED_EDGE('',*,*,#671,.F.);
#866=ORIENTED_EDGE('',*,*,#673,.F.);
#867=ORIENTED_EDGE('',*,*,#674,.T.);
#868=ORIENTED_EDGE('',*,*,#675,.F.);
#869=ORIENTED_EDGE('',*,*,#676,.F.);
#870=ORIENTED_EDGE('',*,*,#664,.F.);
#871=ORIENTED_EDGE('',*,*,#677,.T.);
#872=ORIENTED_EDGE('',*,*,#678,.F.);
#873=ORIENTED_EDGE('',*,*,#674,.F.);
#874=ORIENTED_EDGE('',*,*,#679,.F.);
#875=ORIENTED_EDGE('',*,*,#680,.F.);
#876=ORIENTED_EDGE('',*,*,#681,.T.);
#877=ORIENTED_EDGE('',*,*,#682,.F.);
#878=ORIENTED_EDGE('',*,*,#683,.F.);
#879=ORIENTED_EDGE('',*,*,#684,.T.);
#880=ORIENTED_EDGE('',*,*,#685,.F.);
#881=ORIENTED_EDGE('',*,*,#686,.T.);
#882=ORIENTED_EDGE('',*,*,#687,.F.);
#883=ORIENTED_EDGE('',*,*,#688,.T.);
#884=ORIENTED_EDGE('',*,*,#689,.T.);
#885=ORIENTED_EDGE('',*,*,#690,.T.);
#886=ORIENTED_EDGE('',*,*,#691,.T.);
#887=ORIENTED_EDGE('',*,*,#692,.T.);
#888=ORIENTED_EDGE('',*,*,#693,.T.);
#889=ORIENTED_EDGE('',*,*,#694,.T.);
#890=ORIENTED_EDGE('',*,*,#695,.T.);
#891=ORIENTED_EDGE('',*,*,#696,.T.);
#892=ORIENTED_EDGE('',*,*,#697,.T.);
#893=ORIENTED_EDGE('',*,*,#698,.T.);
#894=ORIENTED_EDGE('',*,*,#699,.T.);
#895=ORIENTED_EDGE('',*,*,#700,.T.);
#896=ORIENTED_EDGE('',*,*,#701,.T.);
#897=ORIENTED_EDGE('',*,*,#702,.T.);
#898=ORIENTED_EDGE('',*,*,#703,.T.);
#899=ORIENTED_EDGE('',*,*,#704,.T.);
#900=ORIENTED_EDGE('',*,*,#705,.T.);
#901=ORIENTED_EDGE('',*,*,#706,.T.);
#902=ORIENTED_EDGE('',*,*,#707,.T.);
#903=ORIENTED_EDGE('',*,*,#708,.T.);
#904=ORIENTED_EDGE('',*,*,#709,.T.);
#905=ORIENTED_EDGE('',*,*,#710,.T.);
#906=ORIENTED_EDGE('',*,*,#711,.T.);
#907=ORIENTED_EDGE('',*,*,#712,.T.);
#908=ORIENTED_EDGE('',*,*,#713,.T.);
#909=ORIENTED_EDGE('',*,*,#662,.F.);
#910=ORIENTED_EDGE('',*,*,#672,.F.);
#911=ORIENTED_EDGE('',*,*,#670,.F.);
#912=ORIENTED_EDGE('',*,*,#666,.F.);
#913=ORIENTED_EDGE('',*,*,#714,.T.);
#914=ORIENTED_EDGE('',*,*,#715,.T.);
#915=ORIENTED_EDGE('',*,*,#680,.T.);
#916=ORIENTED_EDGE('',*,*,#716,.T.);
#917=ORIENTED_EDGE('',*,*,#679,.T.);
#918=ORIENTED_EDGE('',*,*,#717,.T.);
#919=ORIENTED_EDGE('',*,*,#718,.T.);
#920=ORIENTED_EDGE('',*,*,#719,.T.);
#921=ORIENTED_EDGE('',*,*,#716,.F.);
#922=ORIENTED_EDGE('',*,*,#720,.T.);
#923=ORIENTED_EDGE('',*,*,#718,.F.);
#924=ORIENTED_EDGE('',*,*,#721,.T.);
#925=ORIENTED_EDGE('',*,*,#722,.T.);
#926=ORIENTED_EDGE('',*,*,#723,.T.);
#927=ORIENTED_EDGE('',*,*,#724,.T.);
#928=ORIENTED_EDGE('',*,*,#725,.T.);
#929=ORIENTED_EDGE('',*,*,#726,.F.);
#930=ORIENTED_EDGE('',*,*,#727,.T.);
#931=ORIENTED_EDGE('',*,*,#723,.F.);
#932=ORIENTED_EDGE('',*,*,#714,.F.);
#933=ORIENTED_EDGE('',*,*,#728,.F.);
#934=ORIENTED_EDGE('',*,*,#729,.T.);
#935=ORIENTED_EDGE('',*,*,#730,.T.);
#936=ORIENTED_EDGE('',*,*,#719,.F.);
#937=ORIENTED_EDGE('',*,*,#731,.F.);
#938=ORIENTED_EDGE('',*,*,#732,.T.);
#939=ORIENTED_EDGE('',*,*,#728,.T.);
#940=ORIENTED_EDGE('',*,*,#720,.F.);
#941=ORIENTED_EDGE('',*,*,#733,.F.);
#942=ORIENTED_EDGE('',*,*,#734,.T.);
#943=ORIENTED_EDGE('',*,*,#731,.T.);
#944=ORIENTED_EDGE('',*,*,#722,.F.);
#945=ORIENTED_EDGE('',*,*,#735,.T.);
#946=ORIENTED_EDGE('',*,*,#736,.F.);
#947=ORIENTED_EDGE('',*,*,#737,.F.);
#948=ORIENTED_EDGE('',*,*,#724,.F.);
#949=ORIENTED_EDGE('',*,*,#727,.F.);
#950=ORIENTED_EDGE('',*,*,#738,.F.);
#951=ORIENTED_EDGE('',*,*,#739,.T.);
#952=ORIENTED_EDGE('',*,*,#733,.T.);
#953=ORIENTED_EDGE('',*,*,#668,.F.);
#954=ORIENTED_EDGE('',*,*,#740,.T.);
#955=ORIENTED_EDGE('',*,*,#741,.F.);
#956=ORIENTED_EDGE('',*,*,#677,.F.);
#957=ORIENTED_EDGE('',*,*,#669,.F.);
#958=ORIENTED_EDGE('',*,*,#676,.T.);
#959=ORIENTED_EDGE('',*,*,#742,.F.);
#960=ORIENTED_EDGE('',*,*,#740,.F.);
#961=ORIENTED_EDGE('',*,*,#743,.T.);
#962=ORIENTED_EDGE('',*,*,#744,.T.);
#963=ORIENTED_EDGE('',*,*,#745,.T.);
#964=ORIENTED_EDGE('',*,*,#746,.T.);
#965=ORIENTED_EDGE('',*,*,#747,.T.);
#966=ORIENTED_EDGE('',*,*,#748,.T.);
#967=ORIENTED_EDGE('',*,*,#745,.F.);
#968=ORIENTED_EDGE('',*,*,#749,.T.);
#969=ORIENTED_EDGE('',*,*,#744,.F.);
#970=ORIENTED_EDGE('',*,*,#750,.T.);
#971=ORIENTED_EDGE('',*,*,#685,.T.);
#972=ORIENTED_EDGE('',*,*,#751,.T.);
#973=ORIENTED_EDGE('',*,*,#752,.F.);
#974=ORIENTED_EDGE('',*,*,#753,.T.);
#975=ORIENTED_EDGE('',*,*,#743,.F.);
#976=ORIENTED_EDGE('',*,*,#754,.F.);
#977=ORIENTED_EDGE('',*,*,#686,.F.);
#978=ORIENTED_EDGE('',*,*,#750,.F.);
#979=ORIENTED_EDGE('',*,*,#755,.T.);
#980=ORIENTED_EDGE('',*,*,#756,.F.);
#981=ORIENTED_EDGE('',*,*,#755,.F.);
#982=ORIENTED_EDGE('',*,*,#746,.F.);
#983=ORIENTED_EDGE('',*,*,#757,.T.);
#984=ORIENTED_EDGE('',*,*,#758,.F.);
#985=ORIENTED_EDGE('',*,*,#759,.T.);
#986=ORIENTED_EDGE('',*,*,#687,.T.);
#987=ORIENTED_EDGE('',*,*,#754,.T.);
#988=ORIENTED_EDGE('',*,*,#760,.T.);
#989=ORIENTED_EDGE('',*,*,#761,.T.);
#990=ORIENTED_EDGE('',*,*,#762,.T.);
#991=ORIENTED_EDGE('',*,*,#752,.T.);
#992=ORIENTED_EDGE('',*,*,#763,.T.);
#993=ORIENTED_EDGE('',*,*,#764,.T.);
#994=ORIENTED_EDGE('',*,*,#762,.F.);
#995=ORIENTED_EDGE('',*,*,#765,.T.);
#996=ORIENTED_EDGE('',*,*,#749,.F.);
#997=ORIENTED_EDGE('',*,*,#753,.F.);
#998=ORIENTED_EDGE('',*,*,#764,.F.);
#999=ORIENTED_EDGE('',*,*,#766,.F.);
#1000=ORIENTED_EDGE('',*,*,#747,.F.);
#1001=ORIENTED_EDGE('',*,*,#766,.T.);
#1002=ORIENTED_EDGE('',*,*,#763,.F.);
#1003=ORIENTED_EDGE('',*,*,#767,.T.);
#1004=ORIENTED_EDGE('',*,*,#768,.F.);
#1005=ORIENTED_EDGE('',*,*,#769,.T.);
#1006=ORIENTED_EDGE('',*,*,#770,.F.);
#1007=ORIENTED_EDGE('',*,*,#771,.T.);
#1008=ORIENTED_EDGE('',*,*,#772,.F.);
#1009=ORIENTED_EDGE('',*,*,#773,.T.);
#1010=ORIENTED_EDGE('',*,*,#678,.T.);
#1011=ORIENTED_EDGE('',*,*,#741,.T.);
#1012=ORIENTED_EDGE('',*,*,#742,.T.);
#1013=ORIENTED_EDGE('',*,*,#675,.T.);
#1014=ORIENTED_EDGE('',*,*,#756,.T.);
#1015=ORIENTED_EDGE('',*,*,#774,.T.);
#1016=ORIENTED_EDGE('',*,*,#775,.T.);
#1017=ORIENTED_EDGE('',*,*,#776,.T.);
#1018=ORIENTED_EDGE('',*,*,#777,.T.);
#1019=ORIENTED_EDGE('',*,*,#778,.T.);
#1020=ORIENTED_EDGE('',*,*,#779,.T.);
#1021=ORIENTED_EDGE('',*,*,#780,.T.);
#1022=ORIENTED_EDGE('',*,*,#781,.T.);
#1023=ORIENTED_EDGE('',*,*,#782,.T.);
#1024=ORIENTED_EDGE('',*,*,#783,.T.);
#1025=ORIENTED_EDGE('',*,*,#784,.T.);
#1026=ORIENTED_EDGE('',*,*,#785,.T.);
#1027=ORIENTED_EDGE('',*,*,#786,.T.);
#1028=ORIENTED_EDGE('',*,*,#787,.T.);
#1029=ORIENTED_EDGE('',*,*,#788,.T.);
#1030=ORIENTED_EDGE('',*,*,#789,.T.);
#1031=ORIENTED_EDGE('',*,*,#790,.T.);
#1032=ORIENTED_EDGE('',*,*,#791,.T.);
#1033=ORIENTED_EDGE('',*,*,#792,.T.);
#1034=ORIENTED_EDGE('',*,*,#793,.T.);
#1035=ORIENTED_EDGE('',*,*,#794,.T.);
#1036=ORIENTED_EDGE('',*,*,#795,.T.);
#1037=ORIENTED_EDGE('',*,*,#796,.T.);
#1038=ORIENTED_EDGE('',*,*,#797,.T.);
#1039=ORIENTED_EDGE('',*,*,#798,.T.);
#1040=ORIENTED_EDGE('',*,*,#799,.T.);
#1041=ORIENTED_EDGE('',*,*,#800,.F.);
#1042=ORIENTED_EDGE('',*,*,#732,.F.);
#1043=ORIENTED_EDGE('',*,*,#734,.F.);
#1044=ORIENTED_EDGE('',*,*,#739,.F.);
#1045=ORIENTED_EDGE('',*,*,#801,.F.);
#1046=ORIENTED_EDGE('',*,*,#729,.F.);
#1047=ORIENTED_EDGE('',*,*,#802,.T.);
#1048=ORIENTED_EDGE('',*,*,#803,.T.);
#1049=ORIENTED_EDGE('',*,*,#804,.T.);
#1050=ORIENTED_EDGE('',*,*,#768,.T.);
#1051=ORIENTED_EDGE('',*,*,#805,.T.);
#1052=ORIENTED_EDGE('',*,*,#802,.F.);
#1053=ORIENTED_EDGE('',*,*,#806,.T.);
#1054=ORIENTED_EDGE('',*,*,#806,.F.);
#1055=ORIENTED_EDGE('',*,*,#807,.F.);
#1056=ORIENTED_EDGE('',*,*,#808,.F.);
#1057=ORIENTED_EDGE('',*,*,#769,.F.);
#1058=ORIENTED_EDGE('',*,*,#725,.F.);
#1059=ORIENTED_EDGE('',*,*,#737,.T.);
#1060=ORIENTED_EDGE('',*,*,#809,.F.);
#1061=ORIENTED_EDGE('',*,*,#807,.T.);
#1062=ORIENTED_EDGE('',*,*,#804,.F.);
#1063=ORIENTED_EDGE('',*,*,#682,.T.);
#1064=ORIENTED_EDGE('',*,*,#810,.F.);
#1065=ORIENTED_EDGE('',*,*,#811,.T.);
#1066=ORIENTED_EDGE('',*,*,#809,.T.);
#1067=ORIENTED_EDGE('',*,*,#812,.T.);
#1068=ORIENTED_EDGE('',*,*,#770,.T.);
#1069=ORIENTED_EDGE('',*,*,#808,.T.);
#1070=ORIENTED_EDGE('',*,*,#811,.F.);
#1071=ORIENTED_EDGE('',*,*,#813,.T.);
#1072=ORIENTED_EDGE('',*,*,#814,.T.);
#1073=ORIENTED_EDGE('',*,*,#758,.T.);
#1074=ORIENTED_EDGE('',*,*,#815,.T.);
#1075=ORIENTED_EDGE('',*,*,#816,.T.);
#1076=ORIENTED_EDGE('',*,*,#772,.T.);
#1077=ORIENTED_EDGE('',*,*,#817,.T.);
#1078=ORIENTED_EDGE('',*,*,#815,.F.);
#1079=ORIENTED_EDGE('',*,*,#818,.T.);
#1080=ORIENTED_EDGE('',*,*,#748,.F.);
#1081=ORIENTED_EDGE('',*,*,#773,.F.);
#1082=ORIENTED_EDGE('',*,*,#818,.F.);
#1083=ORIENTED_EDGE('',*,*,#757,.F.);
#1084=ORIENTED_EDGE('',*,*,#761,.F.);
#1085=ORIENTED_EDGE('',*,*,#819,.T.);
#1086=ORIENTED_EDGE('',*,*,#683,.T.);
#1087=ORIENTED_EDGE('',*,*,#803,.F.);
#1088=ORIENTED_EDGE('',*,*,#820,.T.);
#1089=ORIENTED_EDGE('',*,*,#812,.F.);
#1090=ORIENTED_EDGE('',*,*,#736,.T.);
#1091=ORIENTED_EDGE('',*,*,#821,.T.);
#1092=ORIENTED_EDGE('',*,*,#816,.F.);
#1093=ORIENTED_EDGE('',*,*,#822,.T.);
#1094=ORIENTED_EDGE('',*,*,#765,.F.);
#1095=ORIENTED_EDGE('',*,*,#820,.F.);
#1096=ORIENTED_EDGE('',*,*,#805,.F.);
#1097=ORIENTED_EDGE('',*,*,#767,.F.);
#1098=ORIENTED_EDGE('',*,*,#760,.F.);
#1099=ORIENTED_EDGE('',*,*,#823,.T.);
#1100=ORIENTED_EDGE('',*,*,#775,.F.);
#1101=ORIENTED_EDGE('',*,*,#823,.F.);
#1102=ORIENTED_EDGE('',*,*,#751,.F.);
#1103=ORIENTED_EDGE('',*,*,#684,.F.);
#1104=ORIENTED_EDGE('',*,*,#819,.F.);
#1105=ORIENTED_EDGE('',*,*,#717,.F.);
#1106=ORIENTED_EDGE('',*,*,#688,.F.);
#1107=ORIENTED_EDGE('',*,*,#824,.T.);
#1108=ORIENTED_EDGE('',*,*,#774,.F.);
#1109=ORIENTED_EDGE('',*,*,#824,.F.);
#1110=ORIENTED_EDGE('',*,*,#759,.F.);
#1111=ORIENTED_EDGE('',*,*,#814,.F.);
#1112=ORIENTED_EDGE('',*,*,#821,.F.);
#1113=ORIENTED_EDGE('',*,*,#735,.F.);
#1114=ORIENTED_EDGE('',*,*,#721,.F.);
#1115=ORIENTED_EDGE('',*,*,#689,.F.);
#1116=ORIENTED_EDGE('',*,*,#825,.T.);
#1117=ORIENTED_EDGE('',*,*,#776,.F.);
#1118=ORIENTED_EDGE('',*,*,#826,.F.);
#1119=ORIENTED_EDGE('',*,*,#692,.F.);
#1120=ORIENTED_EDGE('',*,*,#827,.T.);
#1121=ORIENTED_EDGE('',*,*,#777,.F.);
#1122=ORIENTED_EDGE('',*,*,#825,.F.);
#1123=ORIENTED_EDGE('',*,*,#691,.F.);
#1124=ORIENTED_EDGE('',*,*,#828,.T.);
#1125=ORIENTED_EDGE('',*,*,#778,.F.);
#1126=ORIENTED_EDGE('',*,*,#827,.F.);
#1127=ORIENTED_EDGE('',*,*,#690,.F.);
#1128=ORIENTED_EDGE('',*,*,#826,.T.);
#1129=ORIENTED_EDGE('',*,*,#779,.F.);
#1130=ORIENTED_EDGE('',*,*,#828,.F.);
#1131=ORIENTED_EDGE('',*,*,#693,.F.);
#1132=ORIENTED_EDGE('',*,*,#829,.T.);
#1133=ORIENTED_EDGE('',*,*,#780,.F.);
#1134=ORIENTED_EDGE('',*,*,#830,.F.);
#1135=ORIENTED_EDGE('',*,*,#696,.F.);
#1136=ORIENTED_EDGE('',*,*,#831,.T.);
#1137=ORIENTED_EDGE('',*,*,#781,.F.);
#1138=ORIENTED_EDGE('',*,*,#829,.F.);
#1139=ORIENTED_EDGE('',*,*,#695,.F.);
#1140=ORIENTED_EDGE('',*,*,#832,.T.);
#1141=ORIENTED_EDGE('',*,*,#782,.F.);
#1142=ORIENTED_EDGE('',*,*,#831,.F.);
#1143=ORIENTED_EDGE('',*,*,#694,.F.);
#1144=ORIENTED_EDGE('',*,*,#830,.T.);
#1145=ORIENTED_EDGE('',*,*,#783,.F.);
#1146=ORIENTED_EDGE('',*,*,#832,.F.);
#1147=ORIENTED_EDGE('',*,*,#697,.F.);
#1148=ORIENTED_EDGE('',*,*,#833,.T.);
#1149=ORIENTED_EDGE('',*,*,#784,.F.);
#1150=ORIENTED_EDGE('',*,*,#834,.F.);
#1151=ORIENTED_EDGE('',*,*,#700,.F.);
#1152=ORIENTED_EDGE('',*,*,#835,.T.);
#1153=ORIENTED_EDGE('',*,*,#785,.F.);
#1154=ORIENTED_EDGE('',*,*,#833,.F.);
#1155=ORIENTED_EDGE('',*,*,#699,.F.);
#1156=ORIENTED_EDGE('',*,*,#836,.T.);
#1157=ORIENTED_EDGE('',*,*,#786,.F.);
#1158=ORIENTED_EDGE('',*,*,#835,.F.);
#1159=ORIENTED_EDGE('',*,*,#698,.F.);
#1160=ORIENTED_EDGE('',*,*,#834,.T.);
#1161=ORIENTED_EDGE('',*,*,#787,.F.);
#1162=ORIENTED_EDGE('',*,*,#836,.F.);
#1163=ORIENTED_EDGE('',*,*,#701,.F.);
#1164=ORIENTED_EDGE('',*,*,#837,.T.);
#1165=ORIENTED_EDGE('',*,*,#788,.F.);
#1166=ORIENTED_EDGE('',*,*,#838,.F.);
#1167=ORIENTED_EDGE('',*,*,#704,.F.);
#1168=ORIENTED_EDGE('',*,*,#839,.T.);
#1169=ORIENTED_EDGE('',*,*,#789,.F.);
#1170=ORIENTED_EDGE('',*,*,#837,.F.);
#1171=ORIENTED_EDGE('',*,*,#703,.F.);
#1172=ORIENTED_EDGE('',*,*,#840,.T.);
#1173=ORIENTED_EDGE('',*,*,#790,.F.);
#1174=ORIENTED_EDGE('',*,*,#839,.F.);
#1175=ORIENTED_EDGE('',*,*,#702,.F.);
#1176=ORIENTED_EDGE('',*,*,#838,.T.);
#1177=ORIENTED_EDGE('',*,*,#791,.F.);
#1178=ORIENTED_EDGE('',*,*,#840,.F.);
#1179=ORIENTED_EDGE('',*,*,#705,.F.);
#1180=ORIENTED_EDGE('',*,*,#841,.T.);
#1181=ORIENTED_EDGE('',*,*,#792,.F.);
#1182=ORIENTED_EDGE('',*,*,#842,.F.);
#1183=ORIENTED_EDGE('',*,*,#708,.F.);
#1184=ORIENTED_EDGE('',*,*,#843,.T.);
#1185=ORIENTED_EDGE('',*,*,#793,.F.);
#1186=ORIENTED_EDGE('',*,*,#841,.F.);
#1187=ORIENTED_EDGE('',*,*,#707,.F.);
#1188=ORIENTED_EDGE('',*,*,#844,.T.);
#1189=ORIENTED_EDGE('',*,*,#794,.F.);
#1190=ORIENTED_EDGE('',*,*,#843,.F.);
#1191=ORIENTED_EDGE('',*,*,#706,.F.);
#1192=ORIENTED_EDGE('',*,*,#842,.T.);
#1193=ORIENTED_EDGE('',*,*,#795,.F.);
#1194=ORIENTED_EDGE('',*,*,#844,.F.);
#1195=ORIENTED_EDGE('',*,*,#709,.F.);
#1196=ORIENTED_EDGE('',*,*,#845,.T.);
#1197=ORIENTED_EDGE('',*,*,#796,.F.);
#1198=ORIENTED_EDGE('',*,*,#846,.F.);
#1199=ORIENTED_EDGE('',*,*,#712,.F.);
#1200=ORIENTED_EDGE('',*,*,#847,.T.);
#1201=ORIENTED_EDGE('',*,*,#797,.F.);
#1202=ORIENTED_EDGE('',*,*,#845,.F.);
#1203=ORIENTED_EDGE('',*,*,#711,.F.);
#1204=ORIENTED_EDGE('',*,*,#848,.T.);
#1205=ORIENTED_EDGE('',*,*,#798,.F.);
#1206=ORIENTED_EDGE('',*,*,#847,.F.);
#1207=ORIENTED_EDGE('',*,*,#710,.F.);
#1208=ORIENTED_EDGE('',*,*,#846,.T.);
#1209=ORIENTED_EDGE('',*,*,#799,.F.);
#1210=ORIENTED_EDGE('',*,*,#848,.F.);
#1211=ORIENTED_EDGE('',*,*,#801,.T.);
#1212=ORIENTED_EDGE('',*,*,#738,.T.);
#1213=ORIENTED_EDGE('',*,*,#726,.T.);
#1214=ORIENTED_EDGE('',*,*,#810,.T.);
#1215=ORIENTED_EDGE('',*,*,#681,.F.);
#1216=ORIENTED_EDGE('',*,*,#715,.F.);
#1217=ORIENTED_EDGE('',*,*,#730,.F.);
#1218=ORIENTED_EDGE('',*,*,#713,.F.);
#1219=ORIENTED_EDGE('',*,*,#849,.T.);
#1220=ORIENTED_EDGE('',*,*,#800,.T.);
#1221=ORIENTED_EDGE('',*,*,#849,.F.);
#1222=ORIENTED_EDGE('',*,*,#813,.F.);
#1223=ORIENTED_EDGE('',*,*,#822,.F.);
#1224=ORIENTED_EDGE('',*,*,#817,.F.);
#1225=ORIENTED_EDGE('',*,*,#771,.F.);
#1226=PLANE('',#1357);
#1227=PLANE('',#1358);
#1228=PLANE('',#1359);
#1229=PLANE('',#1360);
#1230=PLANE('',#1361);
#1231=PLANE('',#1362);
#1232=PLANE('',#1363);
#1233=PLANE('',#1368);
#1234=PLANE('',#1369);
#1235=PLANE('',#1371);
#1236=PLANE('',#1373);
#1237=PLANE('',#1374);
#1238=PLANE('',#1375);
#1239=PLANE('',#1376);
#1240=PLANE('',#1377);
#1241=PLANE('',#1379);
#1242=PLANE('',#1380);
#1243=PLANE('',#1381);
#1244=PLANE('',#1401);
#1245=PLANE('',#1402);
#1246=PLANE('',#1414);
#1247=PLANE('',#1427);
#1248=PLANE('',#1430);
#1249=PLANE('',#1433);
#1250=PLANE('',#1434);
#1251=PLANE('',#1435);
#1252=PLANE('',#1436);
#1253=PLANE('',#1437);
#1254=PLANE('',#1438);
#1255=PLANE('',#1439);
#1256=PLANE('',#1440);
#1257=PLANE('',#1441);
#1258=PLANE('',#1442);
#1259=PLANE('',#1443);
#1260=PLANE('',#1444);
#1261=PLANE('',#1445);
#1262=PLANE('',#1446);
#1263=PLANE('',#1447);
#1264=PLANE('',#1448);
#1265=PLANE('',#1449);
#1266=PLANE('',#1450);
#1267=PLANE('',#1451);
#1268=PLANE('',#1452);
#1269=PLANE('',#1453);
#1270=PLANE('',#1454);
#1271=PLANE('',#1455);
#1272=PLANE('',#1456);
#1273=PLANE('',#1457);
#1274=PLANE('',#1459);
#1275=ADVANCED_FACE('',(#96),#1226,.T.);
#1276=ADVANCED_FACE('',(#97),#1227,.T.);
#1277=ADVANCED_FACE('',(#98),#1228,.T.);
#1278=ADVANCED_FACE('',(#99),#1229,.T.);
#1279=ADVANCED_FACE('',(#100),#1230,.F.);
#1280=ADVANCED_FACE('',(#101),#1231,.F.);
#1281=ADVANCED_FACE('',(#102,#44,#45,#46,#47,#48,#49,#50,#51),#1232,.T.);
#1282=ADVANCED_FACE('',(#103),#1233,.T.);
#1283=ADVANCED_FACE('',(#104),#1234,.T.);
#1284=ADVANCED_FACE('',(#105),#1235,.T.);
#1285=ADVANCED_FACE('',(#106),#1236,.T.);
#1286=ADVANCED_FACE('',(#107),#1237,.T.);
#1287=ADVANCED_FACE('',(#108),#1238,.T.);
#1288=ADVANCED_FACE('',(#109),#1239,.T.);
#1289=ADVANCED_FACE('',(#110),#1240,.T.);
#1290=ADVANCED_FACE('',(#111),#1241,.T.);
#1291=ADVANCED_FACE('',(#112),#1242,.F.);
#1292=ADVANCED_FACE('',(#113),#1243,.F.);
#1293=ADVANCED_FACE('',(#114),#35,.T.);
#1294=ADVANCED_FACE('',(#115),#21,.T.);
#1295=ADVANCED_FACE('',(#116),#22,.T.);
#1296=ADVANCED_FACE('',(#117),#23,.F.);
#1297=ADVANCED_FACE('',(#118),#24,.T.);
#1298=ADVANCED_FACE('',(#119),#36,.T.);
#1299=ADVANCED_FACE('',(#120),#25,.T.);
#1300=ADVANCED_FACE('',(#121),#1244,.T.);
#1301=ADVANCED_FACE('',(#122,#52,#53,#54,#55,#56,#57,#58,#59,#60,#61,#62,
#63),#1245,.F.);
#1302=ADVANCED_FACE('',(#123),#37,.T.);
#1303=ADVANCED_FACE('',(#124),#26,.T.);
#1304=ADVANCED_FACE('',(#125),#1246,.T.);
#1305=ADVANCED_FACE('',(#126),#27,.T.);
#1306=ADVANCED_FACE('',(#127),#38,.T.);
#1307=ADVANCED_FACE('',(#128),#28,.T.);
#1308=ADVANCED_FACE('',(#129),#39,.T.);
#1309=ADVANCED_FACE('',(#130),#29,.T.);
#1310=ADVANCED_FACE('',(#131),#1247,.T.);
#1311=ADVANCED_FACE('',(#132),#30,.T.);
#1312=ADVANCED_FACE('',(#133),#31,.T.);
#1313=ADVANCED_FACE('',(#134),#1248,.T.);
#1314=ADVANCED_FACE('',(#135),#32,.F.);
#1315=ADVANCED_FACE('',(#136),#33,.F.);
#1316=ADVANCED_FACE('',(#137),#1249,.F.);
#1317=ADVANCED_FACE('',(#138),#1250,.F.);
#1318=ADVANCED_FACE('',(#139),#1251,.F.);
#1319=ADVANCED_FACE('',(#140),#1252,.F.);
#1320=ADVANCED_FACE('',(#141),#1253,.F.);
#1321=ADVANCED_FACE('',(#142),#1254,.F.);
#1322=ADVANCED_FACE('',(#143),#1255,.F.);
#1323=ADVANCED_FACE('',(#144),#1256,.F.);
#1324=ADVANCED_FACE('',(#145),#1257,.F.);
#1325=ADVANCED_FACE('',(#146),#1258,.F.);
#1326=ADVANCED_FACE('',(#147),#1259,.F.);
#1327=ADVANCED_FACE('',(#148),#1260,.F.);
#1328=ADVANCED_FACE('',(#149),#1261,.F.);
#1329=ADVANCED_FACE('',(#150),#1262,.F.);
#1330=ADVANCED_FACE('',(#151),#1263,.F.);
#1331=ADVANCED_FACE('',(#152),#1264,.F.);
#1332=ADVANCED_FACE('',(#153),#1265,.F.);
#1333=ADVANCED_FACE('',(#154),#1266,.F.);
#1334=ADVANCED_FACE('',(#155),#1267,.F.);
#1335=ADVANCED_FACE('',(#156),#1268,.F.);
#1336=ADVANCED_FACE('',(#157),#1269,.F.);
#1337=ADVANCED_FACE('',(#158),#1270,.F.);
#1338=ADVANCED_FACE('',(#159),#1271,.F.);
#1339=ADVANCED_FACE('',(#160),#1272,.F.);
#1340=ADVANCED_FACE('',(#161),#1273,.T.);
#1341=ADVANCED_FACE('',(#162),#34,.F.);
#1342=ADVANCED_FACE('',(#163),#1274,.T.);
#1343=CLOSED_SHELL('',(#1275,#1276,#1277,#1278,#1279,#1280,#1281,#1282,
#1283,#1284,#1285,#1286,#1287,#1288,#1289,#1290,#1291,#1292,#1293,#1294,
#1295,#1296,#1297,#1298,#1299,#1300,#1301,#1302,#1303,#1304,#1305,#1306,
#1307,#1308,#1309,#1310,#1311,#1312,#1313,#1314,#1315,#1316,#1317,#1318,
#1319,#1320,#1321,#1322,#1323,#1324,#1325,#1326,#1327,#1328,#1329,#1330,
#1331,#1332,#1333,#1334,#1335,#1336,#1337,#1338,#1339,#1340,#1341,#1342));
#1344=DERIVED_UNIT_ELEMENT(#1346,1.);
#1345=DERIVED_UNIT_ELEMENT(#2262,-3.);
#1346=(
MASS_UNIT()
NAMED_UNIT(*)
SI_UNIT(.KILO.,.GRAM.)
);
#1347=DERIVED_UNIT((#1344,#1345));
#1348=MEASURE_REPRESENTATION_ITEM('density measure',
POSITIVE_RATIO_MEASURE(7850.),#1347);
#1349=PROPERTY_DEFINITION_REPRESENTATION(#1354,#1351);
#1350=PROPERTY_DEFINITION_REPRESENTATION(#1355,#1352);
#1351=REPRESENTATION('material name',(#1353),#2259);
#1352=REPRESENTATION('density',(#1348),#2259);
#1353=DESCRIPTIVE_REPRESENTATION_ITEM('Steel','Steel');
#1354=PROPERTY_DEFINITION('material property','material name',#2269);
#1355=PROPERTY_DEFINITION('material property','density of part',#2269);
#1356=AXIS2_PLACEMENT_3D('',#1814,#1460,#1461);
#1357=AXIS2_PLACEMENT_3D('',#1815,#1462,#1463);
#1358=AXIS2_PLACEMENT_3D('',#1824,#1468,#1469);
#1359=AXIS2_PLACEMENT_3D('',#1830,#1473,#1474);
#1360=AXIS2_PLACEMENT_3D('',#1836,#1478,#1479);
#1361=AXIS2_PLACEMENT_3D('',#1839,#1482,#1483);
#1362=AXIS2_PLACEMENT_3D('',#1845,#1487,#1488);
#1363=AXIS2_PLACEMENT_3D('',#1849,#1491,#1492);
#1364=AXIS2_PLACEMENT_3D('',#1862,#1498,#1499);
#1365=AXIS2_PLACEMENT_3D('',#1866,#1501,#1502);
#1366=AXIS2_PLACEMENT_3D('',#1869,#1504,#1505);
#1367=AXIS2_PLACEMENT_3D('',#1919,#1530,#1531);
#1368=AXIS2_PLACEMENT_3D('',#1920,#1532,#1533);
#1369=AXIS2_PLACEMENT_3D('',#1926,#1537,#1538);
#1370=AXIS2_PLACEMENT_3D('',#1928,#1539,#1540);
#1371=AXIS2_PLACEMENT_3D('',#1932,#1543,#1544);
#1372=AXIS2_PLACEMENT_3D('',#1936,#1546,#1547);
#1373=AXIS2_PLACEMENT_3D('',#1940,#1550,#1551);
#1374=AXIS2_PLACEMENT_3D('',#1950,#1555,#1556);
#1375=AXIS2_PLACEMENT_3D('',#1956,#1560,#1561);
#1376=AXIS2_PLACEMENT_3D('',#1960,#1564,#1565);
#1377=AXIS2_PLACEMENT_3D('',#1964,#1568,#1569);
#1378=AXIS2_PLACEMENT_3D('',#1966,#1570,#1571);
#1379=AXIS2_PLACEMENT_3D('',#1970,#1574,#1575);
#1380=AXIS2_PLACEMENT_3D('',#1974,#1578,#1579);
#1381=AXIS2_PLACEMENT_3D('',#1978,#1582,#1583);
#1382=AXIS2_PLACEMENT_3D('',#1980,#1585,#1586);
#1383=AXIS2_PLACEMENT_3D('',#1983,#1587,#1588);
#1384=AXIS2_PLACEMENT_3D('',#1985,#1589,#1590);
#1385=AXIS2_PLACEMENT_3D('',#1987,#1591,#1592);
#1386=AXIS2_PLACEMENT_3D('',#1988,#1593,#1594);
#1387=AXIS2_PLACEMENT_3D('',#1989,#1595,#1596);
#1388=AXIS2_PLACEMENT_3D('',#1992,#1597,#1598);
#1389=AXIS2_PLACEMENT_3D('',#1995,#1601,#1602);
#1390=AXIS2_PLACEMENT_3D('',#2022,#1603,#1604);
#1391=AXIS2_PLACEMENT_3D('',#2024,#1606,#1607);
#1392=AXIS2_PLACEMENT_3D('',#2039,#1609,#1610);
#1393=AXIS2_PLACEMENT_3D('',#2040,#1611,#1612);
#1394=AXIS2_PLACEMENT_3D('',#2044,#1614,#1615);
#1395=AXIS2_PLACEMENT_3D('',#2057,#1616,#1617);
#1396=AXIS2_PLACEMENT_3D('',#2059,#1618,#1619);
#1397=AXIS2_PLACEMENT_3D('',#2061,#1620,#1621);
#1398=AXIS2_PLACEMENT_3D('',#2062,#1622,#1623);
#1399=AXIS2_PLACEMENT_3D('',#2063,#1624,#1625);
#1400=AXIS2_PLACEMENT_3D('',#2066,#1626,#1627);
#1401=AXIS2_PLACEMENT_3D('',#2069,#1630,#1631);
#1402=AXIS2_PLACEMENT_3D('',#2071,#1633,#1634);
#1403=AXIS2_PLACEMENT_3D('',#2075,#1636,#1637);
#1404=AXIS2_PLACEMENT_3D('',#2079,#1639,#1640);
#1405=AXIS2_PLACEMENT_3D('',#2083,#1642,#1643);
#1406=AXIS2_PLACEMENT_3D('',#2086,#1645,#1646);
#1407=AXIS2_PLACEMENT_3D('',#2088,#1647,#1648);
#1408=AXIS2_PLACEMENT_3D('',#2138,#1673,#1674);
#1409=AXIS2_PLACEMENT_3D('',#2140,#1676,#1677);
#1410=AXIS2_PLACEMENT_3D('',#2143,#1678,#1679);
#1411=AXIS2_PLACEMENT_3D('',#2144,#1680,#1681);
#1412=AXIS2_PLACEMENT_3D('',#2145,#1682,#1683);
#1413=AXIS2_PLACEMENT_3D('',#2146,#1684,#1685);
#1414=AXIS2_PLACEMENT_3D('',#2149,#1688,#1689);
#1415=AXIS2_PLACEMENT_3D('',#2153,#1692,#1693);
#1416=AXIS2_PLACEMENT_3D('',#2154,#1694,#1695);
#1417=AXIS2_PLACEMENT_3D('',#2155,#1696,#1697);
#1418=AXIS2_PLACEMENT_3D('',#2156,#1698,#1699);
#1419=AXIS2_PLACEMENT_3D('',#2158,#1700,#1701);
#1420=AXIS2_PLACEMENT_3D('',#2159,#1702,#1703);
#1421=AXIS2_PLACEMENT_3D('',#2160,#1704,#1705);
#1422=AXIS2_PLACEMENT_3D('',#2162,#1707,#1708);
#1423=AXIS2_PLACEMENT_3D('',#2164,#1709,#1710);
#1424=AXIS2_PLACEMENT_3D('',#2166,#1711,#1712);
#1425=AXIS2_PLACEMENT_3D('',#2167,#1713,#1714);
#1426=AXIS2_PLACEMENT_3D('',#2168,#1715,#1716);
#1427=AXIS2_PLACEMENT_3D('',#2171,#1719,#1720);
#1428=AXIS2_PLACEMENT_3D('',#2172,#1721,#1722);
#1429=AXIS2_PLACEMENT_3D('',#2186,#1724,#1725);
#1430=AXIS2_PLACEMENT_3D('',#2200,#1727,#1728);
#1431=AXIS2_PLACEMENT_3D('',#2201,#1729,#1730);
#1432=AXIS2_PLACEMENT_3D('',#2203,#1732,#1733);
#1433=AXIS2_PLACEMENT_3D('',#2205,#1735,#1736);
#1434=AXIS2_PLACEMENT_3D('',#2208,#1739,#1740);
#1435=AXIS2_PLACEMENT_3D('',#2210,#1742,#1743);
#1436=AXIS2_PLACEMENT_3D('',#2212,#1745,#1746);
#1437=AXIS2_PLACEMENT_3D('',#2213,#1747,#1748);
#1438=AXIS2_PLACEMENT_3D('',#2216,#1751,#1752);
#1439=AXIS2_PLACEMENT_3D('',#2218,#1754,#1755);
#1440=AXIS2_PLACEMENT_3D('',#2220,#1757,#1758);
#1441=AXIS2_PLACEMENT_3D('',#2221,#1759,#1760);
#1442=AXIS2_PLACEMENT_3D('',#2224,#1763,#1764);
#1443=AXIS2_PLACEMENT_3D('',#2226,#1766,#1767);
#1444=AXIS2_PLACEMENT_3D('',#2228,#1769,#1770);
#1445=AXIS2_PLACEMENT_3D('',#2229,#1771,#1772);
#1446=AXIS2_PLACEMENT_3D('',#2232,#1775,#1776);
#1447=AXIS2_PLACEMENT_3D('',#2234,#1778,#1779);
#1448=AXIS2_PLACEMENT_3D('',#2236,#1781,#1782);
#1449=AXIS2_PLACEMENT_3D('',#2237,#1783,#1784);
#1450=AXIS2_PLACEMENT_3D('',#2240,#1787,#1788);
#1451=AXIS2_PLACEMENT_3D('',#2242,#1790,#1791);
#1452=AXIS2_PLACEMENT_3D('',#2244,#1793,#1794);
#1453=AXIS2_PLACEMENT_3D('',#2245,#1795,#1796);
#1454=AXIS2_PLACEMENT_3D('',#2248,#1799,#1800);
#1455=AXIS2_PLACEMENT_3D('',#2250,#1802,#1803);
#1456=AXIS2_PLACEMENT_3D('',#2252,#1805,#1806);
#1457=AXIS2_PLACEMENT_3D('',#2253,#1807,#1808);
#1458=AXIS2_PLACEMENT_3D('',#2254,#1809,#1810);
#1459=AXIS2_PLACEMENT_3D('',#2256,#1812,#1813);
#1460=DIRECTION('axis',(0.,0.,1.));
#1461=DIRECTION('refdir',(1.,0.,0.));
#1462=DIRECTION('center_axis',(-0.707106781186548,0.,0.707106781186547));
#1463=DIRECTION('ref_axis',(0.707106781186547,0.,0.707106781186548));
#1464=DIRECTION('',(0.,1.,0.));
#1465=DIRECTION('',(-0.577350269189626,-0.577350269189626,-0.577350269189626));
#1466=DIRECTION('',(0.,-1.,0.));
#1467=DIRECTION('',(0.577350269189626,-0.577350269189626,0.577350269189626));
#1468=DIRECTION('center_axis',(0.,-0.707106781186547,0.707106781186548));
#1469=DIRECTION('ref_axis',(1.,0.,0.));
#1470=DIRECTION('',(-1.,0.,0.));
#1471=DIRECTION('',(0.577350269189626,-0.577350269189626,-0.577350269189626));
#1472=DIRECTION('',(1.,0.,0.));
#1473=DIRECTION('center_axis',(0.707106781186548,0.,0.707106781186547));
#1474=DIRECTION('ref_axis',(0.707106781186547,0.,-0.707106781186548));
#1475=DIRECTION('',(0.,1.,0.));
#1476=DIRECTION('',(0.,-1.,0.));
#1477=DIRECTION('',(0.577350269189626,0.577350269189626,-0.577350269189626));
#1478=DIRECTION('center_axis',(0.,0.707106781186548,0.707106781186547));
#1479=DIRECTION('ref_axis',(1.,0.,0.));
#1480=DIRECTION('',(1.,0.,0.));
#1481=DIRECTION('',(-1.,0.,0.));
#1482=DIRECTION('center_axis',(0.,-1.,0.));
#1483=DIRECTION('ref_axis',(-1.,0.,0.));
#1484=DIRECTION('',(0.,0.,-1.));
#1485=DIRECTION('',(1.,0.,0.));
#1486=DIRECTION('',(0.,0.,-1.));
#1487=DIRECTION('center_axis',(1.,0.,0.));
#1488=DIRECTION('ref_axis',(0.,-1.,0.));
#1489=DIRECTION('',(0.,0.,-1.));
#1490=DIRECTION('',(0.,1.,0.));
#1491=DIRECTION('center_axis',(0.,0.,1.));
#1492=DIRECTION('ref_axis',(1.,0.,0.));
#1493=DIRECTION('',(-0.999999701089615,0.000773188645107495,0.));
#1494=DIRECTION('',(0.,1.,0.));
#1495=DIRECTION('',(-1.,0.,0.));
#1496=DIRECTION('',(-0.580877161794985,0.813991230238387,0.));
#1497=DIRECTION('',(-1.,-1.27799221446783E-16,0.));
#1498=DIRECTION('center_axis',(0.,0.,-1.));
#1499=DIRECTION('ref_axis',(-1.,0.,0.));
#1500=DIRECTION('',(0.,-1.,0.));
#1501=DIRECTION('center_axis',(0.,0.,-1.));
#1502=DIRECTION('ref_axis',(-1.,0.,0.));
#1503=DIRECTION('',(1.,0.,0.));
#1504=DIRECTION('center_axis',(0.,0.,-1.));
#1505=DIRECTION('ref_axis',(-1.,0.,0.));
#1506=DIRECTION('',(0.,-1.,0.));
#1507=DIRECTION('',(-1.,0.,0.));
#1508=DIRECTION('',(0.,1.,0.));
#1509=DIRECTION('',(1.,0.,0.));
#1510=DIRECTION('',(0.,-1.,0.));
#1511=DIRECTION('',(-1.,0.,0.));
#1512=DIRECTION('',(0.,1.,0.));
#1513=DIRECTION('',(1.,0.,0.));
#1514=DIRECTION('',(0.,-1.,0.));
#1515=DIRECTION('',(-1.,0.,0.));
#1516=DIRECTION('',(0.,1.,0.));
#1517=DIRECTION('',(1.,0.,0.));
#1518=DIRECTION('',(0.,-1.,0.));
#1519=DIRECTION('',(-1.,0.,0.));
#1520=DIRECTION('',(0.,1.,0.));
#1521=DIRECTION('',(1.,0.,0.));
#1522=DIRECTION('',(0.,-1.,0.));
#1523=DIRECTION('',(-1.,0.,0.));
#1524=DIRECTION('',(0.,1.,0.));
#1525=DIRECTION('',(1.,0.,0.));
#1526=DIRECTION('',(0.,-1.,0.));
#1527=DIRECTION('',(-1.,0.,0.));
#1528=DIRECTION('',(0.,1.,0.));
#1529=DIRECTION('',(1.,0.,0.));
#1530=DIRECTION('center_axis',(0.,0.,-1.));
#1531=DIRECTION('ref_axis',(1.,0.,0.));
#1532=DIRECTION('center_axis',(-0.707106781186548,0.,0.707106781186547));
#1533=DIRECTION('ref_axis',(0.707106781186547,0.,0.707106781186548));
#1534=DIRECTION('',(0.,-1.,0.));
#1535=DIRECTION('',(-0.707106781186547,0.,-0.707106781186548));
#1536=DIRECTION('',(-0.577499011913131,-0.577052668721596,-0.577499011913131));
#1537=DIRECTION('center_axis',(-0.000546726934091948,-0.707106569824986,
0.707106781186549));
#1538=DIRECTION('ref_axis',(0.999999701089794,0.,0.000773188413993516));
#1539=DIRECTION('center_axis',(0.000546726934091948,0.707106569824986,-0.707106781186549));
#1540=DIRECTION('ref_axis',(-0.000546726934091877,-0.707106569824988,-0.707106781186547));
#1541=DIRECTION('',(0.577201411415453,-0.577647869657647,-0.577201411415453));
#1542=DIRECTION('',(0.999999701089615,-0.000773188645107495,0.));
#1543=DIRECTION('center_axis',(0.707106781186547,0.,0.707106781186548));
#1544=DIRECTION('ref_axis',(0.707106781186548,0.,-0.707106781186547));
#1545=DIRECTION('',(0.,1.,0.));
#1546=DIRECTION('center_axis',(-0.707106781186547,0.,-0.707106781186548));
#1547=DIRECTION('ref_axis',(-0.707106781186548,0.,0.707106781186547));
#1548=DIRECTION('',(0.,-1.,0.));
#1549=DIRECTION('',(0.690045656532435,0.218343728559908,-0.690045656532434));
#1550=DIRECTION('center_axis',(0.578400341002319,0.406759198455796,0.707106781186547));
#1551=DIRECTION('ref_axis',(0.774033244437824,0.,-0.633144956945134));
#1552=DIRECTION('',(0.575244375076196,-0.817981606726702,0.));
#1553=DIRECTION('',(-0.774033244437824,0.,0.633144956945134));
#1554=DIRECTION('',(-0.575244375076196,0.817981606726702,0.));
#1555=DIRECTION('center_axis',(-1.,0.,0.));
#1556=DIRECTION('ref_axis',(0.,-1.,0.));
#1557=DIRECTION('',(0.,0.,1.));
#1558=DIRECTION('',(0.,-1.,0.));
#1559=DIRECTION('',(0.,0.,1.));
#1560=DIRECTION('center_axis',(-0.000773188645107495,-0.999999701089615,
0.));
#1561=DIRECTION('ref_axis',(0.999999701089615,-0.000773188645107495,0.));
#1562=DIRECTION('',(0.,0.,1.));
#1563=DIRECTION('',(0.999999701089615,-0.000773188645107495,0.));
#1564=DIRECTION('center_axis',(1.,0.,0.));
#1565=DIRECTION('ref_axis',(0.,1.,0.));
#1566=DIRECTION('',(0.,0.,1.));
#1567=DIRECTION('',(0.,1.,0.));
#1568=DIRECTION('center_axis',(0.,0.,1.));
#1569=DIRECTION('ref_axis',(1.,0.,0.));
#1570=DIRECTION('center_axis',(0.,0.,-1.));
#1571=DIRECTION('ref_axis',(-1.,0.,0.));
#1572=DIRECTION('',(0.,1.,0.));
#1573=DIRECTION('',(-0.580877161794985,0.813991230238387,0.));
#1574=DIRECTION('center_axis',(0.817981606726702,0.575244375076196,0.));
#1575=DIRECTION('ref_axis',(-0.575244375076196,0.817981606726702,0.));
#1576=DIRECTION('',(0.,0.,1.));
#1577=DIRECTION('',(-0.575244375076196,0.817981606726702,0.));
#1578=DIRECTION('center_axis',(0.,1.,0.));
#1579=DIRECTION('ref_axis',(1.,0.,0.));
#1580=DIRECTION('',(0.,0.,-1.));
#1581=DIRECTION('',(-1.,0.,0.));
#1582=DIRECTION('center_axis',(-1.,0.,0.));
#1583=DIRECTION('ref_axis',(0.,1.,0.));
#1584=DIRECTION('',(0.,-1.,0.));
#1585=DIRECTION('center_axis',(0.,0.,1.));
#1586=DIRECTION('ref_axis',(1.,0.,0.));
#1587=DIRECTION('center_axis',(0.,0.,-1.));
#1588=DIRECTION('ref_axis',(-1.,0.,0.));
#1589=DIRECTION('center_axis',(0.,1.,0.));
#1590=DIRECTION('ref_axis',(0.70710678118655,0.,0.707106781186545));
#1591=DIRECTION('center_axis',(0.,0.,1.));
#1592=DIRECTION('ref_axis',(1.,0.,6.93889390390722E-17));
#1593=DIRECTION('center_axis',(1.,0.,0.));
#1594=DIRECTION('ref_axis',(0.,0.707106781186548,0.707106781186547));
#1595=DIRECTION('center_axis',(0.,0.,1.));
#1596=DIRECTION('ref_axis',(0.707106781186546,0.707106781186549,0.));
#1597=DIRECTION('center_axis',(0.,0.,1.));
#1598=DIRECTION('ref_axis',(0.707106781186546,0.707106781186549,0.));
#1599=DIRECTION('',(0.,0.,1.));
#1600=DIRECTION('',(0.,0.,-1.));
#1601=DIRECTION('center_axis',(0.,1.,0.));
#1602=DIRECTION('ref_axis',(0.707106781186549,0.,0.707106781186546));
#1603=DIRECTION('center_axis',(0.,-1.,0.));
#1604=DIRECTION('ref_axis',(0.70710678118655,0.,0.707106781186545));
#1605=DIRECTION('',(0.,1.,0.));
#1606=DIRECTION('center_axis',(0.,0.,-1.));
#1607=DIRECTION('ref_axis',(-1.,0.,0.));
#1608=DIRECTION('',(0.,0.,-1.));
#1609=DIRECTION('center_axis',(0.,0.,1.));
#1610=DIRECTION('ref_axis',(-1.,0.,0.));
#1611=DIRECTION('center_axis',(-1.,0.,0.));
#1612=DIRECTION('ref_axis',(0.,0.707106781186548,0.707106781186547));
#1613=DIRECTION('',(-1.,0.,0.));
#1614=DIRECTION('center_axis',(-1.,0.,0.));
#1615=DIRECTION('ref_axis',(0.,0.707106781186548,0.707106781186547));
#1616=DIRECTION('center_axis',(0.,0.,1.));
#1617=DIRECTION('ref_axis',(1.,0.,0.));
#1618=DIRECTION('center_axis',(0.,0.,-1.));
#1619=DIRECTION('ref_axis',(-1.,0.,0.));
#1620=DIRECTION('center_axis',(1.,1.27799221446783E-16,0.));
#1621=DIRECTION('ref_axis',(0.,-0.707106781186549,0.707106781186546));
#1622=DIRECTION('center_axis',(0.,0.,1.));
#1623=DIRECTION('ref_axis',(0.,-1.,0.));
#1624=DIRECTION('center_axis',(0.,0.,1.));
#1625=DIRECTION('ref_axis',(0.707106781186549,-0.707106781186546,0.));
#1626=DIRECTION('center_axis',(0.,0.,1.));
#1627=DIRECTION('ref_axis',(0.707106781186549,-0.707106781186546,0.));
#1628=DIRECTION('',(0.,0.,1.));
#1629=DIRECTION('',(0.,0.,-1.));
#1630=DIRECTION('center_axis',(1.,0.,0.));
#1631=DIRECTION('ref_axis',(0.,1.,0.));
#1632=DIRECTION('',(0.,-1.,0.));
#1633=DIRECTION('center_axis',(0.,0.,1.));
#1634=DIRECTION('ref_axis',(1.,0.,0.));
#1635=DIRECTION('',(-1.,-1.27799221446783E-16,0.));
#1636=DIRECTION('center_axis',(0.,0.,1.));
#1637=DIRECTION('ref_axis',(-0.45777878839294,-0.88906612852897,0.));
#1638=DIRECTION('',(-0.580877161794985,0.813991230238387,0.));
#1639=DIRECTION('center_axis',(0.,0.,1.));
#1640=DIRECTION('ref_axis',(-0.952363173962115,-0.304966202850097,0.));
#1641=DIRECTION('',(0.,1.,0.));
#1642=DIRECTION('center_axis',(0.,0.,1.));
#1643=DIRECTION('ref_axis',(-0.707106781186549,0.707106781186546,0.));
#1644=DIRECTION('',(1.,0.,0.));
#1645=DIRECTION('center_axis',(0.,0.,1.));
#1646=DIRECTION('ref_axis',(-1.,0.,0.));
#1647=DIRECTION('center_axis',(0.,0.,1.));
#1648=DIRECTION('ref_axis',(-1.,0.,0.));
#1649=DIRECTION('',(0.,1.,0.));
#1650=DIRECTION('',(-1.,0.,0.));
#1651=DIRECTION('',(0.,-1.,0.));
#1652=DIRECTION('',(1.,0.,0.));
#1653=DIRECTION('',(0.,1.,0.));
#1654=DIRECTION('',(-1.,0.,0.));
#1655=DIRECTION('',(0.,-1.,0.));
#1656=DIRECTION('',(1.,0.,0.));
#1657=DIRECTION('',(0.,1.,0.));
#1658=DIRECTION('',(-1.,0.,0.));
#1659=DIRECTION('',(0.,-1.,0.));
#1660=DIRECTION('',(1.,0.,0.));
#1661=DIRECTION('',(0.,1.,0.));
#1662=DIRECTION('',(-1.,0.,0.));
#1663=DIRECTION('',(0.,-1.,0.));
#1664=DIRECTION('',(1.,0.,0.));
#1665=DIRECTION('',(0.,1.,0.));
#1666=DIRECTION('',(-1.,0.,0.));
#1667=DIRECTION('',(0.,-1.,0.));
#1668=DIRECTION('',(1.,0.,0.));
#1669=DIRECTION('',(0.,1.,0.));
#1670=DIRECTION('',(-1.,0.,0.));
#1671=DIRECTION('',(0.,-1.,0.));
#1672=DIRECTION('',(1.,0.,0.));
#1673=DIRECTION('center_axis',(0.,0.,-1.));
#1674=DIRECTION('ref_axis',(1.,0.,0.));
#1675=DIRECTION('',(-1.,0.,0.));
#1676=DIRECTION('center_axis',(-0.916947483270914,0.337207285479185,-0.213303913566762));
#1677=DIRECTION('ref_axis',(-0.399007910852827,-0.774925417142427,0.490186989773798));
#1678=DIRECTION('center_axis',(0.,0.,1.));
#1679=DIRECTION('ref_axis',(-0.813991230238388,-0.580877161794983,-6.93889390390722E-17));
#1680=DIRECTION('center_axis',(-1.,-1.27799221446783E-16,0.));
#1681=DIRECTION('ref_axis',(0.,-0.707106781186549,0.707106781186546));
#1682=DIRECTION('center_axis',(0.580877161794985,-0.813991230238387,0.));
#1683=DIRECTION('ref_axis',(-0.575578718727944,-0.410742180141629,0.707106781186547));
#1684=DIRECTION('center_axis',(0.,0.,1.));
#1685=DIRECTION('ref_axis',(-0.45777878839294,-0.88906612852897,0.));
#1686=DIRECTION('',(0.,0.,1.));
#1687=DIRECTION('',(0.,0.,-1.));
#1688=DIRECTION('center_axis',(-0.813991230238387,-0.580877161794985,0.));
#1689=DIRECTION('ref_axis',(0.580877161794985,-0.813991230238387,0.));
#1690=DIRECTION('',(0.580877161794985,-0.813991230238387,0.));
#1691=DIRECTION('',(0.,0.,1.));
#1692=DIRECTION('center_axis',(0.580877161794985,-0.813991230238387,0.));
#1693=DIRECTION('ref_axis',(-0.575578718727943,-0.41074218014163,0.707106781186548));
#1694=DIRECTION('center_axis',(-0.580877161794985,0.813991230238387,0.));
#1695=DIRECTION('ref_axis',(-0.575578718727944,-0.41074218014163,0.707106781186547));
#1696=DIRECTION('center_axis',(0.,1.,0.));
#1697=DIRECTION('ref_axis',(-1.,0.,5.64819878533509E-17));
#1698=DIRECTION('center_axis',(-0.442697165770184,-0.141760703635525,-0.885394331540364));
#1699=DIRECTION('ref_axis',(-0.843216955793847,-0.270015347314863,0.464840701398008));
#1700=DIRECTION('center_axis',(0.,0.,1.));
#1701=DIRECTION('ref_axis',(-1.,-2.77555756156289E-16,6.93889390390722E-17));
#1702=DIRECTION('center_axis',(0.,-1.,0.));
#1703=DIRECTION('ref_axis',(-0.70710678118655,0.,0.707106781186545));
#1704=DIRECTION('center_axis',(0.,0.,1.));
#1705=DIRECTION('ref_axis',(-0.952363173962115,-0.304966202850097,0.));
#1706=DIRECTION('',(0.,0.,-1.));
#1707=DIRECTION('center_axis',(0.,0.,1.));
#1708=DIRECTION('ref_axis',(1.,0.,0.));
#1709=DIRECTION('center_axis',(0.,0.,-1.));
#1710=DIRECTION('ref_axis',(-1.,0.,0.));
#1711=DIRECTION('center_axis',(0.,0.,1.));
#1712=DIRECTION('ref_axis',(0.,1.,-6.93889390390722E-17));
#1713=DIRECTION('center_axis',(0.,1.,0.));
#1714=DIRECTION('ref_axis',(-0.70710678118655,0.,0.707106781186545));
#1715=DIRECTION('center_axis',(0.,0.,1.));
#1716=DIRECTION('ref_axis',(-0.707106781186549,0.707106781186546,0.));
#1717=DIRECTION('',(0.,0.,1.));
#1718=DIRECTION('',(0.,0.,-1.));
#1719=DIRECTION('center_axis',(0.,1.,0.));
#1720=DIRECTION('ref_axis',(-1.,0.,0.));
#1721=DIRECTION('center_axis',(1.,1.27799221446783E-16,0.));
#1722=DIRECTION('ref_axis',(0.,-0.707106781186549,0.707106781186546));
#1723=DIRECTION('',(1.,1.27799221446783E-16,0.));
#1724=DIRECTION('center_axis',(0.,-1.,0.));
#1725=DIRECTION('ref_axis',(-0.707106781186549,0.,0.707106781186546));
#1726=DIRECTION('',(0.,-1.,0.));
#1727=DIRECTION('center_axis',(1.27799221446783E-16,-1.,0.));
#1728=DIRECTION('ref_axis',(1.,1.27799221446783E-16,0.));
#1729=DIRECTION('center_axis',(0.,0.,-1.));
#1730=DIRECTION('ref_axis',(-1.,0.,0.));
#1731=DIRECTION('',(0.,0.,-1.));
#1732=DIRECTION('center_axis',(0.,0.,-1.));
#1733=DIRECTION('ref_axis',(-1.,0.,0.));
#1734=DIRECTION('',(0.,0.,-1.));
#1735=DIRECTION('center_axis',(1.,0.,0.));
#1736=DIRECTION('ref_axis',(0.,-1.,0.));
#1737=DIRECTION('',(0.,0.,-1.));
#1738=DIRECTION('',(0.,0.,-1.));
#1739=DIRECTION('center_axis',(0.,1.,0.));
#1740=DIRECTION('ref_axis',(1.,0.,0.));
#1741=DIRECTION('',(0.,0.,-1.));
#1742=DIRECTION('center_axis',(-1.,0.,0.));
#1743=DIRECTION('ref_axis',(0.,1.,0.));
#1744=DIRECTION('',(0.,0.,-1.));
#1745=DIRECTION('center_axis',(0.,-1.,0.));
#1746=DIRECTION('ref_axis',(-1.,0.,0.));
#1747=DIRECTION('center_axis',(1.,0.,0.));
#1748=DIRECTION('ref_axis',(0.,-1.,0.));
#1749=DIRECTION('',(0.,0.,-1.));
#1750=DIRECTION('',(0.,0.,-1.));
#1751=DIRECTION('center_axis',(0.,1.,0.));
#1752=DIRECTION('ref_axis',(1.,0.,0.));
#1753=DIRECTION('',(0.,0.,-1.));
#1754=DIRECTION('center_axis',(-1.,0.,0.));
#1755=DIRECTION('ref_axis',(0.,1.,0.));
#1756=DIRECTION('',(0.,0.,-1.));
#1757=DIRECTION('center_axis',(0.,-1.,0.));
#1758=DIRECTION('ref_axis',(-1.,0.,0.));
#1759=DIRECTION('center_axis',(1.,0.,0.));
#1760=DIRECTION('ref_axis',(0.,-1.,0.));
#1761=DIRECTION('',(0.,0.,-1.));
#1762=DIRECTION('',(0.,0.,-1.));
#1763=DIRECTION('center_axis',(0.,1.,0.));
#1764=DIRECTION('ref_axis',(1.,0.,0.));
#1765=DIRECTION('',(0.,0.,-1.));
#1766=DIRECTION('center_axis',(-1.,0.,0.));
#1767=DIRECTION('ref_axis',(0.,1.,0.));
#1768=DIRECTION('',(0.,0.,-1.));
#1769=DIRECTION('center_axis',(0.,-1.,0.));
#1770=DIRECTION('ref_axis',(-1.,0.,0.));
#1771=DIRECTION('center_axis',(1.,0.,0.));
#1772=DIRECTION('ref_axis',(0.,-1.,0.));
#1773=DIRECTION('',(0.,0.,-1.));
#1774=DIRECTION('',(0.,0.,-1.));
#1775=DIRECTION('center_axis',(0.,1.,0.));
#1776=DIRECTION('ref_axis',(1.,0.,0.));
#1777=DIRECTION('',(0.,0.,-1.));
#1778=DIRECTION('center_axis',(-1.,0.,0.));
#1779=DIRECTION('ref_axis',(0.,1.,0.));
#1780=DIRECTION('',(0.,0.,-1.));
#1781=DIRECTION('center_axis',(0.,-1.,0.));
#1782=DIRECTION('ref_axis',(-1.,0.,0.));
#1783=DIRECTION('center_axis',(1.,0.,0.));
#1784=DIRECTION('ref_axis',(0.,-1.,0.));
#1785=DIRECTION('',(0.,0.,-1.));
#1786=DIRECTION('',(0.,0.,-1.));
#1787=DIRECTION('center_axis',(0.,1.,0.));
#1788=DIRECTION('ref_axis',(1.,0.,0.));
#1789=DIRECTION('',(0.,0.,-1.));
#1790=DIRECTION('center_axis',(-1.,0.,0.));
#1791=DIRECTION('ref_axis',(0.,1.,0.));
#1792=DIRECTION('',(0.,0.,-1.));
#1793=DIRECTION('center_axis',(0.,-1.,0.));
#1794=DIRECTION('ref_axis',(-1.,0.,0.));
#1795=DIRECTION('center_axis',(1.,0.,0.));
#1796=DIRECTION('ref_axis',(0.,-1.,0.));
#1797=DIRECTION('',(0.,0.,-1.));
#1798=DIRECTION('',(0.,0.,-1.));
#1799=DIRECTION('center_axis',(0.,1.,0.));
#1800=DIRECTION('ref_axis',(1.,0.,0.));
#1801=DIRECTION('',(0.,0.,-1.));
#1802=DIRECTION('center_axis',(-1.,0.,0.));
#1803=DIRECTION('ref_axis',(0.,1.,0.));
#1804=DIRECTION('',(0.,0.,-1.));
#1805=DIRECTION('center_axis',(0.,-1.,0.));
#1806=DIRECTION('ref_axis',(-1.,0.,0.));
#1807=DIRECTION('center_axis',(0.,1.,0.));
#1808=DIRECTION('ref_axis',(-1.,0.,0.));
#1809=DIRECTION('center_axis',(0.,0.,1.));
#1810=DIRECTION('ref_axis',(1.,0.,0.));
#1811=DIRECTION('',(0.,0.,-1.));
#1812=DIRECTION('center_axis',(-1.,0.,0.));
#1813=DIRECTION('ref_axis',(0.,-1.,0.));
#1814=CARTESIAN_POINT('',(0.,0.,0.));
#1815=CARTESIAN_POINT('Origin',(10.7676588164277,11.6987817487383,2.));
#1816=CARTESIAN_POINT('',(11.7676588164277,15.5412253173228,3.));
#1817=CARTESIAN_POINT('',(11.7676588164277,25.1999994814396,3.));
#1818=CARTESIAN_POINT('',(11.7676588164277,11.6987817487383,3.));
#1819=CARTESIAN_POINT('',(9.76765881642773,23.1999994814396,1.));
#1820=CARTESIAN_POINT('',(11.7676588164277,25.1999994814396,3.));
#1821=CARTESIAN_POINT('',(9.76765881642773,17.5412253173228,1.));
#1822=CARTESIAN_POINT('',(9.76765881642773,11.6987817487383,1.));
#1823=CARTESIAN_POINT('',(9.76765881642773,17.5412253173228,1.));
#1824=CARTESIAN_POINT('Origin',(-6.93332080633777,24.1999994814396,2.));
#1825=CARTESIAN_POINT('',(-14.6999997161329,25.1999994814396,3.));
#1826=CARTESIAN_POINT('',(-6.93332080633777,25.1999994814396,3.));
#1827=CARTESIAN_POINT('',(-12.6999997161329,23.1999994814396,1.));
#1828=CARTESIAN_POINT('',(-14.6999997161329,25.1999994814396,3.));
#1829=CARTESIAN_POINT('',(-6.93332080633777,23.1999994814396,1.));
#1830=CARTESIAN_POINT('Origin',(-13.6999997161329,8.86939466667997,2.));
#1831=CARTESIAN_POINT('',(-12.6999997161329,17.5412253173228,1.));
#1832=CARTESIAN_POINT('',(-12.6999997161329,8.86939466667997,1.));
#1833=CARTESIAN_POINT('',(-14.6999997161329,15.5412253173228,3.));
#1834=CARTESIAN_POINT('',(-14.6999997161329,8.86939466667997,3.));
#1835=CARTESIAN_POINT('',(-14.6999997161329,15.5412253173228,3.));
#1836=CARTESIAN_POINT('Origin',(4.30050845994253,16.5412253173228,2.));
#1837=CARTESIAN_POINT('',(4.30050845994253,15.5412253173228,3.));
#1838=CARTESIAN_POINT('',(4.30050845994253,17.5412253173228,1.));
#1839=CARTESIAN_POINT('Origin',(9.76765881642773,17.5412253173228,3.));
#1840=CARTESIAN_POINT('',(9.76765881642773,17.5412253173228,0.));
#1841=CARTESIAN_POINT('',(9.76765881642773,17.5412253173228,3.));
#1842=CARTESIAN_POINT('',(-12.6999997161329,17.5412253173228,0.));
#1843=CARTESIAN_POINT('',(4.30050845994253,17.5412253173228,0.));
#1844=CARTESIAN_POINT('',(-12.6999997161329,17.5412253173228,3.));
#1845=CARTESIAN_POINT('Origin',(9.76765881642773,23.1999994814396,3.));
#1846=CARTESIAN_POINT('',(9.76765881642773,23.1999994814396,0.));
#1847=CARTESIAN_POINT('',(9.76765881642773,23.1999994814396,3.));
#1848=CARTESIAN_POINT('',(9.76765881642773,11.6987817487383,0.));
#1849=CARTESIAN_POINT('Origin',(-1.16664189654267,0.197564016037095,3.));
#1850=CARTESIAN_POINT('',(-18.0000002980232,29.7801290233093,3.));
#1851=CARTESIAN_POINT('',(-44.0723688849643,29.8002878886775,3.));
#1852=CARTESIAN_POINT('',(-22.4211158546456,29.7835473806782,3.));
#1853=CARTESIAN_POINT('',(-18.0000002980232,-27.3761288820275,3.));
#1854=CARTESIAN_POINT('',(-18.0000002980232,13.9896194096389,3.));
#1855=CARTESIAN_POINT('',(-24.5132211374094,-27.3761288820275,3.));
#1856=CARTESIAN_POINT('',(-22.2677057669307,-27.3761288820275,3.));
#1857=CARTESIAN_POINT('',(-23.0297972657662,-29.4548713454298,3.));
#1858=CARTESIAN_POINT('',(-37.9084786702874,-8.60516855565861,3.));
#1859=CARTESIAN_POINT('',(41.7383581034573,-29.4548713454298,3.));
#1860=CARTESIAN_POINT('',(-12.6131180501247,-29.4548713454298,3.));
#1861=CARTESIAN_POINT('',(43.4383581034573,-27.7548713454298,3.));
#1862=CARTESIAN_POINT('Origin',(43.4383581034573,-29.4548713454298,3.));
#1863=CARTESIAN_POINT('',(43.4383581034573,28.149999377504,3.));
#1864=CARTESIAN_POINT('',(43.4383581034573,-15.6286536646963,3.));
#1865=CARTESIAN_POINT('',(41.7383581034573,29.849999377504,3.));
#1866=CARTESIAN_POINT('Origin',(43.4383581034573,29.849999377504,3.));
#1867=CARTESIAN_POINT('',(-44.0716418965427,29.849999377504,3.));
#1868=CARTESIAN_POINT('',(22.1358581034573,29.849999377504,3.));
#1869=CARTESIAN_POINT('Origin',(-45.7716418965427,29.849999377504,3.));
#1870=CARTESIAN_POINT('',(34.2137173990315,-8.81994888296974,3.));
#1871=CARTESIAN_POINT('',(34.2137173990315,-22.8199488829697,3.));
#1872=CARTESIAN_POINT('',(34.2137173990315,-4.31119243346632,3.));
#1873=CARTESIAN_POINT('',(20.2137173990315,-22.8199488829697,3.));
#1874=CARTESIAN_POINT('',(16.5235377512444,-22.8199488829697,3.));
#1875=CARTESIAN_POINT('',(20.2137173990315,-8.81994888296974,3.));
#1876=CARTESIAN_POINT('',(20.2137173990315,-11.3111924334663,3.));
#1877=CARTESIAN_POINT('',(9.52353775124441,-8.81994888296974,3.));
#1878=CARTESIAN_POINT('',(15.2137173990315,-8.81994888296974,3.));
#1879=CARTESIAN_POINT('',(15.2137173990315,-22.8199488829697,3.));
#1880=CARTESIAN_POINT('',(15.2137173990315,-4.31119243346632,3.));
#1881=CARTESIAN_POINT('',(1.21371739903149,-22.8199488829697,3.));
#1882=CARTESIAN_POINT('',(7.02353775124441,-22.8199488829697,3.));
#1883=CARTESIAN_POINT('',(1.21371739903149,-8.81994888296974,3.));
#1884=CARTESIAN_POINT('',(1.21371739903149,-11.3111924334663,3.));
#1885=CARTESIAN_POINT('',(0.0235377512444124,-8.81994888296974,3.));
#1886=CARTESIAN_POINT('',(-3.78628260096851,-8.81994888296974,3.));
#1887=CARTESIAN_POINT('',(-3.78628260096851,-22.8199488829697,3.));
#1888=CARTESIAN_POINT('',(-3.78628260096851,-4.31119243346632,3.));
#1889=CARTESIAN_POINT('',(-17.7862826009685,-22.8199488829697,3.));
#1890=CARTESIAN_POINT('',(-2.47646224875559,-22.8199488829697,3.));
#1891=CARTESIAN_POINT('',(-17.7862826009685,-8.81994888296974,3.));
#1892=CARTESIAN_POINT('',(-17.7862826009685,-11.3111924334663,3.));
#1893=CARTESIAN_POINT('',(-9.47646224875559,-8.81994888296974,3.));
#1894=CARTESIAN_POINT('',(34.2137173990315,10.1800511170303,3.));
#1895=CARTESIAN_POINT('',(34.2137173990315,-3.81994888296974,3.));
#1896=CARTESIAN_POINT('',(34.2137173990315,5.18880756653368,3.));
#1897=CARTESIAN_POINT('',(20.2137173990315,-3.81994888296974,3.));
#1898=CARTESIAN_POINT('',(16.5235377512444,-3.81994888296974,3.));
#1899=CARTESIAN_POINT('',(20.2137173990315,10.1800511170303,3.));
#1900=CARTESIAN_POINT('',(20.2137173990315,-1.81119243346632,3.));
#1901=CARTESIAN_POINT('',(9.52353775124441,10.1800511170303,3.));
#1902=CARTESIAN_POINT('',(15.2137173990315,10.1800511170303,3.));
#1903=CARTESIAN_POINT('',(15.2137173990315,-3.81994888296974,3.));
#1904=CARTESIAN_POINT('',(15.2137173990315,5.18880756653368,3.));
#1905=CARTESIAN_POINT('',(1.21371739903149,-3.81994888296974,3.));
#1906=CARTESIAN_POINT('',(7.02353775124441,-3.81994888296974,3.));
#1907=CARTESIAN_POINT('',(1.21371739903149,10.1800511170303,3.));
#1908=CARTESIAN_POINT('',(1.21371739903149,-1.81119243346632,3.));
#1909=CARTESIAN_POINT('',(0.0235377512444124,10.1800511170303,3.));
#1910=CARTESIAN_POINT('',(-3.78628260096851,10.1800511170303,3.));
#1911=CARTESIAN_POINT('',(-3.78628260096851,-3.81994888296974,3.));
#1912=CARTESIAN_POINT('',(-3.78628260096851,5.18880756653368,3.));
#1913=CARTESIAN_POINT('',(-17.7862826009685,-3.81994888296974,3.));
#1914=CARTESIAN_POINT('',(-2.47646224875559,-3.81994888296974,3.));
#1915=CARTESIAN_POINT('',(-17.7862826009685,10.1800511170303,3.));
#1916=CARTESIAN_POINT('',(-17.7862826009685,-1.81119243346632,3.));
#1917=CARTESIAN_POINT('',(-9.47646224875559,10.1800511170303,3.));
#1918=CARTESIAN_POINT('',(26.1416752106945,19.9393694897906,3.));
#1919=CARTESIAN_POINT('Origin',(29.1888107226415,19.9393694897906,3.));
#1920=CARTESIAN_POINT('Origin',(-19.0000002980232,13.9896194096389,2.));
#1921=CARTESIAN_POINT('',(-20.0000002980232,27.7816748032408,1.));
#1922=CARTESIAN_POINT('',(-20.0000002980232,-27.3761288820275,1.));
#1923=CARTESIAN_POINT('',(-20.0000002980232,13.9896194096389,1.));
#1924=CARTESIAN_POINT('',(-19.7500002980232,-27.3761288820275,1.25));
#1925=CARTESIAN_POINT('',(-18.0000002980232,29.7801290233093,3.));
#1926=CARTESIAN_POINT('Origin',(-22.4218890432908,28.7835476795885,2.));
#1927=CARTESIAN_POINT('',(-44.5584586716641,28.6591230351102,1.8584596484352));
#1928=CARTESIAN_POINT('Origin',(-45.7716418965427,29.849999377504,3.04839761536975));
#1929=CARTESIAN_POINT('',(-43.6999990232289,27.7999993786216,1.));
#1930=CARTESIAN_POINT('',(-45.6999990232289,29.801546354195,3.));
#1931=CARTESIAN_POINT('',(-22.4226622319359,27.7835479784989,1.));
#1932=CARTESIAN_POINT('Origin',(-44.6999990232289,1.64878197337335,2.));
#1933=CARTESIAN_POINT('',(-43.6999990232289,3.0999999307096,1.));
#1934=CARTESIAN_POINT('',(-43.6999990232289,1.64878197337335,1.));
#1935=CARTESIAN_POINT('',(-45.6999990232289,28.1515096664067,3.));
#1936=CARTESIAN_POINT('Origin',(-45.7716418965427,29.849999377504,3.07164287331378));
#1937=CARTESIAN_POINT('',(-45.6999990232289,2.46716143229165,3.));
#1938=CARTESIAN_POINT('',(-45.6999990232289,1.64878197337335,3.));
#1939=CARTESIAN_POINT('',(-45.6999990232289,2.46716143229165,3.));
#1940=CARTESIAN_POINT('Origin',(-26.0817054204658,-23.6911183777997,2.));
#1941=CARTESIAN_POINT('',(-38.2471610501861,-8.13056823530531,3.));
#1942=CARTESIAN_POINT('',(-26.8996870271925,-24.2663627528759,3.));
#1943=CARTESIAN_POINT('',(-24.7052682655287,-27.3761288820275,2.9938812890999));
#1944=CARTESIAN_POINT('Ctrl Pts',(-38.2471610501861,-8.13056823530531,3.));
#1945=CARTESIAN_POINT('Ctrl Pts',(-31.7236776146991,-17.4067814295809,2.99999999999992));
#1946=CARTESIAN_POINT('Ctrl Pts',(-24.7052682655287,-27.3761288820275,2.9938812890999));
#1947=CARTESIAN_POINT('',(-22.2677057669307,-27.3761288820275,1.));
#1948=CARTESIAN_POINT('',(-22.7309194232572,-27.3761288820275,1.37890025085966));
#1949=CARTESIAN_POINT('',(-25.2637238137391,-23.1158740027235,1.));
#1950=CARTESIAN_POINT('Origin',(-20.0000002980232,27.7816748032408,0.));
#1951=CARTESIAN_POINT('',(-20.0000002980232,27.7816748032408,0.));
#1952=CARTESIAN_POINT('',(-20.0000002980232,27.7816748032408,0.));
#1953=CARTESIAN_POINT('',(-20.0000002980232,-27.3761288820275,0.));
#1954=CARTESIAN_POINT('',(-20.0000002980232,-27.3761288820275,0.));
#1955=CARTESIAN_POINT('',(-20.0000002980232,-27.3761288820275,0.));
#1956=CARTESIAN_POINT('Origin',(-43.6999990232289,27.7999993786216,0.));
#1957=CARTESIAN_POINT('',(-43.6999990232289,27.7999993786216,0.));
#1958=CARTESIAN_POINT('',(-43.6999990232289,27.7999993786216,0.));
#1959=CARTESIAN_POINT('',(-20.0000002980232,27.7816748032408,0.));
#1960=CARTESIAN_POINT('Origin',(-43.6999990232289,3.0999999307096,0.));
#1961=CARTESIAN_POINT('',(-43.6999990232289,3.0999999307096,0.));
#1962=CARTESIAN_POINT('',(-43.6999990232289,3.0999999307096,0.));
#1963=CARTESIAN_POINT('',(-43.6999990232289,27.7999993786216,0.));
#1964=CARTESIAN_POINT('Origin',(-1.16664189654267,0.197564016037095,3.));
#1965=CARTESIAN_POINT('',(-45.7716418965427,28.149999377504,3.));
#1966=CARTESIAN_POINT('Origin',(-45.7716418965427,29.849999377504,3.));
#1967=CARTESIAN_POINT('',(-45.7716418965427,2.4135912253702,3.));
#1968=CARTESIAN_POINT('',(-45.7716418965427,16.0237816967705,3.));
#1969=CARTESIAN_POINT('',(-37.9084786702874,-8.60516855565861,3.));
#1970=CARTESIAN_POINT('Origin',(-22.2677057669307,-27.3761288820275,0.));
#1971=CARTESIAN_POINT('',(-22.2677057669307,-27.3761288820275,0.));
#1972=CARTESIAN_POINT('',(-22.2677057669307,-27.3761288820275,0.));
#1973=CARTESIAN_POINT('',(-43.6999990232289,3.0999999307096,0.));
#1974=CARTESIAN_POINT('Origin',(-12.6999997161329,23.1999994814396,3.));
#1975=CARTESIAN_POINT('',(-12.6999997161329,23.1999994814396,0.));
#1976=CARTESIAN_POINT('',(-12.6999997161329,23.1999994814396,3.));
#1977=CARTESIAN_POINT('',(-6.93332080633777,23.1999994814396,0.));
#1978=CARTESIAN_POINT('Origin',(-12.6999997161329,17.5412253173228,3.));
#1979=CARTESIAN_POINT('',(-12.6999997161329,8.86939466667997,0.));
#1980=CARTESIAN_POINT('Origin',(43.4383581034573,29.849999377504,1.));
#1981=CARTESIAN_POINT('',(43.4383581034573,31.549999377504,2.05356537528528));
#1982=CARTESIAN_POINT('',(45.1383581034573,29.849999377504,2.05356537528527));
#1983=CARTESIAN_POINT('Origin',(43.4383581034573,29.849999377504,2.05356537528528));
#1984=CARTESIAN_POINT('',(45.4383581034573,29.849999377504,1.));
#1985=CARTESIAN_POINT('Origin',(43.4383581034573,29.849999377504,1.));
#1986=CARTESIAN_POINT('',(43.4383581034573,31.849999377504,1.));
#1987=CARTESIAN_POINT('Origin',(43.4383581034573,29.849999377504,1.));
#1988=CARTESIAN_POINT('Origin',(43.4383581034573,29.849999377504,1.));
#1989=CARTESIAN_POINT('Origin',(43.4383581034573,29.849999377504,0.));
#1990=CARTESIAN_POINT('',(45.4383581034573,29.849999377504,0.));
#1991=CARTESIAN_POINT('',(43.4383581034573,31.849999377504,0.));
#1992=CARTESIAN_POINT('Origin',(43.4383581034573,29.849999377504,0.));
#1993=CARTESIAN_POINT('',(43.4383581034573,31.849999377504,0.));
#1994=CARTESIAN_POINT('',(45.4383581034573,29.849999377504,0.));
#1995=CARTESIAN_POINT('Origin',(43.4383581034573,-15.6286536646963,1.));
#1996=CARTESIAN_POINT('Ctrl Pts',(45.1383581034573,29.849999377504,2.05356537528528));
#1997=CARTESIAN_POINT('Ctrl Pts',(45.1383581034573,29.7309033872503,2.05356537528528));
#1998=CARTESIAN_POINT('Ctrl Pts',(45.1258888909807,29.6151590702144,2.07424151594343));
#1999=CARTESIAN_POINT('Ctrl Pts',(45.0795921895682,29.3925070735596,2.14371351205817));
#2000=CARTESIAN_POINT('Ctrl Pts',(45.0457152200415,29.2855013415174,2.19216166488282));
#2001=CARTESIAN_POINT('Ctrl Pts',(44.9155405450164,28.9799692881466,2.35547687795707));
#2002=CARTESIAN_POINT('Ctrl Pts',(44.7891482844383,28.7966265024507,2.48660251684065));
#2003=CARTESIAN_POINT('Ctrl Pts',(44.4986630096013,28.5061412276137,2.70505782076945));
#2004=CARTESIAN_POINT('Ctrl Pts',(44.3158014737007,28.3764381505274,2.81077294308973));
#2005=CARTESIAN_POINT('Ctrl Pts',(43.8994336845263,28.1981219125562,2.95862581758524));
#2006=CARTESIAN_POINT('Ctrl Pts',(43.6654468012603,28.149999377504,3.));
#2007=CARTESIAN_POINT('Ctrl Pts',(43.4383581034573,28.149999377504,3.));
#2008=CARTESIAN_POINT('',(45.1383581034573,-29.4548713454298,2.05356537528527));
#2009=CARTESIAN_POINT('Ctrl Pts',(43.4383581034573,-27.7548713454298,3.));
#2010=CARTESIAN_POINT('Ctrl Pts',(43.6654468012603,-27.7548713454298,3.));
#2011=CARTESIAN_POINT('Ctrl Pts',(43.8994336845263,-27.802993880482,2.95862581758524));
#2012=CARTESIAN_POINT('Ctrl Pts',(44.3158014737007,-27.9813101184532,2.81077294308973));
#2013=CARTESIAN_POINT('Ctrl Pts',(44.4986630096013,-28.1110131955395,2.70505782076945));
#2014=CARTESIAN_POINT('Ctrl Pts',(44.7891482844383,-28.4014984703765,2.48660251684065));
#2015=CARTESIAN_POINT('Ctrl Pts',(44.9155405450164,-28.5848412560724,2.35547687795707));
#2016=CARTESIAN_POINT('Ctrl Pts',(45.0457152200415,-28.8903733094432,2.19216166488282));
#2017=CARTESIAN_POINT('Ctrl Pts',(45.0795921895682,-28.9973790414854,2.14371351205817));
#2018=CARTESIAN_POINT('Ctrl Pts',(45.1258888909807,-29.2200310381402,2.07424151594343));
#2019=CARTESIAN_POINT('Ctrl Pts',(45.1383581034573,-29.3357753551761,2.05356537528527));
#2020=CARTESIAN_POINT('Ctrl Pts',(45.1383581034573,-29.4548713454298,2.05356537528527));
#2021=CARTESIAN_POINT('',(45.4383581034573,-29.4548713454298,1.));
#2022=CARTESIAN_POINT('Origin',(43.4383581034573,-29.4548713454298,1.));
#2023=CARTESIAN_POINT('',(45.4383581034573,-15.6286536646963,1.));
#2024=CARTESIAN_POINT('Origin',(43.4383581034573,29.849999377504,3.));
#2025=CARTESIAN_POINT('Ctrl Pts',(41.7383581034573,29.849999377504,3.));
#2026=CARTESIAN_POINT('Ctrl Pts',(41.7383581034573,30.077088075307,3.));
#2027=CARTESIAN_POINT('Ctrl Pts',(41.7864806385096,30.311074958573,2.95862581758524));
#2028=CARTESIAN_POINT('Ctrl Pts',(41.9647968764807,30.7274427477474,2.81077294308974));
#2029=CARTESIAN_POINT('Ctrl Pts',(42.0944999535671,30.910304283648,2.70505782076945));
#2030=CARTESIAN_POINT('Ctrl Pts',(42.3849852284041,31.200789558485,2.48660251684065));
#2031=CARTESIAN_POINT('Ctrl Pts',(42.5683280140999,31.3271818190631,2.35547687795707));
#2032=CARTESIAN_POINT('Ctrl Pts',(42.8738600674707,31.4573564940881,2.19216166488282));
#2033=CARTESIAN_POINT('Ctrl Pts',(42.980865799513,31.4912334636148,2.14371351205817));
#2034=CARTESIAN_POINT('Ctrl Pts',(43.2035177961678,31.5375301650274,2.07424151594343));
#2035=CARTESIAN_POINT('Ctrl Pts',(43.3192621132037,31.549999377504,2.05356537528528));
#2036=CARTESIAN_POINT('Ctrl Pts',(43.4383581034573,31.549999377504,2.05356537528528));
#2037=CARTESIAN_POINT('',(45.1383581034573,29.849999377504,0.));
#2038=CARTESIAN_POINT('',(45.1383581034573,29.849999377504,3.));
#2039=CARTESIAN_POINT('Origin',(43.4383581034573,29.849999377504,0.));
#2040=CARTESIAN_POINT('Origin',(22.1358581034573,29.849999377504,1.));
#2041=CARTESIAN_POINT('',(-45.7716418965427,31.849999377504,1.));
#2042=CARTESIAN_POINT('',(22.1358581034573,31.849999377504,1.));
#2043=CARTESIAN_POINT('',(-45.7716418965427,31.549999377504,2.05356537528528));
#2044=CARTESIAN_POINT('Origin',(-45.7716418965427,29.849999377504,1.));
#2045=CARTESIAN_POINT('Ctrl Pts',(-45.7716418965427,31.549999377504,2.05356537528528));
#2046=CARTESIAN_POINT('Ctrl Pts',(-45.652545906289,31.549999377504,2.05356537528528));
#2047=CARTESIAN_POINT('Ctrl Pts',(-45.5368015892531,31.5375301650274,2.07424151594343));
#2048=CARTESIAN_POINT('Ctrl Pts',(-45.3141495925983,31.4912334636148,2.14371351205818));
#2049=CARTESIAN_POINT('Ctrl Pts',(-45.2071438605561,31.4573564940881,2.19216166488282));
#2050=CARTESIAN_POINT('Ctrl Pts',(-44.9016118071853,31.3271818190631,2.35547687795708));
#2051=CARTESIAN_POINT('Ctrl Pts',(-44.7182690214894,31.200789558485,2.48660251684065));
#2052=CARTESIAN_POINT('Ctrl Pts',(-44.4277837466524,30.910304283648,2.70505782076945));
#2053=CARTESIAN_POINT('Ctrl Pts',(-44.298080669566,30.7274427477474,2.81077294308974));
#2054=CARTESIAN_POINT('Ctrl Pts',(-44.1197644315949,30.311074958573,2.95862581758524));
#2055=CARTESIAN_POINT('Ctrl Pts',(-44.0716418965427,30.077088075307,3.));
#2056=CARTESIAN_POINT('Ctrl Pts',(-44.0716418965427,29.849999377504,3.));
#2057=CARTESIAN_POINT('Origin',(43.4383581034573,-29.4548713454298,1.));
#2058=CARTESIAN_POINT('',(43.4383581034573,-31.1548713454298,2.05356537528527));
#2059=CARTESIAN_POINT('Origin',(43.4383581034573,-29.4548713454298,2.05356537528528));
#2060=CARTESIAN_POINT('',(43.4383581034573,-31.4548713454298,1.));
#2061=CARTESIAN_POINT('Origin',(43.4383581034573,-29.4548713454298,1.));
#2062=CARTESIAN_POINT('Origin',(43.4383581034573,-29.4548713454298,1.));
#2063=CARTESIAN_POINT('Origin',(43.4383581034573,-29.4548713454298,0.));
#2064=CARTESIAN_POINT('',(43.4383581034573,-31.4548713454298,0.));
#2065=CARTESIAN_POINT('',(45.4383581034573,-29.4548713454298,0.));
#2066=CARTESIAN_POINT('Origin',(43.4383581034573,-29.4548713454298,0.));
#2067=CARTESIAN_POINT('',(45.4383581034573,-29.4548713454298,0.));
#2068=CARTESIAN_POINT('',(43.4383581034573,-31.4548713454298,0.));
#2069=CARTESIAN_POINT('Origin',(45.4383581034573,-31.4548713454298,0.));
#2070=CARTESIAN_POINT('',(45.4383581034573,31.849999377504,0.));
#2071=CARTESIAN_POINT('Origin',(-1.16664189654267,0.197564016037095,0.));
#2072=CARTESIAN_POINT('',(-23.0297972657662,-31.4548713454298,0.));
#2073=CARTESIAN_POINT('',(45.4383581034573,-31.4548713454298,0.));
#2074=CARTESIAN_POINT('',(-24.657779726243,-30.6166256690198,0.));
#2075=CARTESIAN_POINT('Origin',(-23.0297972657662,-29.4548713454298,0.));
#2076=CARTESIAN_POINT('',(-47.3996243570194,1.25183690178023,0.));
#2077=CARTESIAN_POINT('',(-24.0595942037068,-31.4548713454298,0.));
#2078=CARTESIAN_POINT('',(-47.7716418965427,2.4135912253702,0.));
#2079=CARTESIAN_POINT('Origin',(-45.7716418965427,2.4135912253702,0.));
#2080=CARTESIAN_POINT('',(-47.7716418965427,29.849999377504,0.));
#2081=CARTESIAN_POINT('',(-47.7716418965427,1.77315024405559,0.));
#2082=CARTESIAN_POINT('',(-45.7716418965427,31.849999377504,0.));
#2083=CARTESIAN_POINT('Origin',(-45.7716418965427,29.849999377504,0.));
#2084=CARTESIAN_POINT('',(-47.7716418965427,31.849999377504,0.));
#2085=CARTESIAN_POINT('',(-44.0716418965427,29.849999377504,0.));
#2086=CARTESIAN_POINT('Origin',(-45.7716418965427,29.849999377504,0.));
#2087=CARTESIAN_POINT('',(45.1383581034573,-29.4548713454298,0.));
#2088=CARTESIAN_POINT('Origin',(43.4383581034573,-29.4548713454298,0.));
#2089=CARTESIAN_POINT('',(34.2137173990315,-22.8199488829697,0.));
#2090=CARTESIAN_POINT('',(34.2137173990315,-8.81994888296974,0.));
#2091=CARTESIAN_POINT('',(34.2137173990315,-4.31119243346632,0.));
#2092=CARTESIAN_POINT('',(20.2137173990315,-8.81994888296974,0.));
#2093=CARTESIAN_POINT('',(9.52353775124441,-8.81994888296974,0.));
#2094=CARTESIAN_POINT('',(20.2137173990315,-22.8199488829697,0.));
#2095=CARTESIAN_POINT('',(20.2137173990315,-11.3111924334663,0.));
#2096=CARTESIAN_POINT('',(16.5235377512444,-22.8199488829697,0.));
#2097=CARTESIAN_POINT('',(15.2137173990315,-22.8199488829697,0.));
#2098=CARTESIAN_POINT('',(15.2137173990315,-8.81994888296974,0.));
#2099=CARTESIAN_POINT('',(15.2137173990315,-4.31119243346632,0.));
#2100=CARTESIAN_POINT('',(1.21371739903149,-8.81994888296974,0.));
#2101=CARTESIAN_POINT('',(0.0235377512444124,-8.81994888296974,0.));
#2102=CARTESIAN_POINT('',(1.21371739903149,-22.8199488829697,0.));
#2103=CARTESIAN_POINT('',(1.21371739903149,-11.3111924334663,0.));
#2104=CARTESIAN_POINT('',(7.02353775124441,-22.8199488829697,0.));
#2105=CARTESIAN_POINT('',(-3.78628260096851,-22.8199488829697,0.));
#2106=CARTESIAN_POINT('',(-3.78628260096851,-8.81994888296974,0.));
#2107=CARTESIAN_POINT('',(-3.78628260096851,-4.31119243346632,0.));
#2108=CARTESIAN_POINT('',(-17.7862826009685,-8.81994888296974,0.));
#2109=CARTESIAN_POINT('',(-9.47646224875559,-8.81994888296974,0.));
#2110=CARTESIAN_POINT('',(-17.7862826009685,-22.8199488829697,0.));
#2111=CARTESIAN_POINT('',(-17.7862826009685,-11.3111924334663,0.));
#2112=CARTESIAN_POINT('',(-2.47646224875559,-22.8199488829697,0.));
#2113=CARTESIAN_POINT('',(34.2137173990315,-3.81994888296974,0.));
#2114=CARTESIAN_POINT('',(34.2137173990315,10.1800511170303,0.));
#2115=CARTESIAN_POINT('',(34.2137173990315,5.18880756653368,0.));
#2116=CARTESIAN_POINT('',(20.2137173990315,10.1800511170303,0.));
#2117=CARTESIAN_POINT('',(9.52353775124441,10.1800511170303,0.));
#2118=CARTESIAN_POINT('',(20.2137173990315,-3.81994888296974,0.));
#2119=CARTESIAN_POINT('',(20.2137173990315,-1.81119243346632,0.));
#2120=CARTESIAN_POINT('',(16.5235377512444,-3.81994888296974,0.));
#2121=CARTESIAN_POINT('',(15.2137173990315,-3.81994888296974,0.));
#2122=CARTESIAN_POINT('',(15.2137173990315,10.1800511170303,0.));
#2123=CARTESIAN_POINT('',(15.2137173990315,5.18880756653368,0.));
#2124=CARTESIAN_POINT('',(1.21371739903149,10.1800511170303,0.));
#2125=CARTESIAN_POINT('',(0.0235377512444124,10.1800511170303,0.));
#2126=CARTESIAN_POINT('',(1.21371739903149,-3.81994888296974,0.));
#2127=CARTESIAN_POINT('',(1.21371739903149,-1.81119243346632,0.));
#2128=CARTESIAN_POINT('',(7.02353775124441,-3.81994888296974,0.));
#2129=CARTESIAN_POINT('',(-3.78628260096851,-3.81994888296974,0.));
#2130=CARTESIAN_POINT('',(-3.78628260096851,10.1800511170303,0.));
#2131=CARTESIAN_POINT('',(-3.78628260096851,5.18880756653368,0.));
#2132=CARTESIAN_POINT('',(-17.7862826009685,10.1800511170303,0.));
#2133=CARTESIAN_POINT('',(-9.47646224875559,10.1800511170303,0.));
#2134=CARTESIAN_POINT('',(-17.7862826009685,-3.81994888296974,0.));
#2135=CARTESIAN_POINT('',(-17.7862826009685,-1.81119243346632,0.));
#2136=CARTESIAN_POINT('',(-2.47646224875559,-3.81994888296974,0.));
#2137=CARTESIAN_POINT('',(26.1416752106945,19.9393694897906,0.));
#2138=CARTESIAN_POINT('Origin',(29.1888107226415,19.9393694897906,0.));
#2139=CARTESIAN_POINT('',(-22.2677057669307,-27.3761288820275,0.));
#2140=CARTESIAN_POINT('Origin',(-23.0297972657662,-29.4548713454298,1.));
#2141=CARTESIAN_POINT('',(-24.657779726243,-30.6166256690198,1.));
#2142=CARTESIAN_POINT('',(-23.0297972657662,-31.4548713454298,1.));
#2143=CARTESIAN_POINT('Origin',(-23.0297972657662,-29.4548713454298,1.));
#2144=CARTESIAN_POINT('Origin',(-23.0297972657662,-29.4548713454298,1.));
#2145=CARTESIAN_POINT('Origin',(-23.0297972657662,-29.4548713454298,1.));
#2146=CARTESIAN_POINT('Origin',(-23.0297972657662,-29.4548713454298,0.));
#2147=CARTESIAN_POINT('',(-23.0297972657662,-31.4548713454298,0.));
#2148=CARTESIAN_POINT('',(-24.657779726243,-30.6166256690198,0.));
#2149=CARTESIAN_POINT('Origin',(-47.7716418965427,1.77315024405559,0.));
#2150=CARTESIAN_POINT('',(-47.3996243570194,1.25183690178023,1.));
#2151=CARTESIAN_POINT('',(-39.5364611307642,-9.76692287924858,1.));
#2152=CARTESIAN_POINT('',(-47.3996243570194,1.25183690178023,0.));
#2153=CARTESIAN_POINT('Origin',(-37.9084786702874,-8.60516855565861,1.));
#2154=CARTESIAN_POINT('Origin',(-45.7716418965427,2.4135912253702,1.));
#2155=CARTESIAN_POINT('Origin',(-24.5132211374094,-27.3761288820275,1.));
#2156=CARTESIAN_POINT('Origin',(-45.7716418965427,2.4135912253702,1.));
#2157=CARTESIAN_POINT('',(-47.7716418965427,2.4135912253702,1.));
#2158=CARTESIAN_POINT('Origin',(-45.7716418965427,2.4135912253702,1.));
#2159=CARTESIAN_POINT('Origin',(-45.7716418965427,2.4135912253702,1.));
#2160=CARTESIAN_POINT('Origin',(-45.7716418965427,2.4135912253702,0.));
#2161=CARTESIAN_POINT('',(-47.7716418965427,2.4135912253702,0.));
#2162=CARTESIAN_POINT('Origin',(-45.7716418965427,29.849999377504,1.));
#2163=CARTESIAN_POINT('',(-47.4716418965427,29.849999377504,2.05356537528528));
#2164=CARTESIAN_POINT('Origin',(-45.7716418965427,29.849999377504,2.05356537528526));
#2165=CARTESIAN_POINT('',(-47.7716418965427,29.849999377504,1.));
#2166=CARTESIAN_POINT('Origin',(-45.7716418965427,29.849999377504,1.));
#2167=CARTESIAN_POINT('Origin',(-45.7716418965427,29.849999377504,1.));
#2168=CARTESIAN_POINT('Origin',(-45.7716418965427,29.849999377504,0.));
#2169=CARTESIAN_POINT('',(-47.7716418965427,29.849999377504,0.));
#2170=CARTESIAN_POINT('',(-45.7716418965427,31.849999377504,0.));
#2171=CARTESIAN_POINT('Origin',(45.4383581034573,31.849999377504,0.));
#2172=CARTESIAN_POINT('Origin',(-12.6131180501247,-29.4548713454298,1.));
#2173=CARTESIAN_POINT('Ctrl Pts',(43.4383581034573,-31.1548713454298,2.05356537528527));
#2174=CARTESIAN_POINT('Ctrl Pts',(43.3192621132037,-31.1548713454298,2.05356537528527));
#2175=CARTESIAN_POINT('Ctrl Pts',(43.2035177961678,-31.1424021329532,2.07424151594342));
#2176=CARTESIAN_POINT('Ctrl Pts',(42.980865799513,-31.0961054315406,2.14371351205817));
#2177=CARTESIAN_POINT('Ctrl Pts',(42.8738600674707,-31.0622284620139,2.19216166488281));
#2178=CARTESIAN_POINT('Ctrl Pts',(42.5683280140999,-30.9320537869889,2.35547687795707));
#2179=CARTESIAN_POINT('Ctrl Pts',(42.3849852284041,-30.8056615264108,2.48660251684065));
#2180=CARTESIAN_POINT('Ctrl Pts',(42.0944999535671,-30.5151762515738,2.70505782076945));
#2181=CARTESIAN_POINT('Ctrl Pts',(41.9647968764807,-30.3323147156732,2.81077294308973));
#2182=CARTESIAN_POINT('Ctrl Pts',(41.7864806385096,-29.9159469264988,2.95862581758524));
#2183=CARTESIAN_POINT('Ctrl Pts',(41.7383581034573,-29.6819600432328,3.));
#2184=CARTESIAN_POINT('Ctrl Pts',(41.7383581034573,-29.4548713454298,3.));
#2185=CARTESIAN_POINT('',(-12.6131180501247,-31.4548713454298,1.));
#2186=CARTESIAN_POINT('Origin',(-45.7716418965427,16.0237816967705,1.));
#2187=CARTESIAN_POINT('Ctrl Pts',(-45.7716418965427,28.149999377504,3.));
#2188=CARTESIAN_POINT('Ctrl Pts',(-45.9987305943456,28.149999377504,3.));
#2189=CARTESIAN_POINT('Ctrl Pts',(-46.2327174776116,28.1981219125562,2.95862581758524));
#2190=CARTESIAN_POINT('Ctrl Pts',(-46.6490852667861,28.3764381505274,2.81077294308973));
#2191=CARTESIAN_POINT('Ctrl Pts',(-46.8319468026867,28.5061412276137,2.70505782076945));
#2192=CARTESIAN_POINT('Ctrl Pts',(-47.1224320775237,28.7966265024507,2.48660251684065));
#2193=CARTESIAN_POINT('Ctrl Pts',(-47.2488243381018,28.9799692881466,2.35547687795707));
#2194=CARTESIAN_POINT('Ctrl Pts',(-47.3789990131268,29.2855013415174,2.19216166488282));
#2195=CARTESIAN_POINT('Ctrl Pts',(-47.4128759826535,29.3925070735596,2.14371351205817));
#2196=CARTESIAN_POINT('Ctrl Pts',(-47.459172684066,29.6151590702144,2.07424151594343));
#2197=CARTESIAN_POINT('Ctrl Pts',(-47.4716418965427,29.7309033872503,2.05356537528528));
#2198=CARTESIAN_POINT('Ctrl Pts',(-47.4716418965427,29.849999377504,2.05356537528528));
#2199=CARTESIAN_POINT('',(-47.7716418965427,16.0237816967705,1.));
#2200=CARTESIAN_POINT('Origin',(-24.0595942037068,-31.4548713454298,0.));
#2201=CARTESIAN_POINT('Origin',(43.4383581034573,-29.4548713454298,3.));
#2202=CARTESIAN_POINT('',(45.1383581034573,-29.4548713454298,3.));
#2203=CARTESIAN_POINT('Origin',(-45.7716418965427,29.849999377504,3.));
#2204=CARTESIAN_POINT('',(-44.0716418965427,29.849999377504,3.));
#2205=CARTESIAN_POINT('Origin',(34.2137173990315,-8.81994888296974,3.));
#2206=CARTESIAN_POINT('',(34.2137173990315,-8.81994888296974,3.));
#2207=CARTESIAN_POINT('',(34.2137173990315,-22.8199488829697,3.));
#2208=CARTESIAN_POINT('Origin',(20.2137173990315,-8.81994888296974,3.));
#2209=CARTESIAN_POINT('',(20.2137173990315,-8.81994888296974,3.));
#2210=CARTESIAN_POINT('Origin',(20.2137173990315,-22.8199488829697,3.));
#2211=CARTESIAN_POINT('',(20.2137173990315,-22.8199488829697,3.));
#2212=CARTESIAN_POINT('Origin',(34.2137173990315,-22.8199488829697,3.));
#2213=CARTESIAN_POINT('Origin',(15.2137173990315,-8.81994888296974,3.));
#2214=CARTESIAN_POINT('',(15.2137173990315,-8.81994888296974,3.));
#2215=CARTESIAN_POINT('',(15.2137173990315,-22.8199488829697,3.));
#2216=CARTESIAN_POINT('Origin',(1.21371739903149,-8.81994888296974,3.));
#2217=CARTESIAN_POINT('',(1.21371739903149,-8.81994888296974,3.));
#2218=CARTESIAN_POINT('Origin',(1.21371739903149,-22.8199488829697,3.));
#2219=CARTESIAN_POINT('',(1.21371739903149,-22.8199488829697,3.));
#2220=CARTESIAN_POINT('Origin',(15.2137173990315,-22.8199488829697,3.));
#2221=CARTESIAN_POINT('Origin',(-3.78628260096851,-8.81994888296974,3.));
#2222=CARTESIAN_POINT('',(-3.78628260096851,-8.81994888296974,3.));
#2223=CARTESIAN_POINT('',(-3.78628260096851,-22.8199488829697,3.));
#2224=CARTESIAN_POINT('Origin',(-17.7862826009685,-8.81994888296974,3.));
#2225=CARTESIAN_POINT('',(-17.7862826009685,-8.81994888296974,3.));
#2226=CARTESIAN_POINT('Origin',(-17.7862826009685,-22.8199488829697,3.));
#2227=CARTESIAN_POINT('',(-17.7862826009685,-22.8199488829697,3.));
#2228=CARTESIAN_POINT('Origin',(-3.78628260096851,-22.8199488829697,3.));
#2229=CARTESIAN_POINT('Origin',(34.2137173990315,10.1800511170303,3.));
#2230=CARTESIAN_POINT('',(34.2137173990315,10.1800511170303,3.));
#2231=CARTESIAN_POINT('',(34.2137173990315,-3.81994888296974,3.));
#2232=CARTESIAN_POINT('Origin',(20.2137173990315,10.1800511170303,3.));
#2233=CARTESIAN_POINT('',(20.2137173990315,10.1800511170303,3.));
#2234=CARTESIAN_POINT('Origin',(20.2137173990315,-3.81994888296974,3.));
#2235=CARTESIAN_POINT('',(20.2137173990315,-3.81994888296974,3.));
#2236=CARTESIAN_POINT('Origin',(34.2137173990315,-3.81994888296974,3.));
#2237=CARTESIAN_POINT('Origin',(15.2137173990315,10.1800511170303,3.));
#2238=CARTESIAN_POINT('',(15.2137173990315,10.1800511170303,3.));
#2239=CARTESIAN_POINT('',(15.2137173990315,-3.81994888296974,3.));
#2240=CARTESIAN_POINT('Origin',(1.21371739903149,10.1800511170303,3.));
#2241=CARTESIAN_POINT('',(1.21371739903149,10.1800511170303,3.));
#2242=CARTESIAN_POINT('Origin',(1.21371739903149,-3.81994888296974,3.));
#2243=CARTESIAN_POINT('',(1.21371739903149,-3.81994888296974,3.));
#2244=CARTESIAN_POINT('Origin',(15.2137173990315,-3.81994888296974,3.));
#2245=CARTESIAN_POINT('Origin',(-3.78628260096851,10.1800511170303,3.));
#2246=CARTESIAN_POINT('',(-3.78628260096851,10.1800511170303,3.));
#2247=CARTESIAN_POINT('',(-3.78628260096851,-3.81994888296974,3.));
#2248=CARTESIAN_POINT('Origin',(-17.7862826009685,10.1800511170303,3.));
#2249=CARTESIAN_POINT('',(-17.7862826009685,10.1800511170303,3.));
#2250=CARTESIAN_POINT('Origin',(-17.7862826009685,-3.81994888296974,3.));
#2251=CARTESIAN_POINT('',(-17.7862826009685,-3.81994888296974,3.));
#2252=CARTESIAN_POINT('Origin',(-3.78628260096851,-3.81994888296974,3.));
#2253=CARTESIAN_POINT('Origin',(-20.0000002980232,-27.3761288820275,0.));
#2254=CARTESIAN_POINT('Origin',(29.1888107226415,19.9393694897906,0.));
#2255=CARTESIAN_POINT('',(26.1416752106945,19.9393694897906,0.));
#2256=CARTESIAN_POINT('Origin',(-47.7716418965427,31.849999377504,0.));
#2257=UNCERTAINTY_MEASURE_WITH_UNIT(LENGTH_MEASURE(0.01),#2261,
'DISTANCE_ACCURACY_VALUE',
'Maximum model space distance between geometric entities at asserted c
onnectivities');
#2258=UNCERTAINTY_MEASURE_WITH_UNIT(LENGTH_MEASURE(0.01),#2261,
'DISTANCE_ACCURACY_VALUE',
'Maximum model space distance between geometric entities at asserted c
onnectivities');
#2259=(
GEOMETRIC_REPRESENTATION_CONTEXT(3)
GLOBAL_UNCERTAINTY_ASSIGNED_CONTEXT((#2257))
GLOBAL_UNIT_ASSIGNED_CONTEXT((#2261,#2263,#2264))
REPRESENTATION_CONTEXT('','3D')
);
#2260=(
GEOMETRIC_REPRESENTATION_CONTEXT(3)
GLOBAL_UNCERTAINTY_ASSIGNED_CONTEXT((#2258))
GLOBAL_UNIT_ASSIGNED_CONTEXT((#2261,#2263,#2264))
REPRESENTATION_CONTEXT('','3D')
);
#2261=(
LENGTH_UNIT()
NAMED_UNIT(*)
SI_UNIT(.MILLI.,.METRE.)
);
#2262=(
LENGTH_UNIT()
NAMED_UNIT(*)
SI_UNIT($,.METRE.)
);
#2263=(
NAMED_UNIT(*)
PLANE_ANGLE_UNIT()
SI_UNIT($,.RADIAN.)
);
#2264=(
NAMED_UNIT(*)
SI_UNIT($,.STERADIAN.)
SOLID_ANGLE_UNIT()
);
#2265=SHAPE_DEFINITION_REPRESENTATION(#2266,#2267);
#2266=PRODUCT_DEFINITION_SHAPE('',$,#2269);
#2267=SHAPE_REPRESENTATION('',(#1356),#2259);
#2268=PRODUCT_DEFINITION_CONTEXT('part definition',#2273,'design');
#2269=PRODUCT_DEFINITION('2026-02-02-18-10-59-617','Top Case',#2270,#2268);
#2270=PRODUCT_DEFINITION_FORMATION('',$,#2275);
#2271=PRODUCT_RELATED_PRODUCT_CATEGORY('Top Case','Top Case',(#2275));
#2272=APPLICATION_PROTOCOL_DEFINITION('international standard',
'automotive_design',2009,#2273);
#2273=APPLICATION_CONTEXT(
'Core Data for Automotive Mechanical Design Process');
#2274=PRODUCT_CONTEXT('part definition',#2273,'mechanical');
#2275=PRODUCT('2026-02-02-18-10-59-617','Top Case',$,(#2274));
#2276=PRESENTATION_STYLE_ASSIGNMENT((#2277));
#2277=SURFACE_STYLE_USAGE(.BOTH.,#2278);
#2278=SURFACE_SIDE_STYLE('',(#2279));
#2279=SURFACE_STYLE_FILL_AREA(#2280);
#2280=FILL_AREA_STYLE('Steel - Satin',(#2281));
#2281=FILL_AREA_STYLE_COLOUR('Steel - Satin',#2282);
#2282=COLOUR_RGB('Steel - Satin',0.627450980392157,0.627450980392157,0.627450980392157);
ENDSEC;
END-ISO-10303-21;
