ISO-10303-21;
HEADER;
/* Generated by software containing ST-Developer
 * from STEP Tools, Inc. (www.steptools.com) 
 */

FILE_DESCRIPTION(
/* description */ (''),
/* implementation_level */ '2;1');

FILE_NAME(
/* name */ 'Top Case.step',
/* time_stamp */ '2026-01-27T18:22:36+05:30',
/* author */ (''),
/* organization */ (''),
/* preprocessor_version */ 'ST-DEVELOPER v20.1',
/* originating_system */ 'Autodesk Translation Framework v14.24.0.0',
/* authorisation */ '');

FILE_SCHEMA (('AUTOMOTIVE_DESIGN { 1 0 10303 214 3 1 1 }'));
ENDSEC;

DATA;
#10=MECHANICAL_DESIGN_GEOMETRIC_PRESENTATION_REPRESENTATION('',(#16,#17),
#3896);
#11=SHAPE_REPRESENTATION_RELATIONSHIP('SRR','None',#3903,#12);
#12=ADVANCED_BREP_SHAPE_REPRESENTATION('',(#18,#19),#3895);
#13=TOROIDAL_SURFACE('',#1885,4.20180950080855,2.);
#14=TOROIDAL_SURFACE('',#1889,11.,3.);
#15=(
BOUNDED_SURFACE()
B_SPLINE_SURFACE(2,2,((#3821,#3822,#3823,#3824,#3825,#3826,#3827,#3828,
#3829),(#3830,#3831,#3832,#3833,#3834,#3835,#3836,#3837,#3838),(#3839,#3840,
#3841,#3842,#3843,#3844,#3845,#3846,#3847)),.UNSPECIFIED.,.F.,.T.,.F.)
B_SPLINE_SURFACE_WITH_KNOTS((3,3),(3,2,2,2,3),(-1.5707963267949,-0.848062078981481),
(-3.14159265358979,-1.5707963267949,0.,1.5707963267949,3.14159265358979),
 .UNSPECIFIED.)
GEOMETRIC_REPRESENTATION_ITEM()
RATIONAL_B_SPLINE_SURFACE(((1.,0.707106781186548,1.,0.707106781186548,1.,
0.707106781186548,1.,0.707106781186548,1.),(0.935414346693471,0.661437827766138,
0.935414346693471,0.661437827766138,0.935414346693471,0.661437827766138,
0.935414346693471,0.661437827766138,0.935414346693471),(1.,0.707106781186548,
1.,0.707106781186548,1.,0.707106781186548,1.,0.707106781186548,1.)))
REPRESENTATION_ITEM('')
SURFACE()
);
#16=STYLED_ITEM('',(#3913),#18);
#17=STYLED_ITEM('',(#3914),#19);
#18=MANIFOLD_SOLID_BREP('Body1',#1740);
#19=MANIFOLD_SOLID_BREP('Body2',#1741);
#20=CYLINDRICAL_SURFACE('',#1811,0.6);
#21=CYLINDRICAL_SURFACE('',#1815,0.6);
#22=CYLINDRICAL_SURFACE('',#1817,0.6);
#23=CYLINDRICAL_SURFACE('',#1820,0.6);
#24=CYLINDRICAL_SURFACE('',#1824,0.6);
#25=CYLINDRICAL_SURFACE('',#1826,0.6);
#26=CYLINDRICAL_SURFACE('',#1827,0.6);
#27=CYLINDRICAL_SURFACE('',#1828,0.6);
#28=CYLINDRICAL_SURFACE('',#1831,2.05);
#29=CYLINDRICAL_SURFACE('',#1839,2.05);
#30=CYLINDRICAL_SURFACE('',#1841,2.05);
#31=CYLINDRICAL_SURFACE('',#1847,2.05);
#32=CYLINDRICAL_SURFACE('',#1849,2.99686171922977);
#33=CYLINDRICAL_SURFACE('',#1894,14.);
#34=CYLINDRICAL_SURFACE('',#1897,3.00000000000001);
#35=FACE_BOUND('',#501,.T.);
#36=FACE_BOUND('',#502,.T.);
#37=FACE_BOUND('',#503,.T.);
#38=FACE_BOUND('',#504,.T.);
#39=FACE_BOUND('',#505,.T.);
#40=FACE_BOUND('',#506,.T.);
#41=FACE_BOUND('',#507,.T.);
#42=FACE_BOUND('',#508,.T.);
#43=FACE_BOUND('',#509,.T.);
#44=FACE_BOUND('',#565,.T.);
#45=FACE_BOUND('',#566,.T.);
#46=FACE_BOUND('',#567,.T.);
#47=FACE_BOUND('',#568,.T.);
#48=FACE_BOUND('',#569,.T.);
#49=FACE_BOUND('',#570,.T.);
#50=FACE_BOUND('',#571,.T.);
#51=FACE_BOUND('',#572,.T.);
#52=FACE_BOUND('',#573,.T.);
#53=FACE_BOUND('',#574,.T.);
#54=FACE_BOUND('',#575,.T.);
#55=FACE_BOUND('',#576,.T.);
#56=FACE_BOUND('',#577,.T.);
#57=FACE_BOUND('',#587,.T.);
#58=LINE('',#3292,#196);
#59=LINE('',#3294,#197);
#60=LINE('',#3296,#198);
#61=LINE('',#3297,#199);
#62=LINE('',#3300,#200);
#63=LINE('',#3302,#201);
#64=LINE('',#3303,#202);
#65=LINE('',#3306,#203);
#66=LINE('',#3308,#204);
#67=LINE('',#3309,#205);
#68=LINE('',#3311,#206);
#69=LINE('',#3312,#207);
#70=LINE('',#3315,#208);
#71=LINE('',#3317,#209);
#72=LINE('',#3318,#210);
#73=LINE('',#3321,#211);
#74=LINE('',#3322,#212);
#75=LINE('',#3326,#213);
#76=LINE('',#3330,#214);
#77=LINE('',#3334,#215);
#78=LINE('',#3339,#216);
#79=LINE('',#3341,#217);
#80=LINE('',#3347,#218);
#81=LINE('',#3349,#219);
#82=LINE('',#3351,#220);
#83=LINE('',#3352,#221);
#84=LINE('',#3355,#222);
#85=LINE('',#3357,#223);
#86=LINE('',#3359,#224);
#87=LINE('',#3360,#225);
#88=LINE('',#3363,#226);
#89=LINE('',#3365,#227);
#90=LINE('',#3367,#228);
#91=LINE('',#3368,#229);
#92=LINE('',#3371,#230);
#93=LINE('',#3373,#231);
#94=LINE('',#3375,#232);
#95=LINE('',#3376,#233);
#96=LINE('',#3379,#234);
#97=LINE('',#3381,#235);
#98=LINE('',#3383,#236);
#99=LINE('',#3384,#237);
#100=LINE('',#3387,#238);
#101=LINE('',#3389,#239);
#102=LINE('',#3391,#240);
#103=LINE('',#3392,#241);
#104=LINE('',#3397,#242);
#105=LINE('',#3399,#243);
#106=LINE('',#3401,#244);
#107=LINE('',#3402,#245);
#108=LINE('',#3446,#246);
#109=LINE('',#3447,#247);
#110=LINE('',#3491,#248);
#111=LINE('',#3492,#249);
#112=LINE('',#3504,#250);
#113=LINE('',#3505,#251);
#114=LINE('',#3507,#252);
#115=LINE('',#3560,#253);
#116=LINE('',#3561,#254);
#117=LINE('',#3605,#255);
#118=LINE('',#3606,#256);
#119=LINE('',#3615,#257);
#120=LINE('',#3617,#258);
#121=LINE('',#3638,#259);
#122=LINE('',#3639,#260);
#123=LINE('',#3653,#261);
#124=LINE('',#3654,#262);
#125=LINE('',#3656,#263);
#126=LINE('',#3669,#264);
#127=LINE('',#3671,#265);
#128=LINE('',#3675,#266);
#129=LINE('',#3684,#267);
#130=LINE('',#3688,#268);
#131=LINE('',#3692,#269);
#132=LINE('',#3694,#270);
#133=LINE('',#3695,#271);
#134=LINE('',#3698,#272);
#135=LINE('',#3699,#273);
#136=LINE('',#3702,#274);
#137=LINE('',#3703,#275);
#138=LINE('',#3705,#276);
#139=LINE('',#3708,#277);
#140=LINE('',#3712,#278);
#141=LINE('',#3716,#279);
#142=LINE('',#3717,#280);
#143=LINE('',#3719,#281);
#144=LINE('',#3722,#282);
#145=LINE('',#3724,#283);
#146=LINE('',#3725,#284);
#147=LINE('',#3728,#285);
#148=LINE('',#3729,#286);
#149=LINE('',#3732,#287);
#150=LINE('',#3733,#288);
#151=LINE('',#3735,#289);
#152=LINE('',#3738,#290);
#153=LINE('',#3740,#291);
#154=LINE('',#3741,#292);
#155=LINE('',#3744,#293);
#156=LINE('',#3745,#294);
#157=LINE('',#3748,#295);
#158=LINE('',#3749,#296);
#159=LINE('',#3751,#297);
#160=LINE('',#3754,#298);
#161=LINE('',#3756,#299);
#162=LINE('',#3757,#300);
#163=LINE('',#3760,#301);
#164=LINE('',#3761,#302);
#165=LINE('',#3764,#303);
#166=LINE('',#3765,#304);
#167=LINE('',#3767,#305);
#168=LINE('',#3770,#306);
#169=LINE('',#3772,#307);
#170=LINE('',#3773,#308);
#171=LINE('',#3776,#309);
#172=LINE('',#3777,#310);
#173=LINE('',#3780,#311);
#174=LINE('',#3781,#312);
#175=LINE('',#3783,#313);
#176=LINE('',#3786,#314);
#177=LINE('',#3788,#315);
#178=LINE('',#3789,#316);
#179=LINE('',#3792,#317);
#180=LINE('',#3793,#318);
#181=LINE('',#3796,#319);
#182=LINE('',#3797,#320);
#183=LINE('',#3799,#321);
#184=LINE('',#3802,#322);
#185=LINE('',#3804,#323);
#186=LINE('',#3805,#324);
#187=LINE('',#3808,#325);
#188=LINE('',#3809,#326);
#189=LINE('',#3812,#327);
#190=LINE('',#3813,#328);
#191=LINE('',#3815,#329);
#192=LINE('',#3817,#330);
#193=LINE('',#3819,#331);
#194=LINE('',#3883,#332);
#195=LINE('',#3889,#333);
#196=VECTOR('',#1986,10.);
#197=VECTOR('',#1987,10.);
#198=VECTOR('',#1988,10.);
#199=VECTOR('',#1989,10.);
#200=VECTOR('',#1992,10.);
#201=VECTOR('',#1993,10.);
#202=VECTOR('',#1994,10.);
#203=VECTOR('',#1997,10.);
#204=VECTOR('',#1998,10.);
#205=VECTOR('',#1999,10.);
#206=VECTOR('',#2002,10.);
#207=VECTOR('',#2003,10.);
#208=VECTOR('',#2006,10.);
#209=VECTOR('',#2007,10.);
#210=VECTOR('',#2008,10.);
#211=VECTOR('',#2011,10.);
#212=VECTOR('',#2012,10.);
#213=VECTOR('',#2015,10.);
#214=VECTOR('',#2018,10.);
#215=VECTOR('',#2021,10.);
#216=VECTOR('',#2026,10.);
#217=VECTOR('',#2027,10.);
#218=VECTOR('',#2032,10.);
#219=VECTOR('',#2033,10.);
#220=VECTOR('',#2034,10.);
#221=VECTOR('',#2035,10.);
#222=VECTOR('',#2036,10.);
#223=VECTOR('',#2037,10.);
#224=VECTOR('',#2038,10.);
#225=VECTOR('',#2039,10.);
#226=VECTOR('',#2040,10.);
#227=VECTOR('',#2041,10.);
#228=VECTOR('',#2042,10.);
#229=VECTOR('',#2043,10.);
#230=VECTOR('',#2044,10.);
#231=VECTOR('',#2045,10.);
#232=VECTOR('',#2046,10.);
#233=VECTOR('',#2047,10.);
#234=VECTOR('',#2048,10.);
#235=VECTOR('',#2049,10.);
#236=VECTOR('',#2050,10.);
#237=VECTOR('',#2051,10.);
#238=VECTOR('',#2052,10.);
#239=VECTOR('',#2053,10.);
#240=VECTOR('',#2054,10.);
#241=VECTOR('',#2055,10.);
#242=VECTOR('',#2058,10.);
#243=VECTOR('',#2059,10.);
#244=VECTOR('',#2060,10.);
#245=VECTOR('',#2061,10.);
#246=VECTOR('',#2070,10.);
#247=VECTOR('',#2071,10.);
#248=VECTOR('',#2080,10.);
#249=VECTOR('',#2081,10.);
#250=VECTOR('',#2084,10.);
#251=VECTOR('',#2085,10.);
#252=VECTOR('',#2086,10.);
#253=VECTOR('',#2095,10.);
#254=VECTOR('',#2096,10.);
#255=VECTOR('',#2105,10.);
#256=VECTOR('',#2106,10.);
#257=VECTOR('',#2109,10.);
#258=VECTOR('',#2110,10.);
#259=VECTOR('',#2113,10.);
#260=VECTOR('',#2114,10.);
#261=VECTOR('',#2117,10.);
#262=VECTOR('',#2118,10.);
#263=VECTOR('',#2119,10.);
#264=VECTOR('',#2122,10.);
#265=VECTOR('',#2125,10.);
#266=VECTOR('',#2130,2.05);
#267=VECTOR('',#2145,2.05);
#268=VECTOR('',#2150,2.05);
#269=VECTOR('',#2155,10.);
#270=VECTOR('',#2156,10.);
#271=VECTOR('',#2157,10.);
#272=VECTOR('',#2160,10.);
#273=VECTOR('',#2161,10.);
#274=VECTOR('',#2164,10.);
#275=VECTOR('',#2165,10.);
#276=VECTOR('',#2168,10.);
#277=VECTOR('',#2171,2.05);
#278=VECTOR('',#2176,2.99686171922977);
#279=VECTOR('',#2181,10.);
#280=VECTOR('',#2182,10.);
#281=VECTOR('',#2185,10.);
#282=VECTOR('',#2188,10.);
#283=VECTOR('',#2189,10.);
#284=VECTOR('',#2190,10.);
#285=VECTOR('',#2193,10.);
#286=VECTOR('',#2194,10.);
#287=VECTOR('',#2197,10.);
#288=VECTOR('',#2198,10.);
#289=VECTOR('',#2201,10.);
#290=VECTOR('',#2204,10.);
#291=VECTOR('',#2205,10.);
#292=VECTOR('',#2206,10.);
#293=VECTOR('',#2209,10.);
#294=VECTOR('',#2210,10.);
#295=VECTOR('',#2213,10.);
#296=VECTOR('',#2214,10.);
#297=VECTOR('',#2217,10.);
#298=VECTOR('',#2220,10.);
#299=VECTOR('',#2221,10.);
#300=VECTOR('',#2222,10.);
#301=VECTOR('',#2225,10.);
#302=VECTOR('',#2226,10.);
#303=VECTOR('',#2229,10.);
#304=VECTOR('',#2230,10.);
#305=VECTOR('',#2233,10.);
#306=VECTOR('',#2236,10.);
#307=VECTOR('',#2237,10.);
#308=VECTOR('',#2238,10.);
#309=VECTOR('',#2241,10.);
#310=VECTOR('',#2242,10.);
#311=VECTOR('',#2245,10.);
#312=VECTOR('',#2246,10.);
#313=VECTOR('',#2249,10.);
#314=VECTOR('',#2252,10.);
#315=VECTOR('',#2253,10.);
#316=VECTOR('',#2254,10.);
#317=VECTOR('',#2257,10.);
#318=VECTOR('',#2258,10.);
#319=VECTOR('',#2261,10.);
#320=VECTOR('',#2262,10.);
#321=VECTOR('',#2265,10.);
#322=VECTOR('',#2268,10.);
#323=VECTOR('',#2269,10.);
#324=VECTOR('',#2270,10.);
#325=VECTOR('',#2273,10.);
#326=VECTOR('',#2274,10.);
#327=VECTOR('',#2277,10.);
#328=VECTOR('',#2278,10.);
#329=VECTOR('',#2281,10.);
#330=VECTOR('',#2284,10.);
#331=VECTOR('',#2287,10.);
#332=VECTOR('',#2322,14.);
#333=VECTOR('',#2329,3.00000000000001);
#334=PLANE('',#1795);
#335=PLANE('',#1796);
#336=PLANE('',#1797);
#337=PLANE('',#1798);
#338=PLANE('',#1799);
#339=PLANE('',#1800);
#340=PLANE('',#1801);
#341=PLANE('',#1829);
#342=PLANE('',#1830);
#343=PLANE('',#1834);
#344=PLANE('',#1836);
#345=PLANE('',#1837);
#346=PLANE('',#1843);
#347=PLANE('',#1844);
#348=PLANE('',#1845);
#349=PLANE('',#1846);
#350=PLANE('',#1851);
#351=PLANE('',#1852);
#352=PLANE('',#1853);
#353=PLANE('',#1854);
#354=PLANE('',#1855);
#355=PLANE('',#1856);
#356=PLANE('',#1857);
#357=PLANE('',#1858);
#358=PLANE('',#1859);
#359=PLANE('',#1860);
#360=PLANE('',#1861);
#361=PLANE('',#1862);
#362=PLANE('',#1863);
#363=PLANE('',#1864);
#364=PLANE('',#1865);
#365=PLANE('',#1866);
#366=PLANE('',#1867);
#367=PLANE('',#1868);
#368=PLANE('',#1869);
#369=PLANE('',#1870);
#370=PLANE('',#1871);
#371=PLANE('',#1872);
#372=PLANE('',#1873);
#373=PLANE('',#1874);
#374=PLANE('',#1875);
#375=PLANE('',#1876);
#376=PLANE('',#1877);
#377=PLANE('',#1878);
#378=PLANE('',#1879);
#379=PLANE('',#1884);
#380=PLANE('',#1896);
#381=PLANE('',#1900);
#382=PLANE('',#1901);
#383=FACE_OUTER_BOUND('',#474,.T.);
#384=FACE_OUTER_BOUND('',#475,.T.);
#385=FACE_OUTER_BOUND('',#476,.T.);
#386=FACE_OUTER_BOUND('',#477,.T.);
#387=FACE_OUTER_BOUND('',#478,.T.);
#388=FACE_OUTER_BOUND('',#479,.T.);
#389=FACE_OUTER_BOUND('',#480,.T.);
#390=FACE_OUTER_BOUND('',#481,.T.);
#391=FACE_OUTER_BOUND('',#482,.T.);
#392=FACE_OUTER_BOUND('',#483,.T.);
#393=FACE_OUTER_BOUND('',#484,.T.);
#394=FACE_OUTER_BOUND('',#485,.T.);
#395=FACE_OUTER_BOUND('',#486,.T.);
#396=FACE_OUTER_BOUND('',#487,.T.);
#397=FACE_OUTER_BOUND('',#488,.T.);
#398=FACE_OUTER_BOUND('',#489,.T.);
#399=FACE_OUTER_BOUND('',#490,.T.);
#400=FACE_OUTER_BOUND('',#491,.T.);
#401=FACE_OUTER_BOUND('',#492,.T.);
#402=FACE_OUTER_BOUND('',#493,.T.);
#403=FACE_OUTER_BOUND('',#494,.T.);
#404=FACE_OUTER_BOUND('',#495,.T.);
#405=FACE_OUTER_BOUND('',#496,.T.);
#406=FACE_OUTER_BOUND('',#497,.T.);
#407=FACE_OUTER_BOUND('',#498,.T.);
#408=FACE_OUTER_BOUND('',#499,.T.);
#409=FACE_OUTER_BOUND('',#500,.T.);
#410=FACE_OUTER_BOUND('',#510,.T.);
#411=FACE_OUTER_BOUND('',#511,.T.);
#412=FACE_OUTER_BOUND('',#512,.T.);
#413=FACE_OUTER_BOUND('',#513,.T.);
#414=FACE_OUTER_BOUND('',#514,.T.);
#415=FACE_OUTER_BOUND('',#515,.T.);
#416=FACE_OUTER_BOUND('',#516,.T.);
#417=FACE_OUTER_BOUND('',#517,.T.);
#418=FACE_OUTER_BOUND('',#518,.T.);
#419=FACE_OUTER_BOUND('',#519,.T.);
#420=FACE_OUTER_BOUND('',#520,.T.);
#421=FACE_OUTER_BOUND('',#521,.T.);
#422=FACE_OUTER_BOUND('',#522,.T.);
#423=FACE_OUTER_BOUND('',#523,.T.);
#424=FACE_OUTER_BOUND('',#524,.T.);
#425=FACE_OUTER_BOUND('',#525,.T.);
#426=FACE_OUTER_BOUND('',#526,.T.);
#427=FACE_OUTER_BOUND('',#527,.T.);
#428=FACE_OUTER_BOUND('',#528,.T.);
#429=FACE_OUTER_BOUND('',#529,.T.);
#430=FACE_OUTER_BOUND('',#530,.T.);
#431=FACE_OUTER_BOUND('',#531,.T.);
#432=FACE_OUTER_BOUND('',#532,.T.);
#433=FACE_OUTER_BOUND('',#533,.T.);
#434=FACE_OUTER_BOUND('',#534,.T.);
#435=FACE_OUTER_BOUND('',#535,.T.);
#436=FACE_OUTER_BOUND('',#536,.T.);
#437=FACE_OUTER_BOUND('',#537,.T.);
#438=FACE_OUTER_BOUND('',#538,.T.);
#439=FACE_OUTER_BOUND('',#539,.T.);
#440=FACE_OUTER_BOUND('',#540,.T.);
#441=FACE_OUTER_BOUND('',#541,.T.);
#442=FACE_OUTER_BOUND('',#542,.T.);
#443=FACE_OUTER_BOUND('',#543,.T.);
#444=FACE_OUTER_BOUND('',#544,.T.);
#445=FACE_OUTER_BOUND('',#545,.T.);
#446=FACE_OUTER_BOUND('',#546,.T.);
#447=FACE_OUTER_BOUND('',#547,.T.);
#448=FACE_OUTER_BOUND('',#548,.T.);
#449=FACE_OUTER_BOUND('',#549,.T.);
#450=FACE_OUTER_BOUND('',#550,.T.);
#451=FACE_OUTER_BOUND('',#551,.T.);
#452=FACE_OUTER_BOUND('',#552,.T.);
#453=FACE_OUTER_BOUND('',#553,.T.);
#454=FACE_OUTER_BOUND('',#554,.T.);
#455=FACE_OUTER_BOUND('',#555,.T.);
#456=FACE_OUTER_BOUND('',#556,.T.);
#457=FACE_OUTER_BOUND('',#557,.T.);
#458=FACE_OUTER_BOUND('',#558,.T.);
#459=FACE_OUTER_BOUND('',#559,.T.);
#460=FACE_OUTER_BOUND('',#560,.T.);
#461=FACE_OUTER_BOUND('',#561,.T.);
#462=FACE_OUTER_BOUND('',#562,.T.);
#463=FACE_OUTER_BOUND('',#563,.T.);
#464=FACE_OUTER_BOUND('',#564,.T.);
#465=FACE_OUTER_BOUND('',#578,.T.);
#466=FACE_OUTER_BOUND('',#579,.T.);
#467=FACE_OUTER_BOUND('',#580,.T.);
#468=FACE_OUTER_BOUND('',#581,.T.);
#469=FACE_OUTER_BOUND('',#582,.T.);
#470=FACE_OUTER_BOUND('',#583,.T.);
#471=FACE_OUTER_BOUND('',#584,.T.);
#472=FACE_OUTER_BOUND('',#585,.T.);
#473=FACE_OUTER_BOUND('',#586,.T.);
#474=EDGE_LOOP('',(#1119,#1120,#1121,#1122));
#475=EDGE_LOOP('',(#1123,#1124,#1125,#1126));
#476=EDGE_LOOP('',(#1127,#1128,#1129,#1130));
#477=EDGE_LOOP('',(#1131,#1132,#1133,#1134));
#478=EDGE_LOOP('',(#1135,#1136,#1137,#1138));
#479=EDGE_LOOP('',(#1139,#1140,#1141,#1142));
#480=EDGE_LOOP('',(#1143,#1144,#1145,#1146));
#481=EDGE_LOOP('',(#1147,#1148,#1149,#1150));
#482=EDGE_LOOP('',(#1151,#1152,#1153,#1154));
#483=EDGE_LOOP('',(#1155,#1156,#1157,#1158));
#484=EDGE_LOOP('',(#1159,#1160,#1161,#1162));
#485=EDGE_LOOP('',(#1163,#1164,#1165,#1166));
#486=EDGE_LOOP('',(#1167,#1168,#1169,#1170));
#487=EDGE_LOOP('',(#1171,#1172,#1173,#1174));
#488=EDGE_LOOP('',(#1175,#1176,#1177,#1178));
#489=EDGE_LOOP('',(#1179,#1180,#1181,#1182));
#490=EDGE_LOOP('',(#1183,#1184,#1185,#1186));
#491=EDGE_LOOP('',(#1187,#1188,#1189,#1190));
#492=EDGE_LOOP('',(#1191,#1192,#1193,#1194));
#493=EDGE_LOOP('',(#1195,#1196,#1197,#1198));
#494=EDGE_LOOP('',(#1199,#1200,#1201,#1202));
#495=EDGE_LOOP('',(#1203,#1204,#1205,#1206));
#496=EDGE_LOOP('',(#1207,#1208,#1209,#1210));
#497=EDGE_LOOP('',(#1211,#1212,#1213,#1214));
#498=EDGE_LOOP('',(#1215,#1216,#1217,#1218));
#499=EDGE_LOOP('',(#1219,#1220,#1221,#1222));
#500=EDGE_LOOP('',(#1223,#1224,#1225,#1226,#1227,#1228,#1229,#1230,#1231,
#1232,#1233,#1234,#1235));
#501=EDGE_LOOP('',(#1236,#1237,#1238,#1239));
#502=EDGE_LOOP('',(#1240,#1241,#1242,#1243));
#503=EDGE_LOOP('',(#1244,#1245,#1246,#1247));
#504=EDGE_LOOP('',(#1248,#1249,#1250,#1251));
#505=EDGE_LOOP('',(#1252,#1253,#1254,#1255));
#506=EDGE_LOOP('',(#1256,#1257,#1258,#1259));
#507=EDGE_LOOP('',(#1260));
#508=EDGE_LOOP('',(#1261,#1262,#1263,#1264));
#509=EDGE_LOOP('',(#1265,#1266,#1267,#1268));
#510=EDGE_LOOP('',(#1269,#1270,#1271,#1272));
#511=EDGE_LOOP('',(#1273,#1274,#1275,#1276,#1277));
#512=EDGE_LOOP('',(#1278,#1279,#1280,#1281));
#513=EDGE_LOOP('',(#1282,#1283,#1284,#1285,#1286));
#514=EDGE_LOOP('',(#1287,#1288,#1289,#1290,#1291,#1292,#1293,#1294,#1295,
#1296,#1297,#1298));
#515=EDGE_LOOP('',(#1299,#1300,#1301,#1302));
#516=EDGE_LOOP('',(#1303,#1304,#1305,#1306,#1307));
#517=EDGE_LOOP('',(#1308,#1309,#1310,#1311));
#518=EDGE_LOOP('',(#1312,#1313,#1314,#1315,#1316));
#519=EDGE_LOOP('',(#1317,#1318,#1319,#1320,#1321,#1322,#1323,#1324,#1325,
#1326));
#520=EDGE_LOOP('',(#1327,#1328,#1329,#1330,#1331,#1332,#1333,#1334));
#521=EDGE_LOOP('',(#1335,#1336,#1337,#1338,#1339,#1340,#1341,#1342,#1343,
#1344));
#522=EDGE_LOOP('',(#1345,#1346,#1347,#1348,#1349,#1350,#1351,#1352));
#523=EDGE_LOOP('',(#1353,#1354,#1355,#1356,#1357,#1358,#1359,#1360));
#524=EDGE_LOOP('',(#1361,#1362,#1363,#1364,#1365,#1366,#1367,#1368));
#525=EDGE_LOOP('',(#1369,#1370,#1371,#1372,#1373));
#526=EDGE_LOOP('',(#1374,#1375,#1376,#1377,#1378));
#527=EDGE_LOOP('',(#1379,#1380,#1381,#1382,#1383));
#528=EDGE_LOOP('',(#1384,#1385,#1386,#1387,#1388,#1389,#1390,#1391));
#529=EDGE_LOOP('',(#1392,#1393,#1394,#1395,#1396,#1397));
#530=EDGE_LOOP('',(#1398,#1399,#1400,#1401));
#531=EDGE_LOOP('',(#1402,#1403,#1404,#1405));
#532=EDGE_LOOP('',(#1406,#1407,#1408,#1409));
#533=EDGE_LOOP('',(#1410,#1411,#1412,#1413));
#534=EDGE_LOOP('',(#1414,#1415,#1416,#1417,#1418,#1419,#1420,#1421));
#535=EDGE_LOOP('',(#1422,#1423,#1424,#1425));
#536=EDGE_LOOP('',(#1426,#1427,#1428,#1429));
#537=EDGE_LOOP('',(#1430,#1431,#1432,#1433));
#538=EDGE_LOOP('',(#1434,#1435,#1436,#1437));
#539=EDGE_LOOP('',(#1438,#1439,#1440,#1441));
#540=EDGE_LOOP('',(#1442,#1443,#1444,#1445));
#541=EDGE_LOOP('',(#1446,#1447,#1448,#1449));
#542=EDGE_LOOP('',(#1450,#1451,#1452,#1453));
#543=EDGE_LOOP('',(#1454,#1455,#1456,#1457));
#544=EDGE_LOOP('',(#1458,#1459,#1460,#1461));
#545=EDGE_LOOP('',(#1462,#1463,#1464,#1465));
#546=EDGE_LOOP('',(#1466,#1467,#1468,#1469));
#547=EDGE_LOOP('',(#1470,#1471,#1472,#1473));
#548=EDGE_LOOP('',(#1474,#1475,#1476,#1477));
#549=EDGE_LOOP('',(#1478,#1479,#1480,#1481));
#550=EDGE_LOOP('',(#1482,#1483,#1484,#1485));
#551=EDGE_LOOP('',(#1486,#1487,#1488,#1489));
#552=EDGE_LOOP('',(#1490,#1491,#1492,#1493));
#553=EDGE_LOOP('',(#1494,#1495,#1496,#1497));
#554=EDGE_LOOP('',(#1498,#1499,#1500,#1501));
#555=EDGE_LOOP('',(#1502,#1503,#1504,#1505));
#556=EDGE_LOOP('',(#1506,#1507,#1508,#1509));
#557=EDGE_LOOP('',(#1510,#1511,#1512,#1513));
#558=EDGE_LOOP('',(#1514,#1515,#1516,#1517));
#559=EDGE_LOOP('',(#1518,#1519,#1520,#1521));
#560=EDGE_LOOP('',(#1522,#1523,#1524,#1525));
#561=EDGE_LOOP('',(#1526,#1527,#1528,#1529));
#562=EDGE_LOOP('',(#1530,#1531,#1532,#1533,#1534,#1535,#1536,#1537));
#563=EDGE_LOOP('',(#1538,#1539,#1540,#1541,#1542,#1543,#1544,#1545));
#564=EDGE_LOOP('',(#1546,#1547,#1548,#1549,#1550,#1551,#1552,#1553));
#565=EDGE_LOOP('',(#1554));
#566=EDGE_LOOP('',(#1555));
#567=EDGE_LOOP('',(#1556,#1557,#1558,#1559));
#568=EDGE_LOOP('',(#1560));
#569=EDGE_LOOP('',(#1561));
#570=EDGE_LOOP('',(#1562));
#571=EDGE_LOOP('',(#1563,#1564,#1565,#1566));
#572=EDGE_LOOP('',(#1567,#1568,#1569,#1570));
#573=EDGE_LOOP('',(#1571,#1572,#1573,#1574));
#574=EDGE_LOOP('',(#1575,#1576,#1577,#1578));
#575=EDGE_LOOP('',(#1579,#1580,#1581,#1582));
#576=EDGE_LOOP('',(#1583,#1584,#1585,#1586));
#577=EDGE_LOOP('',(#1587,#1588,#1589,#1590));
#578=EDGE_LOOP('',(#1591,#1592,#1593,#1594,#1595));
#579=EDGE_LOOP('',(#1596));
#580=EDGE_LOOP('',(#1597,#1598,#1599,#1600,#1601,#1602,#1603));
#581=EDGE_LOOP('',(#1604,#1605,#1606,#1607,#1608,#1609));
#582=EDGE_LOOP('',(#1610,#1611,#1612,#1613));
#583=EDGE_LOOP('',(#1614,#1615,#1616,#1617));
#584=EDGE_LOOP('',(#1618,#1619,#1620,#1621));
#585=EDGE_LOOP('',(#1622));
#586=EDGE_LOOP('',(#1623));
#587=EDGE_LOOP('',(#1624));
#588=CIRCLE('',#1755,0.599909393158664);
#589=CIRCLE('',#1756,0.599999999999996);
#590=CIRCLE('',#1757,0.599999999999996);
#591=CIRCLE('',#1758,0.599909393158664);
#592=CIRCLE('',#1759,0.599909393158669);
#593=CIRCLE('',#1760,0.599999999999996);
#594=CIRCLE('',#1761,0.6);
#595=CIRCLE('',#1762,0.599909393158669);
#596=CIRCLE('',#1763,0.599909393158669);
#597=CIRCLE('',#1764,0.6);
#598=CIRCLE('',#1765,0.599909393158666);
#599=CIRCLE('',#1766,0.599999999999996);
#600=CIRCLE('',#1767,0.600000000000001);
#601=CIRCLE('',#1768,0.599909393158666);
#602=CIRCLE('',#1769,0.599909393158669);
#603=CIRCLE('',#1770,0.600000000000001);
#604=CIRCLE('',#1771,0.6);
#605=CIRCLE('',#1772,0.599909393158669);
#606=CIRCLE('',#1773,0.59990939315866);
#607=CIRCLE('',#1774,0.6);
#608=CIRCLE('',#1775,0.599909393158669);
#609=CIRCLE('',#1776,0.6);
#610=CIRCLE('',#1777,0.599999999999996);
#611=CIRCLE('',#1778,0.599909393158669);
#612=CIRCLE('',#1779,0.599909393158663);
#613=CIRCLE('',#1780,0.599999999999996);
#614=CIRCLE('',#1781,0.599999999999996);
#615=CIRCLE('',#1782,0.599909393158663);
#616=CIRCLE('',#1783,0.599909393158651);
#617=CIRCLE('',#1784,0.599999999999996);
#618=CIRCLE('',#1785,0.599909393158667);
#619=CIRCLE('',#1786,0.600000000000005);
#620=CIRCLE('',#1787,0.599999999999996);
#621=CIRCLE('',#1788,0.599909393158667);
#622=CIRCLE('',#1789,0.599909393158673);
#623=CIRCLE('',#1790,0.599999999999996);
#624=CIRCLE('',#1791,0.6);
#625=CIRCLE('',#1792,0.599909393158673);
#626=CIRCLE('',#1793,0.599909393158669);
#627=CIRCLE('',#1794,0.6);
#628=CIRCLE('',#1802,2.05);
#629=CIRCLE('',#1803,2.05);
#630=CIRCLE('',#1804,2.05);
#631=CIRCLE('',#1805,2.05);
#632=CIRCLE('',#1806,2.05);
#633=CIRCLE('',#1807,2.05);
#634=CIRCLE('',#1808,2.99686171922977);
#635=CIRCLE('',#1809,0.600000000000005);
#636=CIRCLE('',#1810,0.599909393158669);
#637=CIRCLE('',#1812,0.6);
#638=CIRCLE('',#1813,0.6);
#639=CIRCLE('',#1814,0.599909393158651);
#640=CIRCLE('',#1816,0.6);
#641=CIRCLE('',#1818,0.599999999999996);
#642=CIRCLE('',#1819,0.59990939315866);
#643=CIRCLE('',#1821,0.6);
#644=CIRCLE('',#1822,0.599999999999996);
#645=CIRCLE('',#1823,0.599909393158669);
#646=CIRCLE('',#1825,0.6);
#647=CIRCLE('',#1832,2.05);
#648=CIRCLE('',#1833,2.05);
#649=CIRCLE('',#1835,2.05);
#650=CIRCLE('',#1838,2.05);
#651=CIRCLE('',#1840,2.05);
#652=CIRCLE('',#1842,2.05);
#653=CIRCLE('',#1848,2.05);
#654=CIRCLE('',#1850,2.99686171922977);
#655=CIRCLE('',#1880,2.87893384527625);
#656=CIRCLE('',#1881,2.);
#657=CIRCLE('',#1882,1.55605818974396);
#658=CIRCLE('',#1883,2.87893384527625);
#659=CIRCLE('',#1886,4.20180950080855);
#660=CIRCLE('',#1887,2.);
#661=CIRCLE('',#1888,4.20180950080855);
#662=CIRCLE('',#1890,14.);
#663=CIRCLE('',#1891,3.);
#664=CIRCLE('',#1892,11.);
#665=CIRCLE('',#1893,11.);
#666=CIRCLE('',#1895,14.);
#667=CIRCLE('',#1898,3.00000000000001);
#668=CIRCLE('',#1899,3.00000000000001);
#669=B_SPLINE_CURVE_WITH_KNOTS('',3,(#2375,#2376,#2377,#2378,#2379,#2380),
 .UNSPECIFIED.,.F.,.F.,(4,1,1,4),(0.,0.333333333333333,0.666666666666667,
1.),.UNSPECIFIED.);
#670=B_SPLINE_CURVE_WITH_KNOTS('',3,(#2382,#2383,#2384,#2385,#2386,#2387),
 .UNSPECIFIED.,.F.,.F.,(4,1,1,4),(0.,0.333333333333333,0.666666666666667,
1.),.UNSPECIFIED.);
#671=B_SPLINE_CURVE_WITH_KNOTS('',3,(#2428,#2429,#2430,#2431,#2432,#2433),
 .UNSPECIFIED.,.F.,.F.,(4,1,1,4),(0.,0.333333333333333,0.666666666666667,
1.),.UNSPECIFIED.);
#672=B_SPLINE_CURVE_WITH_KNOTS('',3,(#2474,#2475,#2476,#2477,#2478,#2479),
 .UNSPECIFIED.,.F.,.F.,(4,1,1,4),(0.,0.333333333333333,0.666666666666667,
1.),.UNSPECIFIED.);
#673=B_SPLINE_CURVE_WITH_KNOTS('',3,(#2520,#2521,#2522,#2523,#2524,#2525),
 .UNSPECIFIED.,.F.,.F.,(4,1,1,4),(0.,0.333333333333333,0.666666666666667,
1.),.UNSPECIFIED.);
#674=B_SPLINE_CURVE_WITH_KNOTS('',3,(#2566,#2567,#2568,#2569,#2570,#2571),
 .UNSPECIFIED.,.F.,.F.,(4,1,1,4),(0.,0.333333333333333,0.666666666666667,
1.),.UNSPECIFIED.);
#675=B_SPLINE_CURVE_WITH_KNOTS('',3,(#2613,#2614,#2615,#2616,#2617,#2618),
 .UNSPECIFIED.,.F.,.F.,(4,1,1,4),(0.,0.333333333333333,0.666666666666667,
1.),.UNSPECIFIED.);
#676=B_SPLINE_CURVE_WITH_KNOTS('',3,(#2620,#2621,#2622,#2623,#2624,#2625),
 .UNSPECIFIED.,.F.,.F.,(4,1,1,4),(0.,0.333333333333333,0.666666666666667,
1.),.UNSPECIFIED.);
#677=B_SPLINE_CURVE_WITH_KNOTS('',3,(#2666,#2667,#2668,#2669,#2670,#2671),
 .UNSPECIFIED.,.F.,.F.,(4,1,1,4),(0.,0.333333333333333,0.666666666666667,
1.),.UNSPECIFIED.);
#678=B_SPLINE_CURVE_WITH_KNOTS('',3,(#2712,#2713,#2714,#2715,#2716,#2717),
 .UNSPECIFIED.,.F.,.F.,(4,1,1,4),(0.,0.333333333333333,0.666666666666667,
1.),.UNSPECIFIED.);
#679=B_SPLINE_CURVE_WITH_KNOTS('',3,(#2758,#2759,#2760,#2761,#2762,#2763),
 .UNSPECIFIED.,.F.,.F.,(4,1,1,4),(0.,0.333333333333333,0.666666666666667,
1.),.UNSPECIFIED.);
#680=B_SPLINE_CURVE_WITH_KNOTS('',3,(#2804,#2805,#2806,#2807,#2808,#2809),
 .UNSPECIFIED.,.F.,.F.,(4,1,1,4),(0.,0.333333333333333,0.666666666666667,
1.),.UNSPECIFIED.);
#681=B_SPLINE_CURVE_WITH_KNOTS('',3,(#2851,#2852,#2853,#2854,#2855,#2856),
 .UNSPECIFIED.,.F.,.F.,(4,1,1,4),(0.,0.333333333333333,0.666666666666667,
1.),.UNSPECIFIED.);
#682=B_SPLINE_CURVE_WITH_KNOTS('',3,(#2858,#2859,#2860,#2861,#2862,#2863),
 .UNSPECIFIED.,.F.,.F.,(4,1,1,4),(0.,0.333333333333333,0.666666666666667,
1.),.UNSPECIFIED.);
#683=B_SPLINE_CURVE_WITH_KNOTS('',3,(#2904,#2905,#2906,#2907,#2908,#2909),
 .UNSPECIFIED.,.F.,.F.,(4,1,1,4),(0.,0.333333333333333,0.666666666666667,
1.),.UNSPECIFIED.);
#684=B_SPLINE_CURVE_WITH_KNOTS('',3,(#2950,#2951,#2952,#2953,#2954,#2955),
 .UNSPECIFIED.,.F.,.F.,(4,1,1,4),(0.,0.333333333333333,0.666666666666667,
1.),.UNSPECIFIED.);
#685=B_SPLINE_CURVE_WITH_KNOTS('',3,(#2996,#2997,#2998,#2999,#3000,#3001),
 .UNSPECIFIED.,.F.,.F.,(4,1,1,4),(0.,0.333333333333333,0.666666666666667,
1.),.UNSPECIFIED.);
#686=B_SPLINE_CURVE_WITH_KNOTS('',3,(#3042,#3043,#3044,#3045,#3046,#3047),
 .UNSPECIFIED.,.F.,.F.,(4,1,1,4),(0.,0.333333333333333,0.666666666666667,
1.),.UNSPECIFIED.);
#687=B_SPLINE_CURVE_WITH_KNOTS('',3,(#3089,#3090,#3091,#3092,#3093,#3094),
 .UNSPECIFIED.,.F.,.F.,(4,1,1,4),(0.,0.333333333333333,0.666666666666667,
1.),.UNSPECIFIED.);
#688=B_SPLINE_CURVE_WITH_KNOTS('',3,(#3096,#3097,#3098,#3099,#3100,#3101),
 .UNSPECIFIED.,.F.,.F.,(4,1,1,4),(0.,0.333333333333333,0.666666666666667,
1.),.UNSPECIFIED.);
#689=B_SPLINE_CURVE_WITH_KNOTS('',3,(#3142,#3143,#3144,#3145,#3146,#3147),
 .UNSPECIFIED.,.F.,.F.,(4,1,1,4),(0.,0.333333333333333,0.666666666666667,
1.),.UNSPECIFIED.);
#690=B_SPLINE_CURVE_WITH_KNOTS('',3,(#3188,#3189,#3190,#3191,#3192,#3193),
 .UNSPECIFIED.,.F.,.F.,(4,1,1,4),(0.,0.333333333333333,0.666666666666667,
1.),.UNSPECIFIED.);
#691=B_SPLINE_CURVE_WITH_KNOTS('',3,(#3234,#3235,#3236,#3237,#3238,#3239),
 .UNSPECIFIED.,.F.,.F.,(4,1,1,4),(0.,0.333333333333333,0.666666666666667,
1.),.UNSPECIFIED.);
#692=B_SPLINE_CURVE_WITH_KNOTS('',3,(#3280,#3281,#3282,#3283,#3284,#3285),
 .UNSPECIFIED.,.F.,.F.,(4,1,1,4),(0.,0.333333333333333,0.666666666666667,
1.),.UNSPECIFIED.);
#693=B_SPLINE_CURVE_WITH_KNOTS('',3,(#3495,#3496,#3497,#3498),
 .UNSPECIFIED.,.F.,.F.,(4,4),(0.729323211474997,0.787622993101133),
 .UNSPECIFIED.);
#694=B_SPLINE_CURVE_WITH_KNOTS('',3,(#3500,#3501,#3502,#3503),
 .UNSPECIFIED.,.F.,.F.,(4,4),(0.787622993101133,0.845922774727269),
 .UNSPECIFIED.);
#695=B_SPLINE_CURVE_WITH_KNOTS('',3,(#3509,#3510,#3511,#3512),
 .UNSPECIFIED.,.F.,.F.,(4,4),(0.729323648395872,0.787624024122836),
 .UNSPECIFIED.);
#696=B_SPLINE_CURVE_WITH_KNOTS('',3,(#3513,#3514,#3515,#3516),
 .UNSPECIFIED.,.F.,.F.,(4,4),(0.787624024122836,0.8459243998498),
 .UNSPECIFIED.);
#697=B_SPLINE_CURVE_WITH_KNOTS('',3,(#3608,#3609,#3610,#3611,#3612,#3613,
#3614),.UNSPECIFIED.,.F.,.F.,(4,3,4),(0.727429446152992,0.748976973902909,
0.770524501652825),.UNSPECIFIED.);
#698=B_SPLINE_CURVE_WITH_KNOTS('',3,(#3618,#3619,#3620,#3621,#3622,#3623,
#3624),.UNSPECIFIED.,.F.,.F.,(4,3,4),(0.727429867825436,0.748976059976759,
0.770522252128082),.UNSPECIFIED.);
#699=B_SPLINE_CURVE_WITH_KNOTS('',3,(#3627,#3628,#3629,#3630,#3631,#3632,
#3633,#3634,#3635,#3636,#3637),.UNSPECIFIED.,.F.,.F.,(4,2,3,2,4),(0.766814345479286,
0.781845884646506,0.858876677396533,0.93590747014656,0.95093900931378),
 .UNSPECIFIED.);
#700=B_SPLINE_CURVE_WITH_KNOTS('',3,(#3642,#3643,#3644,#3645,#3646,#3647,
#3648,#3649,#3650,#3651,#3652),.UNSPECIFIED.,.F.,.F.,(4,2,3,2,4),(0.79247051414023,
0.82072309813982,0.90087987214446,0.9810366461491,1.00928923014869),
 .UNSPECIFIED.);
#701=B_SPLINE_CURVE_WITH_KNOTS('',3,(#3657,#3658,#3659,#3660,#3661,#3662,
#3663,#3664,#3665,#3666,#3667),.UNSPECIFIED.,.F.,.F.,(4,2,3,2,4),(0.792470514140229,
0.82072309813982,0.90087987214446,0.9810366461491,1.00928923014869),
 .UNSPECIFIED.);
#702=B_SPLINE_CURVE_WITH_KNOTS('',3,(#3859,#3860,#3861,#3862,#3863,#3864,
#3865,#3866,#3867,#3868),.UNSPECIFIED.,.F.,.F.,(4,2,2,2,4),(-0.00235053997614951,
0.,0.173593916130376,0.347187832259821,0.349538372237104),.UNSPECIFIED.);
#703=VERTEX_POINT('',#2373);
#704=VERTEX_POINT('',#2374);
#705=VERTEX_POINT('',#2381);
#706=VERTEX_POINT('',#2388);
#707=VERTEX_POINT('',#2427);
#708=VERTEX_POINT('',#2434);
#709=VERTEX_POINT('',#2473);
#710=VERTEX_POINT('',#2480);
#711=VERTEX_POINT('',#2519);
#712=VERTEX_POINT('',#2526);
#713=VERTEX_POINT('',#2565);
#714=VERTEX_POINT('',#2572);
#715=VERTEX_POINT('',#2611);
#716=VERTEX_POINT('',#2612);
#717=VERTEX_POINT('',#2619);
#718=VERTEX_POINT('',#2626);
#719=VERTEX_POINT('',#2665);
#720=VERTEX_POINT('',#2672);
#721=VERTEX_POINT('',#2711);
#722=VERTEX_POINT('',#2718);
#723=VERTEX_POINT('',#2757);
#724=VERTEX_POINT('',#2764);
#725=VERTEX_POINT('',#2803);
#726=VERTEX_POINT('',#2810);
#727=VERTEX_POINT('',#2849);
#728=VERTEX_POINT('',#2850);
#729=VERTEX_POINT('',#2857);
#730=VERTEX_POINT('',#2864);
#731=VERTEX_POINT('',#2903);
#732=VERTEX_POINT('',#2910);
#733=VERTEX_POINT('',#2949);
#734=VERTEX_POINT('',#2956);
#735=VERTEX_POINT('',#2995);
#736=VERTEX_POINT('',#3002);
#737=VERTEX_POINT('',#3041);
#738=VERTEX_POINT('',#3048);
#739=VERTEX_POINT('',#3087);
#740=VERTEX_POINT('',#3088);
#741=VERTEX_POINT('',#3095);
#742=VERTEX_POINT('',#3102);
#743=VERTEX_POINT('',#3141);
#744=VERTEX_POINT('',#3148);
#745=VERTEX_POINT('',#3187);
#746=VERTEX_POINT('',#3194);
#747=VERTEX_POINT('',#3233);
#748=VERTEX_POINT('',#3240);
#749=VERTEX_POINT('',#3279);
#750=VERTEX_POINT('',#3286);
#751=VERTEX_POINT('',#3290);
#752=VERTEX_POINT('',#3291);
#753=VERTEX_POINT('',#3293);
#754=VERTEX_POINT('',#3295);
#755=VERTEX_POINT('',#3299);
#756=VERTEX_POINT('',#3301);
#757=VERTEX_POINT('',#3305);
#758=VERTEX_POINT('',#3307);
#759=VERTEX_POINT('',#3314);
#760=VERTEX_POINT('',#3316);
#761=VERTEX_POINT('',#3320);
#762=VERTEX_POINT('',#3324);
#763=VERTEX_POINT('',#3325);
#764=VERTEX_POINT('',#3327);
#765=VERTEX_POINT('',#3329);
#766=VERTEX_POINT('',#3331);
#767=VERTEX_POINT('',#3333);
#768=VERTEX_POINT('',#3335);
#769=VERTEX_POINT('',#3337);
#770=VERTEX_POINT('',#3340);
#771=VERTEX_POINT('',#3342);
#772=VERTEX_POINT('',#3345);
#773=VERTEX_POINT('',#3346);
#774=VERTEX_POINT('',#3348);
#775=VERTEX_POINT('',#3350);
#776=VERTEX_POINT('',#3353);
#777=VERTEX_POINT('',#3354);
#778=VERTEX_POINT('',#3356);
#779=VERTEX_POINT('',#3358);
#780=VERTEX_POINT('',#3361);
#781=VERTEX_POINT('',#3362);
#782=VERTEX_POINT('',#3364);
#783=VERTEX_POINT('',#3366);
#784=VERTEX_POINT('',#3369);
#785=VERTEX_POINT('',#3370);
#786=VERTEX_POINT('',#3372);
#787=VERTEX_POINT('',#3374);
#788=VERTEX_POINT('',#3377);
#789=VERTEX_POINT('',#3378);
#790=VERTEX_POINT('',#3380);
#791=VERTEX_POINT('',#3382);
#792=VERTEX_POINT('',#3385);
#793=VERTEX_POINT('',#3386);
#794=VERTEX_POINT('',#3388);
#795=VERTEX_POINT('',#3390);
#796=VERTEX_POINT('',#3393);
#797=VERTEX_POINT('',#3395);
#798=VERTEX_POINT('',#3396);
#799=VERTEX_POINT('',#3398);
#800=VERTEX_POINT('',#3400);
#801=VERTEX_POINT('',#3439);
#802=VERTEX_POINT('',#3443);
#803=VERTEX_POINT('',#3444);
#804=VERTEX_POINT('',#3484);
#805=VERTEX_POINT('',#3488);
#806=VERTEX_POINT('',#3489);
#807=VERTEX_POINT('',#3494);
#808=VERTEX_POINT('',#3499);
#809=VERTEX_POINT('',#3506);
#810=VERTEX_POINT('',#3508);
#811=VERTEX_POINT('',#3553);
#812=VERTEX_POINT('',#3557);
#813=VERTEX_POINT('',#3558);
#814=VERTEX_POINT('',#3598);
#815=VERTEX_POINT('',#3602);
#816=VERTEX_POINT('',#3603);
#817=VERTEX_POINT('',#3616);
#818=VERTEX_POINT('',#3626);
#819=VERTEX_POINT('',#3641);
#820=VERTEX_POINT('',#3655);
#821=VERTEX_POINT('',#3674);
#822=VERTEX_POINT('',#3683);
#823=VERTEX_POINT('',#3687);
#824=VERTEX_POINT('',#3691);
#825=VERTEX_POINT('',#3693);
#826=VERTEX_POINT('',#3697);
#827=VERTEX_POINT('',#3701);
#828=VERTEX_POINT('',#3707);
#829=VERTEX_POINT('',#3711);
#830=VERTEX_POINT('',#3715);
#831=VERTEX_POINT('',#3721);
#832=VERTEX_POINT('',#3723);
#833=VERTEX_POINT('',#3727);
#834=VERTEX_POINT('',#3731);
#835=VERTEX_POINT('',#3737);
#836=VERTEX_POINT('',#3739);
#837=VERTEX_POINT('',#3743);
#838=VERTEX_POINT('',#3747);
#839=VERTEX_POINT('',#3753);
#840=VERTEX_POINT('',#3755);
#841=VERTEX_POINT('',#3759);
#842=VERTEX_POINT('',#3763);
#843=VERTEX_POINT('',#3769);
#844=VERTEX_POINT('',#3771);
#845=VERTEX_POINT('',#3775);
#846=VERTEX_POINT('',#3779);
#847=VERTEX_POINT('',#3785);
#848=VERTEX_POINT('',#3787);
#849=VERTEX_POINT('',#3791);
#850=VERTEX_POINT('',#3795);
#851=VERTEX_POINT('',#3801);
#852=VERTEX_POINT('',#3803);
#853=VERTEX_POINT('',#3807);
#854=VERTEX_POINT('',#3811);
#855=VERTEX_POINT('',#3848);
#856=VERTEX_POINT('',#3849);
#857=VERTEX_POINT('',#3851);
#858=VERTEX_POINT('',#3857);
#859=VERTEX_POINT('',#3858);
#860=VERTEX_POINT('',#3869);
#861=VERTEX_POINT('',#3874);
#862=VERTEX_POINT('',#3876);
#863=VERTEX_POINT('',#3881);
#864=VERTEX_POINT('',#3886);
#865=VERTEX_POINT('',#3888);
#866=EDGE_CURVE('',#703,#704,#669,.T.);
#867=EDGE_CURVE('',#703,#705,#670,.T.);
#868=EDGE_CURVE('',#705,#706,#588,.T.);
#869=EDGE_CURVE('',#704,#706,#589,.T.);
#870=EDGE_CURVE('',#703,#707,#671,.T.);
#871=EDGE_CURVE('',#708,#707,#590,.T.);
#872=EDGE_CURVE('',#708,#705,#591,.T.);
#873=EDGE_CURVE('',#703,#709,#672,.T.);
#874=EDGE_CURVE('',#709,#710,#592,.T.);
#875=EDGE_CURVE('',#707,#710,#593,.T.);
#876=EDGE_CURVE('',#703,#711,#673,.T.);
#877=EDGE_CURVE('',#712,#711,#594,.T.);
#878=EDGE_CURVE('',#712,#709,#595,.T.);
#879=EDGE_CURVE('',#703,#713,#674,.T.);
#880=EDGE_CURVE('',#713,#714,#596,.T.);
#881=EDGE_CURVE('',#711,#714,#597,.T.);
#882=EDGE_CURVE('',#715,#716,#675,.T.);
#883=EDGE_CURVE('',#715,#717,#676,.T.);
#884=EDGE_CURVE('',#717,#718,#598,.T.);
#885=EDGE_CURVE('',#716,#718,#599,.T.);
#886=EDGE_CURVE('',#715,#719,#677,.T.);
#887=EDGE_CURVE('',#720,#719,#600,.T.);
#888=EDGE_CURVE('',#720,#717,#601,.T.);
#889=EDGE_CURVE('',#715,#721,#678,.T.);
#890=EDGE_CURVE('',#721,#722,#602,.T.);
#891=EDGE_CURVE('',#719,#722,#603,.T.);
#892=EDGE_CURVE('',#715,#723,#679,.T.);
#893=EDGE_CURVE('',#724,#723,#604,.T.);
#894=EDGE_CURVE('',#724,#721,#605,.T.);
#895=EDGE_CURVE('',#715,#725,#680,.T.);
#896=EDGE_CURVE('',#725,#726,#606,.T.);
#897=EDGE_CURVE('',#723,#726,#607,.T.);
#898=EDGE_CURVE('',#727,#728,#681,.T.);
#899=EDGE_CURVE('',#727,#729,#682,.T.);
#900=EDGE_CURVE('',#729,#730,#608,.T.);
#901=EDGE_CURVE('',#728,#730,#609,.T.);
#902=EDGE_CURVE('',#727,#731,#683,.T.);
#903=EDGE_CURVE('',#732,#731,#610,.T.);
#904=EDGE_CURVE('',#732,#729,#611,.T.);
#905=EDGE_CURVE('',#727,#733,#684,.T.);
#906=EDGE_CURVE('',#733,#734,#612,.T.);
#907=EDGE_CURVE('',#731,#734,#613,.T.);
#908=EDGE_CURVE('',#727,#735,#685,.T.);
#909=EDGE_CURVE('',#736,#735,#614,.T.);
#910=EDGE_CURVE('',#736,#733,#615,.T.);
#911=EDGE_CURVE('',#727,#737,#686,.T.);
#912=EDGE_CURVE('',#737,#738,#616,.T.);
#913=EDGE_CURVE('',#735,#738,#617,.T.);
#914=EDGE_CURVE('',#739,#740,#687,.T.);
#915=EDGE_CURVE('',#739,#741,#688,.T.);
#916=EDGE_CURVE('',#741,#742,#618,.T.);
#917=EDGE_CURVE('',#740,#742,#619,.T.);
#918=EDGE_CURVE('',#739,#743,#689,.T.);
#919=EDGE_CURVE('',#744,#743,#620,.T.);
#920=EDGE_CURVE('',#744,#741,#621,.T.);
#921=EDGE_CURVE('',#739,#745,#690,.T.);
#922=EDGE_CURVE('',#745,#746,#622,.T.);
#923=EDGE_CURVE('',#743,#746,#623,.T.);
#924=EDGE_CURVE('',#739,#747,#691,.T.);
#925=EDGE_CURVE('',#748,#747,#624,.T.);
#926=EDGE_CURVE('',#748,#745,#625,.T.);
#927=EDGE_CURVE('',#739,#749,#692,.T.);
#928=EDGE_CURVE('',#749,#750,#626,.T.);
#929=EDGE_CURVE('',#747,#750,#627,.T.);
#930=EDGE_CURVE('',#751,#752,#58,.T.);
#931=EDGE_CURVE('',#752,#753,#59,.T.);
#932=EDGE_CURVE('',#753,#754,#60,.T.);
#933=EDGE_CURVE('',#751,#754,#61,.T.);
#934=EDGE_CURVE('',#752,#755,#62,.T.);
#935=EDGE_CURVE('',#755,#756,#63,.T.);
#936=EDGE_CURVE('',#756,#753,#64,.T.);
#937=EDGE_CURVE('',#754,#757,#65,.T.);
#938=EDGE_CURVE('',#757,#758,#66,.T.);
#939=EDGE_CURVE('',#758,#751,#67,.T.);
#940=EDGE_CURVE('',#755,#758,#68,.T.);
#941=EDGE_CURVE('',#757,#756,#69,.T.);
#942=EDGE_CURVE('',#754,#759,#70,.T.);
#943=EDGE_CURVE('',#760,#759,#71,.T.);
#944=EDGE_CURVE('',#757,#760,#72,.T.);
#945=EDGE_CURVE('',#753,#761,#73,.T.);
#946=EDGE_CURVE('',#759,#761,#74,.T.);
#947=EDGE_CURVE('',#762,#763,#75,.T.);
#948=EDGE_CURVE('',#762,#764,#628,.T.);
#949=EDGE_CURVE('',#765,#764,#76,.T.);
#950=EDGE_CURVE('',#765,#766,#629,.T.);
#951=EDGE_CURVE('',#767,#766,#77,.T.);
#952=EDGE_CURVE('',#767,#768,#630,.T.);
#953=EDGE_CURVE('',#768,#769,#631,.T.);
#954=EDGE_CURVE('',#710,#769,#78,.T.);
#955=EDGE_CURVE('',#770,#712,#79,.T.);
#956=EDGE_CURVE('',#770,#771,#632,.T.);
#957=EDGE_CURVE('',#771,#763,#633,.T.);
#958=EDGE_CURVE('',#772,#773,#80,.T.);
#959=EDGE_CURVE('',#773,#774,#81,.T.);
#960=EDGE_CURVE('',#774,#775,#82,.T.);
#961=EDGE_CURVE('',#775,#772,#83,.T.);
#962=EDGE_CURVE('',#776,#777,#84,.T.);
#963=EDGE_CURVE('',#777,#778,#85,.T.);
#964=EDGE_CURVE('',#778,#779,#86,.T.);
#965=EDGE_CURVE('',#779,#776,#87,.T.);
#966=EDGE_CURVE('',#780,#781,#88,.T.);
#967=EDGE_CURVE('',#781,#782,#89,.T.);
#968=EDGE_CURVE('',#782,#783,#90,.T.);
#969=EDGE_CURVE('',#783,#780,#91,.T.);
#970=EDGE_CURVE('',#784,#785,#92,.T.);
#971=EDGE_CURVE('',#785,#786,#93,.T.);
#972=EDGE_CURVE('',#786,#787,#94,.T.);
#973=EDGE_CURVE('',#787,#784,#95,.T.);
#974=EDGE_CURVE('',#788,#789,#96,.T.);
#975=EDGE_CURVE('',#789,#790,#97,.T.);
#976=EDGE_CURVE('',#790,#791,#98,.T.);
#977=EDGE_CURVE('',#791,#788,#99,.T.);
#978=EDGE_CURVE('',#792,#793,#100,.T.);
#979=EDGE_CURVE('',#793,#794,#101,.T.);
#980=EDGE_CURVE('',#794,#795,#102,.T.);
#981=EDGE_CURVE('',#795,#792,#103,.T.);
#982=EDGE_CURVE('',#796,#796,#634,.T.);
#983=EDGE_CURVE('',#797,#798,#104,.T.);
#984=EDGE_CURVE('',#798,#799,#105,.T.);
#985=EDGE_CURVE('',#799,#800,#106,.T.);
#986=EDGE_CURVE('',#800,#797,#107,.T.);
#987=EDGE_CURVE('',#801,#740,#635,.T.);
#988=EDGE_CURVE('',#801,#749,#636,.T.);
#989=EDGE_CURVE('',#802,#803,#637,.T.);
#990=EDGE_CURVE('',#803,#801,#108,.T.);
#991=EDGE_CURVE('',#742,#802,#109,.T.);
#992=EDGE_CURVE('',#804,#728,#638,.T.);
#993=EDGE_CURVE('',#804,#737,#639,.T.);
#994=EDGE_CURVE('',#805,#806,#640,.T.);
#995=EDGE_CURVE('',#806,#732,#110,.T.);
#996=EDGE_CURVE('',#734,#805,#111,.T.);
#997=EDGE_CURVE('',#764,#807,#693,.T.);
#998=EDGE_CURVE('',#807,#808,#694,.T.);
#999=EDGE_CURVE('',#808,#804,#112,.T.);
#1000=EDGE_CURVE('',#730,#744,#113,.T.);
#1001=EDGE_CURVE('',#746,#809,#114,.T.);
#1002=EDGE_CURVE('',#809,#810,#695,.T.);
#1003=EDGE_CURVE('',#810,#765,#696,.T.);
#1004=EDGE_CURVE('',#811,#716,#641,.T.);
#1005=EDGE_CURVE('',#811,#725,#642,.T.);
#1006=EDGE_CURVE('',#812,#813,#643,.T.);
#1007=EDGE_CURVE('',#813,#811,#115,.T.);
#1008=EDGE_CURVE('',#718,#812,#116,.T.);
#1009=EDGE_CURVE('',#814,#704,#644,.T.);
#1010=EDGE_CURVE('',#814,#713,#645,.T.);
#1011=EDGE_CURVE('',#815,#816,#646,.T.);
#1012=EDGE_CURVE('',#816,#814,#117,.T.);
#1013=EDGE_CURVE('',#706,#815,#118,.T.);
#1014=EDGE_CURVE('',#763,#770,#697,.T.);
#1015=EDGE_CURVE('',#714,#736,#119,.T.);
#1016=EDGE_CURVE('',#738,#817,#120,.T.);
#1017=EDGE_CURVE('',#817,#762,#698,.T.);
#1018=EDGE_CURVE('',#769,#818,#699,.T.);
#1019=EDGE_CURVE('',#818,#724,#121,.T.);
#1020=EDGE_CURVE('',#726,#708,#122,.T.);
#1021=EDGE_CURVE('',#766,#819,#700,.T.);
#1022=EDGE_CURVE('',#819,#748,#123,.T.);
#1023=EDGE_CURVE('',#750,#720,#124,.T.);
#1024=EDGE_CURVE('',#722,#820,#125,.T.);
#1025=EDGE_CURVE('',#820,#767,#701,.T.);
#1026=EDGE_CURVE('',#802,#806,#126,.T.);
#1027=EDGE_CURVE('',#805,#816,#127,.T.);
#1028=EDGE_CURVE('',#808,#817,#647,.T.);
#1029=EDGE_CURVE('',#807,#821,#128,.T.);
#1030=EDGE_CURVE('',#821,#821,#648,.T.);
#1031=EDGE_CURVE('',#819,#809,#649,.T.);
#1032=EDGE_CURVE('',#818,#820,#650,.T.);
#1033=EDGE_CURVE('',#810,#822,#129,.T.);
#1034=EDGE_CURVE('',#822,#822,#651,.T.);
#1035=EDGE_CURVE('',#771,#823,#130,.T.);
#1036=EDGE_CURVE('',#823,#823,#652,.T.);
#1037=EDGE_CURVE('',#797,#824,#131,.T.);
#1038=EDGE_CURVE('',#825,#824,#132,.T.);
#1039=EDGE_CURVE('',#798,#825,#133,.T.);
#1040=EDGE_CURVE('',#800,#826,#134,.T.);
#1041=EDGE_CURVE('',#824,#826,#135,.T.);
#1042=EDGE_CURVE('',#799,#827,#136,.T.);
#1043=EDGE_CURVE('',#826,#827,#137,.T.);
#1044=EDGE_CURVE('',#827,#825,#138,.T.);
#1045=EDGE_CURVE('',#768,#828,#139,.T.);
#1046=EDGE_CURVE('',#828,#828,#653,.T.);
#1047=EDGE_CURVE('',#796,#829,#140,.T.);
#1048=EDGE_CURVE('',#829,#829,#654,.T.);
#1049=EDGE_CURVE('',#756,#830,#141,.T.);
#1050=EDGE_CURVE('',#761,#830,#142,.T.);
#1051=EDGE_CURVE('',#830,#760,#143,.T.);
#1052=EDGE_CURVE('',#792,#831,#144,.T.);
#1053=EDGE_CURVE('',#832,#831,#145,.T.);
#1054=EDGE_CURVE('',#793,#832,#146,.T.);
#1055=EDGE_CURVE('',#795,#833,#147,.T.);
#1056=EDGE_CURVE('',#831,#833,#148,.T.);
#1057=EDGE_CURVE('',#794,#834,#149,.T.);
#1058=EDGE_CURVE('',#833,#834,#150,.T.);
#1059=EDGE_CURVE('',#834,#832,#151,.T.);
#1060=EDGE_CURVE('',#788,#835,#152,.T.);
#1061=EDGE_CURVE('',#836,#835,#153,.T.);
#1062=EDGE_CURVE('',#789,#836,#154,.T.);
#1063=EDGE_CURVE('',#791,#837,#155,.T.);
#1064=EDGE_CURVE('',#835,#837,#156,.T.);
#1065=EDGE_CURVE('',#790,#838,#157,.T.);
#1066=EDGE_CURVE('',#837,#838,#158,.T.);
#1067=EDGE_CURVE('',#838,#836,#159,.T.);
#1068=EDGE_CURVE('',#784,#839,#160,.T.);
#1069=EDGE_CURVE('',#840,#839,#161,.T.);
#1070=EDGE_CURVE('',#785,#840,#162,.T.);
#1071=EDGE_CURVE('',#787,#841,#163,.T.);
#1072=EDGE_CURVE('',#839,#841,#164,.T.);
#1073=EDGE_CURVE('',#786,#842,#165,.T.);
#1074=EDGE_CURVE('',#841,#842,#166,.T.);
#1075=EDGE_CURVE('',#842,#840,#167,.T.);
#1076=EDGE_CURVE('',#780,#843,#168,.T.);
#1077=EDGE_CURVE('',#844,#843,#169,.T.);
#1078=EDGE_CURVE('',#781,#844,#170,.T.);
#1079=EDGE_CURVE('',#783,#845,#171,.T.);
#1080=EDGE_CURVE('',#843,#845,#172,.T.);
#1081=EDGE_CURVE('',#782,#846,#173,.T.);
#1082=EDGE_CURVE('',#845,#846,#174,.T.);
#1083=EDGE_CURVE('',#846,#844,#175,.T.);
#1084=EDGE_CURVE('',#776,#847,#176,.T.);
#1085=EDGE_CURVE('',#848,#847,#177,.T.);
#1086=EDGE_CURVE('',#777,#848,#178,.T.);
#1087=EDGE_CURVE('',#779,#849,#179,.T.);
#1088=EDGE_CURVE('',#847,#849,#180,.T.);
#1089=EDGE_CURVE('',#778,#850,#181,.T.);
#1090=EDGE_CURVE('',#849,#850,#182,.T.);
#1091=EDGE_CURVE('',#850,#848,#183,.T.);
#1092=EDGE_CURVE('',#772,#851,#184,.T.);
#1093=EDGE_CURVE('',#852,#851,#185,.T.);
#1094=EDGE_CURVE('',#773,#852,#186,.T.);
#1095=EDGE_CURVE('',#775,#853,#187,.T.);
#1096=EDGE_CURVE('',#851,#853,#188,.T.);
#1097=EDGE_CURVE('',#774,#854,#189,.T.);
#1098=EDGE_CURVE('',#853,#854,#190,.T.);
#1099=EDGE_CURVE('',#854,#852,#191,.T.);
#1100=EDGE_CURVE('',#815,#813,#192,.T.);
#1101=EDGE_CURVE('',#812,#803,#193,.T.);
#1102=EDGE_CURVE('',#855,#856,#655,.T.);
#1103=EDGE_CURVE('',#856,#857,#656,.T.);
#1104=EDGE_CURVE('',#857,#857,#657,.T.);
#1105=EDGE_CURVE('',#856,#855,#658,.T.);
#1106=EDGE_CURVE('',#858,#859,#702,.T.);
#1107=EDGE_CURVE('',#859,#860,#659,.T.);
#1108=EDGE_CURVE('',#860,#855,#660,.T.);
#1109=EDGE_CURVE('',#860,#858,#661,.T.);
#1110=EDGE_CURVE('',#861,#861,#662,.T.);
#1111=EDGE_CURVE('',#861,#862,#663,.T.);
#1112=EDGE_CURVE('',#862,#859,#664,.T.);
#1113=EDGE_CURVE('',#858,#862,#665,.T.);
#1114=EDGE_CURVE('',#863,#863,#666,.T.);
#1115=EDGE_CURVE('',#863,#861,#194,.T.);
#1116=EDGE_CURVE('',#864,#864,#667,.T.);
#1117=EDGE_CURVE('',#864,#865,#195,.T.);
#1118=EDGE_CURVE('',#865,#865,#668,.T.);
#1119=ORIENTED_EDGE('',*,*,#866,.F.);
#1120=ORIENTED_EDGE('',*,*,#867,.T.);
#1121=ORIENTED_EDGE('',*,*,#868,.T.);
#1122=ORIENTED_EDGE('',*,*,#869,.F.);
#1123=ORIENTED_EDGE('',*,*,#867,.F.);
#1124=ORIENTED_EDGE('',*,*,#870,.T.);
#1125=ORIENTED_EDGE('',*,*,#871,.F.);
#1126=ORIENTED_EDGE('',*,*,#872,.T.);
#1127=ORIENTED_EDGE('',*,*,#870,.F.);
#1128=ORIENTED_EDGE('',*,*,#873,.T.);
#1129=ORIENTED_EDGE('',*,*,#874,.T.);
#1130=ORIENTED_EDGE('',*,*,#875,.F.);
#1131=ORIENTED_EDGE('',*,*,#873,.F.);
#1132=ORIENTED_EDGE('',*,*,#876,.T.);
#1133=ORIENTED_EDGE('',*,*,#877,.F.);
#1134=ORIENTED_EDGE('',*,*,#878,.T.);
#1135=ORIENTED_EDGE('',*,*,#876,.F.);
#1136=ORIENTED_EDGE('',*,*,#879,.T.);
#1137=ORIENTED_EDGE('',*,*,#880,.T.);
#1138=ORIENTED_EDGE('',*,*,#881,.F.);
#1139=ORIENTED_EDGE('',*,*,#882,.F.);
#1140=ORIENTED_EDGE('',*,*,#883,.T.);
#1141=ORIENTED_EDGE('',*,*,#884,.T.);
#1142=ORIENTED_EDGE('',*,*,#885,.F.);
#1143=ORIENTED_EDGE('',*,*,#883,.F.);
#1144=ORIENTED_EDGE('',*,*,#886,.T.);
#1145=ORIENTED_EDGE('',*,*,#887,.F.);
#1146=ORIENTED_EDGE('',*,*,#888,.T.);
#1147=ORIENTED_EDGE('',*,*,#886,.F.);
#1148=ORIENTED_EDGE('',*,*,#889,.T.);
#1149=ORIENTED_EDGE('',*,*,#890,.T.);
#1150=ORIENTED_EDGE('',*,*,#891,.F.);
#1151=ORIENTED_EDGE('',*,*,#889,.F.);
#1152=ORIENTED_EDGE('',*,*,#892,.T.);
#1153=ORIENTED_EDGE('',*,*,#893,.F.);
#1154=ORIENTED_EDGE('',*,*,#894,.T.);
#1155=ORIENTED_EDGE('',*,*,#892,.F.);
#1156=ORIENTED_EDGE('',*,*,#895,.T.);
#1157=ORIENTED_EDGE('',*,*,#896,.T.);
#1158=ORIENTED_EDGE('',*,*,#897,.F.);
#1159=ORIENTED_EDGE('',*,*,#898,.F.);
#1160=ORIENTED_EDGE('',*,*,#899,.T.);
#1161=ORIENTED_EDGE('',*,*,#900,.T.);
#1162=ORIENTED_EDGE('',*,*,#901,.F.);
#1163=ORIENTED_EDGE('',*,*,#899,.F.);
#1164=ORIENTED_EDGE('',*,*,#902,.T.);
#1165=ORIENTED_EDGE('',*,*,#903,.F.);
#1166=ORIENTED_EDGE('',*,*,#904,.T.);
#1167=ORIENTED_EDGE('',*,*,#902,.F.);
#1168=ORIENTED_EDGE('',*,*,#905,.T.);
#1169=ORIENTED_EDGE('',*,*,#906,.T.);
#1170=ORIENTED_EDGE('',*,*,#907,.F.);
#1171=ORIENTED_EDGE('',*,*,#905,.F.);
#1172=ORIENTED_EDGE('',*,*,#908,.T.);
#1173=ORIENTED_EDGE('',*,*,#909,.F.);
#1174=ORIENTED_EDGE('',*,*,#910,.T.);
#1175=ORIENTED_EDGE('',*,*,#908,.F.);
#1176=ORIENTED_EDGE('',*,*,#911,.T.);
#1177=ORIENTED_EDGE('',*,*,#912,.T.);
#1178=ORIENTED_EDGE('',*,*,#913,.F.);
#1179=ORIENTED_EDGE('',*,*,#914,.F.);
#1180=ORIENTED_EDGE('',*,*,#915,.T.);
#1181=ORIENTED_EDGE('',*,*,#916,.T.);
#1182=ORIENTED_EDGE('',*,*,#917,.F.);
#1183=ORIENTED_EDGE('',*,*,#915,.F.);
#1184=ORIENTED_EDGE('',*,*,#918,.T.);
#1185=ORIENTED_EDGE('',*,*,#919,.F.);
#1186=ORIENTED_EDGE('',*,*,#920,.T.);
#1187=ORIENTED_EDGE('',*,*,#918,.F.);
#1188=ORIENTED_EDGE('',*,*,#921,.T.);
#1189=ORIENTED_EDGE('',*,*,#922,.T.);
#1190=ORIENTED_EDGE('',*,*,#923,.F.);
#1191=ORIENTED_EDGE('',*,*,#921,.F.);
#1192=ORIENTED_EDGE('',*,*,#924,.T.);
#1193=ORIENTED_EDGE('',*,*,#925,.F.);
#1194=ORIENTED_EDGE('',*,*,#926,.T.);
#1195=ORIENTED_EDGE('',*,*,#924,.F.);
#1196=ORIENTED_EDGE('',*,*,#927,.T.);
#1197=ORIENTED_EDGE('',*,*,#928,.T.);
#1198=ORIENTED_EDGE('',*,*,#929,.F.);
#1199=ORIENTED_EDGE('',*,*,#930,.T.);
#1200=ORIENTED_EDGE('',*,*,#931,.T.);
#1201=ORIENTED_EDGE('',*,*,#932,.T.);
#1202=ORIENTED_EDGE('',*,*,#933,.F.);
#1203=ORIENTED_EDGE('',*,*,#934,.T.);
#1204=ORIENTED_EDGE('',*,*,#935,.T.);
#1205=ORIENTED_EDGE('',*,*,#936,.T.);
#1206=ORIENTED_EDGE('',*,*,#931,.F.);
#1207=ORIENTED_EDGE('',*,*,#937,.T.);
#1208=ORIENTED_EDGE('',*,*,#938,.T.);
#1209=ORIENTED_EDGE('',*,*,#939,.T.);
#1210=ORIENTED_EDGE('',*,*,#933,.T.);
#1211=ORIENTED_EDGE('',*,*,#940,.T.);
#1212=ORIENTED_EDGE('',*,*,#938,.F.);
#1213=ORIENTED_EDGE('',*,*,#941,.T.);
#1214=ORIENTED_EDGE('',*,*,#935,.F.);
#1215=ORIENTED_EDGE('',*,*,#937,.F.);
#1216=ORIENTED_EDGE('',*,*,#942,.T.);
#1217=ORIENTED_EDGE('',*,*,#943,.F.);
#1218=ORIENTED_EDGE('',*,*,#944,.F.);
#1219=ORIENTED_EDGE('',*,*,#932,.F.);
#1220=ORIENTED_EDGE('',*,*,#945,.T.);
#1221=ORIENTED_EDGE('',*,*,#946,.F.);
#1222=ORIENTED_EDGE('',*,*,#942,.F.);
#1223=ORIENTED_EDGE('',*,*,#947,.F.);
#1224=ORIENTED_EDGE('',*,*,#948,.T.);
#1225=ORIENTED_EDGE('',*,*,#949,.F.);
#1226=ORIENTED_EDGE('',*,*,#950,.T.);
#1227=ORIENTED_EDGE('',*,*,#951,.F.);
#1228=ORIENTED_EDGE('',*,*,#952,.T.);
#1229=ORIENTED_EDGE('',*,*,#953,.T.);
#1230=ORIENTED_EDGE('',*,*,#954,.F.);
#1231=ORIENTED_EDGE('',*,*,#874,.F.);
#1232=ORIENTED_EDGE('',*,*,#878,.F.);
#1233=ORIENTED_EDGE('',*,*,#955,.F.);
#1234=ORIENTED_EDGE('',*,*,#956,.T.);
#1235=ORIENTED_EDGE('',*,*,#957,.T.);
#1236=ORIENTED_EDGE('',*,*,#958,.T.);
#1237=ORIENTED_EDGE('',*,*,#959,.T.);
#1238=ORIENTED_EDGE('',*,*,#960,.T.);
#1239=ORIENTED_EDGE('',*,*,#961,.T.);
#1240=ORIENTED_EDGE('',*,*,#962,.T.);
#1241=ORIENTED_EDGE('',*,*,#963,.T.);
#1242=ORIENTED_EDGE('',*,*,#964,.T.);
#1243=ORIENTED_EDGE('',*,*,#965,.T.);
#1244=ORIENTED_EDGE('',*,*,#966,.T.);
#1245=ORIENTED_EDGE('',*,*,#967,.T.);
#1246=ORIENTED_EDGE('',*,*,#968,.T.);
#1247=ORIENTED_EDGE('',*,*,#969,.T.);
#1248=ORIENTED_EDGE('',*,*,#970,.T.);
#1249=ORIENTED_EDGE('',*,*,#971,.T.);
#1250=ORIENTED_EDGE('',*,*,#972,.T.);
#1251=ORIENTED_EDGE('',*,*,#973,.T.);
#1252=ORIENTED_EDGE('',*,*,#974,.T.);
#1253=ORIENTED_EDGE('',*,*,#975,.T.);
#1254=ORIENTED_EDGE('',*,*,#976,.T.);
#1255=ORIENTED_EDGE('',*,*,#977,.T.);
#1256=ORIENTED_EDGE('',*,*,#978,.T.);
#1257=ORIENTED_EDGE('',*,*,#979,.T.);
#1258=ORIENTED_EDGE('',*,*,#980,.T.);
#1259=ORIENTED_EDGE('',*,*,#981,.T.);
#1260=ORIENTED_EDGE('',*,*,#982,.T.);
#1261=ORIENTED_EDGE('',*,*,#983,.T.);
#1262=ORIENTED_EDGE('',*,*,#984,.T.);
#1263=ORIENTED_EDGE('',*,*,#985,.T.);
#1264=ORIENTED_EDGE('',*,*,#986,.T.);
#1265=ORIENTED_EDGE('',*,*,#930,.F.);
#1266=ORIENTED_EDGE('',*,*,#939,.F.);
#1267=ORIENTED_EDGE('',*,*,#940,.F.);
#1268=ORIENTED_EDGE('',*,*,#934,.F.);
#1269=ORIENTED_EDGE('',*,*,#914,.T.);
#1270=ORIENTED_EDGE('',*,*,#987,.F.);
#1271=ORIENTED_EDGE('',*,*,#988,.T.);
#1272=ORIENTED_EDGE('',*,*,#927,.F.);
#1273=ORIENTED_EDGE('',*,*,#989,.T.);
#1274=ORIENTED_EDGE('',*,*,#990,.T.);
#1275=ORIENTED_EDGE('',*,*,#987,.T.);
#1276=ORIENTED_EDGE('',*,*,#917,.T.);
#1277=ORIENTED_EDGE('',*,*,#991,.T.);
#1278=ORIENTED_EDGE('',*,*,#898,.T.);
#1279=ORIENTED_EDGE('',*,*,#992,.F.);
#1280=ORIENTED_EDGE('',*,*,#993,.T.);
#1281=ORIENTED_EDGE('',*,*,#911,.F.);
#1282=ORIENTED_EDGE('',*,*,#994,.T.);
#1283=ORIENTED_EDGE('',*,*,#995,.T.);
#1284=ORIENTED_EDGE('',*,*,#903,.T.);
#1285=ORIENTED_EDGE('',*,*,#907,.T.);
#1286=ORIENTED_EDGE('',*,*,#996,.T.);
#1287=ORIENTED_EDGE('',*,*,#997,.T.);
#1288=ORIENTED_EDGE('',*,*,#998,.T.);
#1289=ORIENTED_EDGE('',*,*,#999,.T.);
#1290=ORIENTED_EDGE('',*,*,#992,.T.);
#1291=ORIENTED_EDGE('',*,*,#901,.T.);
#1292=ORIENTED_EDGE('',*,*,#1000,.T.);
#1293=ORIENTED_EDGE('',*,*,#919,.T.);
#1294=ORIENTED_EDGE('',*,*,#923,.T.);
#1295=ORIENTED_EDGE('',*,*,#1001,.T.);
#1296=ORIENTED_EDGE('',*,*,#1002,.T.);
#1297=ORIENTED_EDGE('',*,*,#1003,.T.);
#1298=ORIENTED_EDGE('',*,*,#949,.T.);
#1299=ORIENTED_EDGE('',*,*,#882,.T.);
#1300=ORIENTED_EDGE('',*,*,#1004,.F.);
#1301=ORIENTED_EDGE('',*,*,#1005,.T.);
#1302=ORIENTED_EDGE('',*,*,#895,.F.);
#1303=ORIENTED_EDGE('',*,*,#1006,.T.);
#1304=ORIENTED_EDGE('',*,*,#1007,.T.);
#1305=ORIENTED_EDGE('',*,*,#1004,.T.);
#1306=ORIENTED_EDGE('',*,*,#885,.T.);
#1307=ORIENTED_EDGE('',*,*,#1008,.T.);
#1308=ORIENTED_EDGE('',*,*,#866,.T.);
#1309=ORIENTED_EDGE('',*,*,#1009,.F.);
#1310=ORIENTED_EDGE('',*,*,#1010,.T.);
#1311=ORIENTED_EDGE('',*,*,#879,.F.);
#1312=ORIENTED_EDGE('',*,*,#1011,.T.);
#1313=ORIENTED_EDGE('',*,*,#1012,.T.);
#1314=ORIENTED_EDGE('',*,*,#1009,.T.);
#1315=ORIENTED_EDGE('',*,*,#869,.T.);
#1316=ORIENTED_EDGE('',*,*,#1013,.T.);
#1317=ORIENTED_EDGE('',*,*,#1014,.T.);
#1318=ORIENTED_EDGE('',*,*,#955,.T.);
#1319=ORIENTED_EDGE('',*,*,#877,.T.);
#1320=ORIENTED_EDGE('',*,*,#881,.T.);
#1321=ORIENTED_EDGE('',*,*,#1015,.T.);
#1322=ORIENTED_EDGE('',*,*,#909,.T.);
#1323=ORIENTED_EDGE('',*,*,#913,.T.);
#1324=ORIENTED_EDGE('',*,*,#1016,.T.);
#1325=ORIENTED_EDGE('',*,*,#1017,.T.);
#1326=ORIENTED_EDGE('',*,*,#947,.T.);
#1327=ORIENTED_EDGE('',*,*,#1018,.T.);
#1328=ORIENTED_EDGE('',*,*,#1019,.T.);
#1329=ORIENTED_EDGE('',*,*,#893,.T.);
#1330=ORIENTED_EDGE('',*,*,#897,.T.);
#1331=ORIENTED_EDGE('',*,*,#1020,.T.);
#1332=ORIENTED_EDGE('',*,*,#871,.T.);
#1333=ORIENTED_EDGE('',*,*,#875,.T.);
#1334=ORIENTED_EDGE('',*,*,#954,.T.);
#1335=ORIENTED_EDGE('',*,*,#1021,.T.);
#1336=ORIENTED_EDGE('',*,*,#1022,.T.);
#1337=ORIENTED_EDGE('',*,*,#925,.T.);
#1338=ORIENTED_EDGE('',*,*,#929,.T.);
#1339=ORIENTED_EDGE('',*,*,#1023,.T.);
#1340=ORIENTED_EDGE('',*,*,#887,.T.);
#1341=ORIENTED_EDGE('',*,*,#891,.T.);
#1342=ORIENTED_EDGE('',*,*,#1024,.T.);
#1343=ORIENTED_EDGE('',*,*,#1025,.T.);
#1344=ORIENTED_EDGE('',*,*,#951,.T.);
#1345=ORIENTED_EDGE('',*,*,#991,.F.);
#1346=ORIENTED_EDGE('',*,*,#916,.F.);
#1347=ORIENTED_EDGE('',*,*,#920,.F.);
#1348=ORIENTED_EDGE('',*,*,#1000,.F.);
#1349=ORIENTED_EDGE('',*,*,#900,.F.);
#1350=ORIENTED_EDGE('',*,*,#904,.F.);
#1351=ORIENTED_EDGE('',*,*,#995,.F.);
#1352=ORIENTED_EDGE('',*,*,#1026,.F.);
#1353=ORIENTED_EDGE('',*,*,#996,.F.);
#1354=ORIENTED_EDGE('',*,*,#906,.F.);
#1355=ORIENTED_EDGE('',*,*,#910,.F.);
#1356=ORIENTED_EDGE('',*,*,#1015,.F.);
#1357=ORIENTED_EDGE('',*,*,#880,.F.);
#1358=ORIENTED_EDGE('',*,*,#1010,.F.);
#1359=ORIENTED_EDGE('',*,*,#1012,.F.);
#1360=ORIENTED_EDGE('',*,*,#1027,.F.);
#1361=ORIENTED_EDGE('',*,*,#1017,.F.);
#1362=ORIENTED_EDGE('',*,*,#1028,.F.);
#1363=ORIENTED_EDGE('',*,*,#998,.F.);
#1364=ORIENTED_EDGE('',*,*,#1029,.T.);
#1365=ORIENTED_EDGE('',*,*,#1030,.F.);
#1366=ORIENTED_EDGE('',*,*,#1029,.F.);
#1367=ORIENTED_EDGE('',*,*,#997,.F.);
#1368=ORIENTED_EDGE('',*,*,#948,.F.);
#1369=ORIENTED_EDGE('',*,*,#1001,.F.);
#1370=ORIENTED_EDGE('',*,*,#922,.F.);
#1371=ORIENTED_EDGE('',*,*,#926,.F.);
#1372=ORIENTED_EDGE('',*,*,#1022,.F.);
#1373=ORIENTED_EDGE('',*,*,#1031,.T.);
#1374=ORIENTED_EDGE('',*,*,#1016,.F.);
#1375=ORIENTED_EDGE('',*,*,#912,.F.);
#1376=ORIENTED_EDGE('',*,*,#993,.F.);
#1377=ORIENTED_EDGE('',*,*,#999,.F.);
#1378=ORIENTED_EDGE('',*,*,#1028,.T.);
#1379=ORIENTED_EDGE('',*,*,#1019,.F.);
#1380=ORIENTED_EDGE('',*,*,#1032,.T.);
#1381=ORIENTED_EDGE('',*,*,#1024,.F.);
#1382=ORIENTED_EDGE('',*,*,#890,.F.);
#1383=ORIENTED_EDGE('',*,*,#894,.F.);
#1384=ORIENTED_EDGE('',*,*,#1002,.F.);
#1385=ORIENTED_EDGE('',*,*,#1031,.F.);
#1386=ORIENTED_EDGE('',*,*,#1021,.F.);
#1387=ORIENTED_EDGE('',*,*,#950,.F.);
#1388=ORIENTED_EDGE('',*,*,#1003,.F.);
#1389=ORIENTED_EDGE('',*,*,#1033,.T.);
#1390=ORIENTED_EDGE('',*,*,#1034,.F.);
#1391=ORIENTED_EDGE('',*,*,#1033,.F.);
#1392=ORIENTED_EDGE('',*,*,#1014,.F.);
#1393=ORIENTED_EDGE('',*,*,#957,.F.);
#1394=ORIENTED_EDGE('',*,*,#1035,.T.);
#1395=ORIENTED_EDGE('',*,*,#1036,.F.);
#1396=ORIENTED_EDGE('',*,*,#1035,.F.);
#1397=ORIENTED_EDGE('',*,*,#956,.F.);
#1398=ORIENTED_EDGE('',*,*,#983,.F.);
#1399=ORIENTED_EDGE('',*,*,#1037,.T.);
#1400=ORIENTED_EDGE('',*,*,#1038,.F.);
#1401=ORIENTED_EDGE('',*,*,#1039,.F.);
#1402=ORIENTED_EDGE('',*,*,#986,.F.);
#1403=ORIENTED_EDGE('',*,*,#1040,.T.);
#1404=ORIENTED_EDGE('',*,*,#1041,.F.);
#1405=ORIENTED_EDGE('',*,*,#1037,.F.);
#1406=ORIENTED_EDGE('',*,*,#985,.F.);
#1407=ORIENTED_EDGE('',*,*,#1042,.T.);
#1408=ORIENTED_EDGE('',*,*,#1043,.F.);
#1409=ORIENTED_EDGE('',*,*,#1040,.F.);
#1410=ORIENTED_EDGE('',*,*,#984,.F.);
#1411=ORIENTED_EDGE('',*,*,#1039,.T.);
#1412=ORIENTED_EDGE('',*,*,#1044,.F.);
#1413=ORIENTED_EDGE('',*,*,#1042,.F.);
#1414=ORIENTED_EDGE('',*,*,#1018,.F.);
#1415=ORIENTED_EDGE('',*,*,#953,.F.);
#1416=ORIENTED_EDGE('',*,*,#1045,.T.);
#1417=ORIENTED_EDGE('',*,*,#1046,.F.);
#1418=ORIENTED_EDGE('',*,*,#1045,.F.);
#1419=ORIENTED_EDGE('',*,*,#952,.F.);
#1420=ORIENTED_EDGE('',*,*,#1025,.F.);
#1421=ORIENTED_EDGE('',*,*,#1032,.F.);
#1422=ORIENTED_EDGE('',*,*,#982,.F.);
#1423=ORIENTED_EDGE('',*,*,#1047,.T.);
#1424=ORIENTED_EDGE('',*,*,#1048,.F.);
#1425=ORIENTED_EDGE('',*,*,#1047,.F.);
#1426=ORIENTED_EDGE('',*,*,#936,.F.);
#1427=ORIENTED_EDGE('',*,*,#1049,.T.);
#1428=ORIENTED_EDGE('',*,*,#1050,.F.);
#1429=ORIENTED_EDGE('',*,*,#945,.F.);
#1430=ORIENTED_EDGE('',*,*,#941,.F.);
#1431=ORIENTED_EDGE('',*,*,#944,.T.);
#1432=ORIENTED_EDGE('',*,*,#1051,.F.);
#1433=ORIENTED_EDGE('',*,*,#1049,.F.);
#1434=ORIENTED_EDGE('',*,*,#978,.F.);
#1435=ORIENTED_EDGE('',*,*,#1052,.T.);
#1436=ORIENTED_EDGE('',*,*,#1053,.F.);
#1437=ORIENTED_EDGE('',*,*,#1054,.F.);
#1438=ORIENTED_EDGE('',*,*,#981,.F.);
#1439=ORIENTED_EDGE('',*,*,#1055,.T.);
#1440=ORIENTED_EDGE('',*,*,#1056,.F.);
#1441=ORIENTED_EDGE('',*,*,#1052,.F.);
#1442=ORIENTED_EDGE('',*,*,#980,.F.);
#1443=ORIENTED_EDGE('',*,*,#1057,.T.);
#1444=ORIENTED_EDGE('',*,*,#1058,.F.);
#1445=ORIENTED_EDGE('',*,*,#1055,.F.);
#1446=ORIENTED_EDGE('',*,*,#979,.F.);
#1447=ORIENTED_EDGE('',*,*,#1054,.T.);
#1448=ORIENTED_EDGE('',*,*,#1059,.F.);
#1449=ORIENTED_EDGE('',*,*,#1057,.F.);
#1450=ORIENTED_EDGE('',*,*,#974,.F.);
#1451=ORIENTED_EDGE('',*,*,#1060,.T.);
#1452=ORIENTED_EDGE('',*,*,#1061,.F.);
#1453=ORIENTED_EDGE('',*,*,#1062,.F.);
#1454=ORIENTED_EDGE('',*,*,#977,.F.);
#1455=ORIENTED_EDGE('',*,*,#1063,.T.);
#1456=ORIENTED_EDGE('',*,*,#1064,.F.);
#1457=ORIENTED_EDGE('',*,*,#1060,.F.);
#1458=ORIENTED_EDGE('',*,*,#976,.F.);
#1459=ORIENTED_EDGE('',*,*,#1065,.T.);
#1460=ORIENTED_EDGE('',*,*,#1066,.F.);
#1461=ORIENTED_EDGE('',*,*,#1063,.F.);
#1462=ORIENTED_EDGE('',*,*,#975,.F.);
#1463=ORIENTED_EDGE('',*,*,#1062,.T.);
#1464=ORIENTED_EDGE('',*,*,#1067,.F.);
#1465=ORIENTED_EDGE('',*,*,#1065,.F.);
#1466=ORIENTED_EDGE('',*,*,#970,.F.);
#1467=ORIENTED_EDGE('',*,*,#1068,.T.);
#1468=ORIENTED_EDGE('',*,*,#1069,.F.);
#1469=ORIENTED_EDGE('',*,*,#1070,.F.);
#1470=ORIENTED_EDGE('',*,*,#973,.F.);
#1471=ORIENTED_EDGE('',*,*,#1071,.T.);
#1472=ORIENTED_EDGE('',*,*,#1072,.F.);
#1473=ORIENTED_EDGE('',*,*,#1068,.F.);
#1474=ORIENTED_EDGE('',*,*,#972,.F.);
#1475=ORIENTED_EDGE('',*,*,#1073,.T.);
#1476=ORIENTED_EDGE('',*,*,#1074,.F.);
#1477=ORIENTED_EDGE('',*,*,#1071,.F.);
#1478=ORIENTED_EDGE('',*,*,#971,.F.);
#1479=ORIENTED_EDGE('',*,*,#1070,.T.);
#1480=ORIENTED_EDGE('',*,*,#1075,.F.);
#1481=ORIENTED_EDGE('',*,*,#1073,.F.);
#1482=ORIENTED_EDGE('',*,*,#966,.F.);
#1483=ORIENTED_EDGE('',*,*,#1076,.T.);
#1484=ORIENTED_EDGE('',*,*,#1077,.F.);
#1485=ORIENTED_EDGE('',*,*,#1078,.F.);
#1486=ORIENTED_EDGE('',*,*,#969,.F.);
#1487=ORIENTED_EDGE('',*,*,#1079,.T.);
#1488=ORIENTED_EDGE('',*,*,#1080,.F.);
#1489=ORIENTED_EDGE('',*,*,#1076,.F.);
#1490=ORIENTED_EDGE('',*,*,#968,.F.);
#1491=ORIENTED_EDGE('',*,*,#1081,.T.);
#1492=ORIENTED_EDGE('',*,*,#1082,.F.);
#1493=ORIENTED_EDGE('',*,*,#1079,.F.);
#1494=ORIENTED_EDGE('',*,*,#967,.F.);
#1495=ORIENTED_EDGE('',*,*,#1078,.T.);
#1496=ORIENTED_EDGE('',*,*,#1083,.F.);
#1497=ORIENTED_EDGE('',*,*,#1081,.F.);
#1498=ORIENTED_EDGE('',*,*,#962,.F.);
#1499=ORIENTED_EDGE('',*,*,#1084,.T.);
#1500=ORIENTED_EDGE('',*,*,#1085,.F.);
#1501=ORIENTED_EDGE('',*,*,#1086,.F.);
#1502=ORIENTED_EDGE('',*,*,#965,.F.);
#1503=ORIENTED_EDGE('',*,*,#1087,.T.);
#1504=ORIENTED_EDGE('',*,*,#1088,.F.);
#1505=ORIENTED_EDGE('',*,*,#1084,.F.);
#1506=ORIENTED_EDGE('',*,*,#964,.F.);
#1507=ORIENTED_EDGE('',*,*,#1089,.T.);
#1508=ORIENTED_EDGE('',*,*,#1090,.F.);
#1509=ORIENTED_EDGE('',*,*,#1087,.F.);
#1510=ORIENTED_EDGE('',*,*,#963,.F.);
#1511=ORIENTED_EDGE('',*,*,#1086,.T.);
#1512=ORIENTED_EDGE('',*,*,#1091,.F.);
#1513=ORIENTED_EDGE('',*,*,#1089,.F.);
#1514=ORIENTED_EDGE('',*,*,#958,.F.);
#1515=ORIENTED_EDGE('',*,*,#1092,.T.);
#1516=ORIENTED_EDGE('',*,*,#1093,.F.);
#1517=ORIENTED_EDGE('',*,*,#1094,.F.);
#1518=ORIENTED_EDGE('',*,*,#961,.F.);
#1519=ORIENTED_EDGE('',*,*,#1095,.T.);
#1520=ORIENTED_EDGE('',*,*,#1096,.F.);
#1521=ORIENTED_EDGE('',*,*,#1092,.F.);
#1522=ORIENTED_EDGE('',*,*,#960,.F.);
#1523=ORIENTED_EDGE('',*,*,#1097,.T.);
#1524=ORIENTED_EDGE('',*,*,#1098,.F.);
#1525=ORIENTED_EDGE('',*,*,#1095,.F.);
#1526=ORIENTED_EDGE('',*,*,#959,.F.);
#1527=ORIENTED_EDGE('',*,*,#1094,.T.);
#1528=ORIENTED_EDGE('',*,*,#1099,.F.);
#1529=ORIENTED_EDGE('',*,*,#1097,.F.);
#1530=ORIENTED_EDGE('',*,*,#1007,.F.);
#1531=ORIENTED_EDGE('',*,*,#1100,.F.);
#1532=ORIENTED_EDGE('',*,*,#1013,.F.);
#1533=ORIENTED_EDGE('',*,*,#868,.F.);
#1534=ORIENTED_EDGE('',*,*,#872,.F.);
#1535=ORIENTED_EDGE('',*,*,#1020,.F.);
#1536=ORIENTED_EDGE('',*,*,#896,.F.);
#1537=ORIENTED_EDGE('',*,*,#1005,.F.);
#1538=ORIENTED_EDGE('',*,*,#990,.F.);
#1539=ORIENTED_EDGE('',*,*,#1101,.F.);
#1540=ORIENTED_EDGE('',*,*,#1008,.F.);
#1541=ORIENTED_EDGE('',*,*,#884,.F.);
#1542=ORIENTED_EDGE('',*,*,#888,.F.);
#1543=ORIENTED_EDGE('',*,*,#1023,.F.);
#1544=ORIENTED_EDGE('',*,*,#928,.F.);
#1545=ORIENTED_EDGE('',*,*,#988,.F.);
#1546=ORIENTED_EDGE('',*,*,#989,.F.);
#1547=ORIENTED_EDGE('',*,*,#1026,.T.);
#1548=ORIENTED_EDGE('',*,*,#994,.F.);
#1549=ORIENTED_EDGE('',*,*,#1027,.T.);
#1550=ORIENTED_EDGE('',*,*,#1011,.F.);
#1551=ORIENTED_EDGE('',*,*,#1100,.T.);
#1552=ORIENTED_EDGE('',*,*,#1006,.F.);
#1553=ORIENTED_EDGE('',*,*,#1101,.T.);
#1554=ORIENTED_EDGE('',*,*,#1030,.T.);
#1555=ORIENTED_EDGE('',*,*,#1036,.T.);
#1556=ORIENTED_EDGE('',*,*,#1038,.T.);
#1557=ORIENTED_EDGE('',*,*,#1041,.T.);
#1558=ORIENTED_EDGE('',*,*,#1043,.T.);
#1559=ORIENTED_EDGE('',*,*,#1044,.T.);
#1560=ORIENTED_EDGE('',*,*,#1046,.T.);
#1561=ORIENTED_EDGE('',*,*,#1034,.T.);
#1562=ORIENTED_EDGE('',*,*,#1048,.T.);
#1563=ORIENTED_EDGE('',*,*,#943,.T.);
#1564=ORIENTED_EDGE('',*,*,#946,.T.);
#1565=ORIENTED_EDGE('',*,*,#1050,.T.);
#1566=ORIENTED_EDGE('',*,*,#1051,.T.);
#1567=ORIENTED_EDGE('',*,*,#1053,.T.);
#1568=ORIENTED_EDGE('',*,*,#1056,.T.);
#1569=ORIENTED_EDGE('',*,*,#1058,.T.);
#1570=ORIENTED_EDGE('',*,*,#1059,.T.);
#1571=ORIENTED_EDGE('',*,*,#1061,.T.);
#1572=ORIENTED_EDGE('',*,*,#1064,.T.);
#1573=ORIENTED_EDGE('',*,*,#1066,.T.);
#1574=ORIENTED_EDGE('',*,*,#1067,.T.);
#1575=ORIENTED_EDGE('',*,*,#1069,.T.);
#1576=ORIENTED_EDGE('',*,*,#1072,.T.);
#1577=ORIENTED_EDGE('',*,*,#1074,.T.);
#1578=ORIENTED_EDGE('',*,*,#1075,.T.);
#1579=ORIENTED_EDGE('',*,*,#1077,.T.);
#1580=ORIENTED_EDGE('',*,*,#1080,.T.);
#1581=ORIENTED_EDGE('',*,*,#1082,.T.);
#1582=ORIENTED_EDGE('',*,*,#1083,.T.);
#1583=ORIENTED_EDGE('',*,*,#1085,.T.);
#1584=ORIENTED_EDGE('',*,*,#1088,.T.);
#1585=ORIENTED_EDGE('',*,*,#1090,.T.);
#1586=ORIENTED_EDGE('',*,*,#1091,.T.);
#1587=ORIENTED_EDGE('',*,*,#1093,.T.);
#1588=ORIENTED_EDGE('',*,*,#1096,.T.);
#1589=ORIENTED_EDGE('',*,*,#1098,.T.);
#1590=ORIENTED_EDGE('',*,*,#1099,.T.);
#1591=ORIENTED_EDGE('',*,*,#1102,.T.);
#1592=ORIENTED_EDGE('',*,*,#1103,.T.);
#1593=ORIENTED_EDGE('',*,*,#1104,.T.);
#1594=ORIENTED_EDGE('',*,*,#1103,.F.);
#1595=ORIENTED_EDGE('',*,*,#1105,.T.);
#1596=ORIENTED_EDGE('',*,*,#1104,.F.);
#1597=ORIENTED_EDGE('',*,*,#1106,.T.);
#1598=ORIENTED_EDGE('',*,*,#1107,.T.);
#1599=ORIENTED_EDGE('',*,*,#1108,.T.);
#1600=ORIENTED_EDGE('',*,*,#1105,.F.);
#1601=ORIENTED_EDGE('',*,*,#1102,.F.);
#1602=ORIENTED_EDGE('',*,*,#1108,.F.);
#1603=ORIENTED_EDGE('',*,*,#1109,.T.);
#1604=ORIENTED_EDGE('',*,*,#1110,.T.);
#1605=ORIENTED_EDGE('',*,*,#1111,.T.);
#1606=ORIENTED_EDGE('',*,*,#1112,.T.);
#1607=ORIENTED_EDGE('',*,*,#1106,.F.);
#1608=ORIENTED_EDGE('',*,*,#1113,.T.);
#1609=ORIENTED_EDGE('',*,*,#1111,.F.);
#1610=ORIENTED_EDGE('',*,*,#1114,.F.);
#1611=ORIENTED_EDGE('',*,*,#1115,.T.);
#1612=ORIENTED_EDGE('',*,*,#1110,.F.);
#1613=ORIENTED_EDGE('',*,*,#1115,.F.);
#1614=ORIENTED_EDGE('',*,*,#1107,.F.);
#1615=ORIENTED_EDGE('',*,*,#1112,.F.);
#1616=ORIENTED_EDGE('',*,*,#1113,.F.);
#1617=ORIENTED_EDGE('',*,*,#1109,.F.);
#1618=ORIENTED_EDGE('',*,*,#1116,.F.);
#1619=ORIENTED_EDGE('',*,*,#1117,.T.);
#1620=ORIENTED_EDGE('',*,*,#1118,.T.);
#1621=ORIENTED_EDGE('',*,*,#1117,.F.);
#1622=ORIENTED_EDGE('',*,*,#1118,.F.);
#1623=ORIENTED_EDGE('',*,*,#1114,.T.);
#1624=ORIENTED_EDGE('',*,*,#1116,.T.);
#1625=B_SPLINE_SURFACE_WITH_KNOTS('',3,3,((#2337,#2338,#2339,#2340,#2341,
#2342),(#2343,#2344,#2345,#2346,#2347,#2348),(#2349,#2350,#2351,#2352,#2353,
#2354),(#2355,#2356,#2357,#2358,#2359,#2360),(#2361,#2362,#2363,#2364,#2365,
#2366),(#2367,#2368,#2369,#2370,#2371,#2372)),.UNSPECIFIED.,.F.,.F.,.F.,
(4,1,1,4),(4,1,1,4),(0.,0.333333333333333,0.666666666666667,1.),(0.,0.333333333333333,
0.666666666666667,1.),.UNSPECIFIED.);
#1626=B_SPLINE_SURFACE_WITH_KNOTS('',3,3,((#2391,#2392,#2393,#2394,#2395,
#2396),(#2397,#2398,#2399,#2400,#2401,#2402),(#2403,#2404,#2405,#2406,#2407,
#2408),(#2409,#2410,#2411,#2412,#2413,#2414),(#2415,#2416,#2417,#2418,#2419,
#2420),(#2421,#2422,#2423,#2424,#2425,#2426)),.UNSPECIFIED.,.F.,.F.,.F.,
(4,1,1,4),(4,1,1,4),(0.,0.333333333333333,0.666666666666667,1.),(0.,0.333333333333333,
0.666666666666667,1.),.UNSPECIFIED.);
#1627=B_SPLINE_SURFACE_WITH_KNOTS('',3,3,((#2437,#2438,#2439,#2440,#2441,
#2442),(#2443,#2444,#2445,#2446,#2447,#2448),(#2449,#2450,#2451,#2452,#2453,
#2454),(#2455,#2456,#2457,#2458,#2459,#2460),(#2461,#2462,#2463,#2464,#2465,
#2466),(#2467,#2468,#2469,#2470,#2471,#2472)),.UNSPECIFIED.,.F.,.F.,.F.,
(4,1,1,4),(4,1,1,4),(0.,0.333333333333333,0.666666666666667,1.),(0.,0.333333333333333,
0.666666666666667,1.),.UNSPECIFIED.);
#1628=B_SPLINE_SURFACE_WITH_KNOTS('',3,3,((#2483,#2484,#2485,#2486,#2487,
#2488),(#2489,#2490,#2491,#2492,#2493,#2494),(#2495,#2496,#2497,#2498,#2499,
#2500),(#2501,#2502,#2503,#2504,#2505,#2506),(#2507,#2508,#2509,#2510,#2511,
#2512),(#2513,#2514,#2515,#2516,#2517,#2518)),.UNSPECIFIED.,.F.,.F.,.F.,
(4,1,1,4),(4,1,1,4),(0.,0.333333333333333,0.666666666666667,1.),(0.,0.333333333333333,
0.666666666666667,1.),.UNSPECIFIED.);
#1629=B_SPLINE_SURFACE_WITH_KNOTS('',3,3,((#2529,#2530,#2531,#2532,#2533,
#2534),(#2535,#2536,#2537,#2538,#2539,#2540),(#2541,#2542,#2543,#2544,#2545,
#2546),(#2547,#2548,#2549,#2550,#2551,#2552),(#2553,#2554,#2555,#2556,#2557,
#2558),(#2559,#2560,#2561,#2562,#2563,#2564)),.UNSPECIFIED.,.F.,.F.,.F.,
(4,1,1,4),(4,1,1,4),(0.,0.333333333333333,0.666666666666667,1.),(0.,0.333333333333333,
0.666666666666667,1.),.UNSPECIFIED.);
#1630=B_SPLINE_SURFACE_WITH_KNOTS('',3,3,((#2575,#2576,#2577,#2578,#2579,
#2580),(#2581,#2582,#2583,#2584,#2585,#2586),(#2587,#2588,#2589,#2590,#2591,
#2592),(#2593,#2594,#2595,#2596,#2597,#2598),(#2599,#2600,#2601,#2602,#2603,
#2604),(#2605,#2606,#2607,#2608,#2609,#2610)),.UNSPECIFIED.,.F.,.F.,.F.,
(4,1,1,4),(4,1,1,4),(0.,0.333333333333333,0.666666666666667,1.),(0.,0.333333333333333,
0.666666666666667,1.),.UNSPECIFIED.);
#1631=B_SPLINE_SURFACE_WITH_KNOTS('',3,3,((#2629,#2630,#2631,#2632,#2633,
#2634),(#2635,#2636,#2637,#2638,#2639,#2640),(#2641,#2642,#2643,#2644,#2645,
#2646),(#2647,#2648,#2649,#2650,#2651,#2652),(#2653,#2654,#2655,#2656,#2657,
#2658),(#2659,#2660,#2661,#2662,#2663,#2664)),.UNSPECIFIED.,.F.,.F.,.F.,
(4,1,1,4),(4,1,1,4),(0.,0.333333333333333,0.666666666666667,1.),(0.,0.333333333333333,
0.666666666666667,1.),.UNSPECIFIED.);
#1632=B_SPLINE_SURFACE_WITH_KNOTS('',3,3,((#2675,#2676,#2677,#2678,#2679,
#2680),(#2681,#2682,#2683,#2684,#2685,#2686),(#2687,#2688,#2689,#2690,#2691,
#2692),(#2693,#2694,#2695,#2696,#2697,#2698),(#2699,#2700,#2701,#2702,#2703,
#2704),(#2705,#2706,#2707,#2708,#2709,#2710)),.UNSPECIFIED.,.F.,.F.,.F.,
(4,1,1,4),(4,1,1,4),(0.,0.333333333333333,0.666666666666667,1.),(0.,0.333333333333333,
0.666666666666667,1.),.UNSPECIFIED.);
#1633=B_SPLINE_SURFACE_WITH_KNOTS('',3,3,((#2721,#2722,#2723,#2724,#2725,
#2726),(#2727,#2728,#2729,#2730,#2731,#2732),(#2733,#2734,#2735,#2736,#2737,
#2738),(#2739,#2740,#2741,#2742,#2743,#2744),(#2745,#2746,#2747,#2748,#2749,
#2750),(#2751,#2752,#2753,#2754,#2755,#2756)),.UNSPECIFIED.,.F.,.F.,.F.,
(4,1,1,4),(4,1,1,4),(0.,0.333333333333333,0.666666666666667,1.),(0.,0.333333333333333,
0.666666666666667,1.),.UNSPECIFIED.);
#1634=B_SPLINE_SURFACE_WITH_KNOTS('',3,3,((#2767,#2768,#2769,#2770,#2771,
#2772),(#2773,#2774,#2775,#2776,#2777,#2778),(#2779,#2780,#2781,#2782,#2783,
#2784),(#2785,#2786,#2787,#2788,#2789,#2790),(#2791,#2792,#2793,#2794,#2795,
#2796),(#2797,#2798,#2799,#2800,#2801,#2802)),.UNSPECIFIED.,.F.,.F.,.F.,
(4,1,1,4),(4,1,1,4),(0.,0.333333333333333,0.666666666666667,1.),(0.,0.333333333333333,
0.666666666666667,1.),.UNSPECIFIED.);
#1635=B_SPLINE_SURFACE_WITH_KNOTS('',3,3,((#2813,#2814,#2815,#2816,#2817,
#2818),(#2819,#2820,#2821,#2822,#2823,#2824),(#2825,#2826,#2827,#2828,#2829,
#2830),(#2831,#2832,#2833,#2834,#2835,#2836),(#2837,#2838,#2839,#2840,#2841,
#2842),(#2843,#2844,#2845,#2846,#2847,#2848)),.UNSPECIFIED.,.F.,.F.,.F.,
(4,1,1,4),(4,1,1,4),(0.,0.333333333333333,0.666666666666667,1.),(0.,0.333333333333333,
0.666666666666667,1.),.UNSPECIFIED.);
#1636=B_SPLINE_SURFACE_WITH_KNOTS('',3,3,((#2867,#2868,#2869,#2870,#2871,
#2872),(#2873,#2874,#2875,#2876,#2877,#2878),(#2879,#2880,#2881,#2882,#2883,
#2884),(#2885,#2886,#2887,#2888,#2889,#2890),(#2891,#2892,#2893,#2894,#2895,
#2896),(#2897,#2898,#2899,#2900,#2901,#2902)),.UNSPECIFIED.,.F.,.F.,.F.,
(4,1,1,4),(4,1,1,4),(0.,0.333333333333333,0.666666666666667,1.),(0.,0.333333333333333,
0.666666666666667,1.),.UNSPECIFIED.);
#1637=B_SPLINE_SURFACE_WITH_KNOTS('',3,3,((#2913,#2914,#2915,#2916,#2917,
#2918),(#2919,#2920,#2921,#2922,#2923,#2924),(#2925,#2926,#2927,#2928,#2929,
#2930),(#2931,#2932,#2933,#2934,#2935,#2936),(#2937,#2938,#2939,#2940,#2941,
#2942),(#2943,#2944,#2945,#2946,#2947,#2948)),.UNSPECIFIED.,.F.,.F.,.F.,
(4,1,1,4),(4,1,1,4),(0.,0.333333333333333,0.666666666666667,1.),(0.,0.333333333333333,
0.666666666666667,1.),.UNSPECIFIED.);
#1638=B_SPLINE_SURFACE_WITH_KNOTS('',3,3,((#2959,#2960,#2961,#2962,#2963,
#2964),(#2965,#2966,#2967,#2968,#2969,#2970),(#2971,#2972,#2973,#2974,#2975,
#2976),(#2977,#2978,#2979,#2980,#2981,#2982),(#2983,#2984,#2985,#2986,#2987,
#2988),(#2989,#2990,#2991,#2992,#2993,#2994)),.UNSPECIFIED.,.F.,.F.,.F.,
(4,1,1,4),(4,1,1,4),(0.,0.333333333333333,0.666666666666667,1.),(0.,0.333333333333333,
0.666666666666667,1.),.UNSPECIFIED.);
#1639=B_SPLINE_SURFACE_WITH_KNOTS('',3,3,((#3005,#3006,#3007,#3008,#3009,
#3010),(#3011,#3012,#3013,#3014,#3015,#3016),(#3017,#3018,#3019,#3020,#3021,
#3022),(#3023,#3024,#3025,#3026,#3027,#3028),(#3029,#3030,#3031,#3032,#3033,
#3034),(#3035,#3036,#3037,#3038,#3039,#3040)),.UNSPECIFIED.,.F.,.F.,.F.,
(4,1,1,4),(4,1,1,4),(0.,0.333333333333333,0.666666666666667,1.),(0.,0.333333333333333,
0.666666666666667,1.),.UNSPECIFIED.);
#1640=B_SPLINE_SURFACE_WITH_KNOTS('',3,3,((#3051,#3052,#3053,#3054,#3055,
#3056),(#3057,#3058,#3059,#3060,#3061,#3062),(#3063,#3064,#3065,#3066,#3067,
#3068),(#3069,#3070,#3071,#3072,#3073,#3074),(#3075,#3076,#3077,#3078,#3079,
#3080),(#3081,#3082,#3083,#3084,#3085,#3086)),.UNSPECIFIED.,.F.,.F.,.F.,
(4,1,1,4),(4,1,1,4),(0.,0.333333333333333,0.666666666666667,1.),(0.,0.333333333333333,
0.666666666666667,1.),.UNSPECIFIED.);
#1641=B_SPLINE_SURFACE_WITH_KNOTS('',3,3,((#3105,#3106,#3107,#3108,#3109,
#3110),(#3111,#3112,#3113,#3114,#3115,#3116),(#3117,#3118,#3119,#3120,#3121,
#3122),(#3123,#3124,#3125,#3126,#3127,#3128),(#3129,#3130,#3131,#3132,#3133,
#3134),(#3135,#3136,#3137,#3138,#3139,#3140)),.UNSPECIFIED.,.F.,.F.,.F.,
(4,1,1,4),(4,1,1,4),(0.,0.333333333333333,0.666666666666667,1.),(0.,0.333333333333333,
0.666666666666667,1.),.UNSPECIFIED.);
#1642=B_SPLINE_SURFACE_WITH_KNOTS('',3,3,((#3151,#3152,#3153,#3154,#3155,
#3156),(#3157,#3158,#3159,#3160,#3161,#3162),(#3163,#3164,#3165,#3166,#3167,
#3168),(#3169,#3170,#3171,#3172,#3173,#3174),(#3175,#3176,#3177,#3178,#3179,
#3180),(#3181,#3182,#3183,#3184,#3185,#3186)),.UNSPECIFIED.,.F.,.F.,.F.,
(4,1,1,4),(4,1,1,4),(0.,0.333333333333333,0.666666666666667,1.),(0.,0.333333333333333,
0.666666666666667,1.),.UNSPECIFIED.);
#1643=B_SPLINE_SURFACE_WITH_KNOTS('',3,3,((#3197,#3198,#3199,#3200,#3201,
#3202),(#3203,#3204,#3205,#3206,#3207,#3208),(#3209,#3210,#3211,#3212,#3213,
#3214),(#3215,#3216,#3217,#3218,#3219,#3220),(#3221,#3222,#3223,#3224,#3225,
#3226),(#3227,#3228,#3229,#3230,#3231,#3232)),.UNSPECIFIED.,.F.,.F.,.F.,
(4,1,1,4),(4,1,1,4),(0.,0.333333333333333,0.666666666666667,1.),(0.,0.333333333333333,
0.666666666666667,1.),.UNSPECIFIED.);
#1644=B_SPLINE_SURFACE_WITH_KNOTS('',3,3,((#3243,#3244,#3245,#3246,#3247,
#3248),(#3249,#3250,#3251,#3252,#3253,#3254),(#3255,#3256,#3257,#3258,#3259,
#3260),(#3261,#3262,#3263,#3264,#3265,#3266),(#3267,#3268,#3269,#3270,#3271,
#3272),(#3273,#3274,#3275,#3276,#3277,#3278)),.UNSPECIFIED.,.F.,.F.,.F.,
(4,1,1,4),(4,1,1,4),(0.,0.333333333333333,0.666666666666667,1.),(0.,0.333333333333333,
0.666666666666667,1.),.UNSPECIFIED.);
#1645=B_SPLINE_SURFACE_WITH_KNOTS('',3,3,((#3403,#3404,#3405,#3406,#3407,
#3408),(#3409,#3410,#3411,#3412,#3413,#3414),(#3415,#3416,#3417,#3418,#3419,
#3420),(#3421,#3422,#3423,#3424,#3425,#3426),(#3427,#3428,#3429,#3430,#3431,
#3432),(#3433,#3434,#3435,#3436,#3437,#3438)),.UNSPECIFIED.,.F.,.F.,.F.,
(4,1,1,4),(4,1,1,4),(0.,0.333333333333333,0.666666666666667,1.),(0.,0.333333333333333,
0.666666666666667,1.),.UNSPECIFIED.);
#1646=B_SPLINE_SURFACE_WITH_KNOTS('',3,3,((#3448,#3449,#3450,#3451,#3452,
#3453),(#3454,#3455,#3456,#3457,#3458,#3459),(#3460,#3461,#3462,#3463,#3464,
#3465),(#3466,#3467,#3468,#3469,#3470,#3471),(#3472,#3473,#3474,#3475,#3476,
#3477),(#3478,#3479,#3480,#3481,#3482,#3483)),.UNSPECIFIED.,.F.,.F.,.F.,
(4,1,1,4),(4,1,1,4),(0.,0.333333333333333,0.666666666666667,1.),(0.,0.333333333333333,
0.666666666666667,1.),.UNSPECIFIED.);
#1647=B_SPLINE_SURFACE_WITH_KNOTS('',3,3,((#3517,#3518,#3519,#3520,#3521,
#3522),(#3523,#3524,#3525,#3526,#3527,#3528),(#3529,#3530,#3531,#3532,#3533,
#3534),(#3535,#3536,#3537,#3538,#3539,#3540),(#3541,#3542,#3543,#3544,#3545,
#3546),(#3547,#3548,#3549,#3550,#3551,#3552)),.UNSPECIFIED.,.F.,.F.,.F.,
(4,1,1,4),(4,1,1,4),(0.,0.333333333333333,0.666666666666667,1.),(0.,0.333333333333333,
0.666666666666667,1.),.UNSPECIFIED.);
#1648=B_SPLINE_SURFACE_WITH_KNOTS('',3,3,((#3562,#3563,#3564,#3565,#3566,
#3567),(#3568,#3569,#3570,#3571,#3572,#3573),(#3574,#3575,#3576,#3577,#3578,
#3579),(#3580,#3581,#3582,#3583,#3584,#3585),(#3586,#3587,#3588,#3589,#3590,
#3591),(#3592,#3593,#3594,#3595,#3596,#3597)),.UNSPECIFIED.,.F.,.F.,.F.,
(4,1,1,4),(4,1,1,4),(0.,0.333333333333333,0.666666666666667,1.),(0.,0.333333333333333,
0.666666666666667,1.),.UNSPECIFIED.);
#1649=ADVANCED_FACE('',(#383),#1625,.T.);
#1650=ADVANCED_FACE('',(#384),#1626,.T.);
#1651=ADVANCED_FACE('',(#385),#1627,.T.);
#1652=ADVANCED_FACE('',(#386),#1628,.T.);
#1653=ADVANCED_FACE('',(#387),#1629,.T.);
#1654=ADVANCED_FACE('',(#388),#1630,.T.);
#1655=ADVANCED_FACE('',(#389),#1631,.T.);
#1656=ADVANCED_FACE('',(#390),#1632,.T.);
#1657=ADVANCED_FACE('',(#391),#1633,.T.);
#1658=ADVANCED_FACE('',(#392),#1634,.T.);
#1659=ADVANCED_FACE('',(#393),#1635,.T.);
#1660=ADVANCED_FACE('',(#394),#1636,.T.);
#1661=ADVANCED_FACE('',(#395),#1637,.T.);
#1662=ADVANCED_FACE('',(#396),#1638,.T.);
#1663=ADVANCED_FACE('',(#397),#1639,.T.);
#1664=ADVANCED_FACE('',(#398),#1640,.T.);
#1665=ADVANCED_FACE('',(#399),#1641,.T.);
#1666=ADVANCED_FACE('',(#400),#1642,.T.);
#1667=ADVANCED_FACE('',(#401),#1643,.T.);
#1668=ADVANCED_FACE('',(#402),#1644,.T.);
#1669=ADVANCED_FACE('',(#403),#334,.T.);
#1670=ADVANCED_FACE('',(#404),#335,.T.);
#1671=ADVANCED_FACE('',(#405),#336,.T.);
#1672=ADVANCED_FACE('',(#406),#337,.T.);
#1673=ADVANCED_FACE('',(#407),#338,.F.);
#1674=ADVANCED_FACE('',(#408),#339,.F.);
#1675=ADVANCED_FACE('',(#409,#35,#36,#37,#38,#39,#40,#41,#42,#43),#340,
 .T.);
#1676=ADVANCED_FACE('',(#410),#1645,.T.);
#1677=ADVANCED_FACE('',(#411),#20,.T.);
#1678=ADVANCED_FACE('',(#412),#1646,.T.);
#1679=ADVANCED_FACE('',(#413),#21,.T.);
#1680=ADVANCED_FACE('',(#414),#22,.T.);
#1681=ADVANCED_FACE('',(#415),#1647,.T.);
#1682=ADVANCED_FACE('',(#416),#23,.T.);
#1683=ADVANCED_FACE('',(#417),#1648,.T.);
#1684=ADVANCED_FACE('',(#418),#24,.T.);
#1685=ADVANCED_FACE('',(#419),#25,.T.);
#1686=ADVANCED_FACE('',(#420),#26,.T.);
#1687=ADVANCED_FACE('',(#421),#27,.T.);
#1688=ADVANCED_FACE('',(#422),#341,.T.);
#1689=ADVANCED_FACE('',(#423),#342,.T.);
#1690=ADVANCED_FACE('',(#424),#28,.F.);
#1691=ADVANCED_FACE('',(#425),#343,.T.);
#1692=ADVANCED_FACE('',(#426),#344,.T.);
#1693=ADVANCED_FACE('',(#427),#345,.T.);
#1694=ADVANCED_FACE('',(#428),#29,.F.);
#1695=ADVANCED_FACE('',(#429),#30,.F.);
#1696=ADVANCED_FACE('',(#430),#346,.F.);
#1697=ADVANCED_FACE('',(#431),#347,.F.);
#1698=ADVANCED_FACE('',(#432),#348,.F.);
#1699=ADVANCED_FACE('',(#433),#349,.F.);
#1700=ADVANCED_FACE('',(#434),#31,.F.);
#1701=ADVANCED_FACE('',(#435),#32,.F.);
#1702=ADVANCED_FACE('',(#436),#350,.F.);
#1703=ADVANCED_FACE('',(#437),#351,.F.);
#1704=ADVANCED_FACE('',(#438),#352,.F.);
#1705=ADVANCED_FACE('',(#439),#353,.F.);
#1706=ADVANCED_FACE('',(#440),#354,.F.);
#1707=ADVANCED_FACE('',(#441),#355,.F.);
#1708=ADVANCED_FACE('',(#442),#356,.F.);
#1709=ADVANCED_FACE('',(#443),#357,.F.);
#1710=ADVANCED_FACE('',(#444),#358,.F.);
#1711=ADVANCED_FACE('',(#445),#359,.F.);
#1712=ADVANCED_FACE('',(#446),#360,.F.);
#1713=ADVANCED_FACE('',(#447),#361,.F.);
#1714=ADVANCED_FACE('',(#448),#362,.F.);
#1715=ADVANCED_FACE('',(#449),#363,.F.);
#1716=ADVANCED_FACE('',(#450),#364,.F.);
#1717=ADVANCED_FACE('',(#451),#365,.F.);
#1718=ADVANCED_FACE('',(#452),#366,.F.);
#1719=ADVANCED_FACE('',(#453),#367,.F.);
#1720=ADVANCED_FACE('',(#454),#368,.F.);
#1721=ADVANCED_FACE('',(#455),#369,.F.);
#1722=ADVANCED_FACE('',(#456),#370,.F.);
#1723=ADVANCED_FACE('',(#457),#371,.F.);
#1724=ADVANCED_FACE('',(#458),#372,.F.);
#1725=ADVANCED_FACE('',(#459),#373,.F.);
#1726=ADVANCED_FACE('',(#460),#374,.F.);
#1727=ADVANCED_FACE('',(#461),#375,.F.);
#1728=ADVANCED_FACE('',(#462),#376,.T.);
#1729=ADVANCED_FACE('',(#463),#377,.T.);
#1730=ADVANCED_FACE('',(#464,#44,#45,#46,#47,#48,#49,#50,#51,#52,#53,#54,
#55,#56),#378,.F.);
#1731=ADVANCED_FACE('',(#465),#15,.T.);
#1732=ADVANCED_FACE('',(#466),#379,.T.);
#1733=ADVANCED_FACE('',(#467),#13,.T.);
#1734=ADVANCED_FACE('',(#468),#14,.T.);
#1735=ADVANCED_FACE('',(#469),#33,.T.);
#1736=ADVANCED_FACE('',(#470),#380,.F.);
#1737=ADVANCED_FACE('',(#471),#34,.F.);
#1738=ADVANCED_FACE('',(#472),#381,.T.);
#1739=ADVANCED_FACE('',(#473,#57),#382,.T.);
#1740=CLOSED_SHELL('',(#1649,#1650,#1651,#1652,#1653,#1654,#1655,#1656,
#1657,#1658,#1659,#1660,#1661,#1662,#1663,#1664,#1665,#1666,#1667,#1668,
#1669,#1670,#1671,#1672,#1673,#1674,#1675,#1676,#1677,#1678,#1679,#1680,
#1681,#1682,#1683,#1684,#1685,#1686,#1687,#1688,#1689,#1690,#1691,#1692,
#1693,#1694,#1695,#1696,#1697,#1698,#1699,#1700,#1701,#1702,#1703,#1704,
#1705,#1706,#1707,#1708,#1709,#1710,#1711,#1712,#1713,#1714,#1715,#1716,
#1717,#1718,#1719,#1720,#1721,#1722,#1723,#1724,#1725,#1726,#1727,#1728,
#1729,#1730));
#1741=CLOSED_SHELL('',(#1731,#1732,#1733,#1734,#1735,#1736,#1737,#1738,
#1739));
#1742=DERIVED_UNIT_ELEMENT(#1744,1.);
#1743=DERIVED_UNIT_ELEMENT(#3898,-3.);
#1744=(
MASS_UNIT()
NAMED_UNIT(*)
SI_UNIT(.KILO.,.GRAM.)
);
#1745=DERIVED_UNIT((#1742,#1743));
#1746=MEASURE_REPRESENTATION_ITEM('density measure',
POSITIVE_RATIO_MEASURE(7850.),#1745);
#1747=PROPERTY_DEFINITION_REPRESENTATION(#1752,#1749);
#1748=PROPERTY_DEFINITION_REPRESENTATION(#1753,#1750);
#1749=REPRESENTATION('material name',(#1751),#3895);
#1750=REPRESENTATION('density',(#1746),#3895);
#1751=DESCRIPTIVE_REPRESENTATION_ITEM('Steel','Steel');
#1752=PROPERTY_DEFINITION('material property','material name',#3905);
#1753=PROPERTY_DEFINITION('material property','density of part',#3905);
#1754=AXIS2_PLACEMENT_3D('',#2336,#1902,#1903);
#1755=AXIS2_PLACEMENT_3D('',#2389,#1904,#1905);
#1756=AXIS2_PLACEMENT_3D('',#2390,#1906,#1907);
#1757=AXIS2_PLACEMENT_3D('',#2435,#1908,#1909);
#1758=AXIS2_PLACEMENT_3D('',#2436,#1910,#1911);
#1759=AXIS2_PLACEMENT_3D('',#2481,#1912,#1913);
#1760=AXIS2_PLACEMENT_3D('',#2482,#1914,#1915);
#1761=AXIS2_PLACEMENT_3D('',#2527,#1916,#1917);
#1762=AXIS2_PLACEMENT_3D('',#2528,#1918,#1919);
#1763=AXIS2_PLACEMENT_3D('',#2573,#1920,#1921);
#1764=AXIS2_PLACEMENT_3D('',#2574,#1922,#1923);
#1765=AXIS2_PLACEMENT_3D('',#2627,#1924,#1925);
#1766=AXIS2_PLACEMENT_3D('',#2628,#1926,#1927);
#1767=AXIS2_PLACEMENT_3D('',#2673,#1928,#1929);
#1768=AXIS2_PLACEMENT_3D('',#2674,#1930,#1931);
#1769=AXIS2_PLACEMENT_3D('',#2719,#1932,#1933);
#1770=AXIS2_PLACEMENT_3D('',#2720,#1934,#1935);
#1771=AXIS2_PLACEMENT_3D('',#2765,#1936,#1937);
#1772=AXIS2_PLACEMENT_3D('',#2766,#1938,#1939);
#1773=AXIS2_PLACEMENT_3D('',#2811,#1940,#1941);
#1774=AXIS2_PLACEMENT_3D('',#2812,#1942,#1943);
#1775=AXIS2_PLACEMENT_3D('',#2865,#1944,#1945);
#1776=AXIS2_PLACEMENT_3D('',#2866,#1946,#1947);
#1777=AXIS2_PLACEMENT_3D('',#2911,#1948,#1949);
#1778=AXIS2_PLACEMENT_3D('',#2912,#1950,#1951);
#1779=AXIS2_PLACEMENT_3D('',#2957,#1952,#1953);
#1780=AXIS2_PLACEMENT_3D('',#2958,#1954,#1955);
#1781=AXIS2_PLACEMENT_3D('',#3003,#1956,#1957);
#1782=AXIS2_PLACEMENT_3D('',#3004,#1958,#1959);
#1783=AXIS2_PLACEMENT_3D('',#3049,#1960,#1961);
#1784=AXIS2_PLACEMENT_3D('',#3050,#1962,#1963);
#1785=AXIS2_PLACEMENT_3D('',#3103,#1964,#1965);
#1786=AXIS2_PLACEMENT_3D('',#3104,#1966,#1967);
#1787=AXIS2_PLACEMENT_3D('',#3149,#1968,#1969);
#1788=AXIS2_PLACEMENT_3D('',#3150,#1970,#1971);
#1789=AXIS2_PLACEMENT_3D('',#3195,#1972,#1973);
#1790=AXIS2_PLACEMENT_3D('',#3196,#1974,#1975);
#1791=AXIS2_PLACEMENT_3D('',#3241,#1976,#1977);
#1792=AXIS2_PLACEMENT_3D('',#3242,#1978,#1979);
#1793=AXIS2_PLACEMENT_3D('',#3287,#1980,#1981);
#1794=AXIS2_PLACEMENT_3D('',#3288,#1982,#1983);
#1795=AXIS2_PLACEMENT_3D('',#3289,#1984,#1985);
#1796=AXIS2_PLACEMENT_3D('',#3298,#1990,#1991);
#1797=AXIS2_PLACEMENT_3D('',#3304,#1995,#1996);
#1798=AXIS2_PLACEMENT_3D('',#3310,#2000,#2001);
#1799=AXIS2_PLACEMENT_3D('',#3313,#2004,#2005);
#1800=AXIS2_PLACEMENT_3D('',#3319,#2009,#2010);
#1801=AXIS2_PLACEMENT_3D('',#3323,#2013,#2014);
#1802=AXIS2_PLACEMENT_3D('',#3328,#2016,#2017);
#1803=AXIS2_PLACEMENT_3D('',#3332,#2019,#2020);
#1804=AXIS2_PLACEMENT_3D('',#3336,#2022,#2023);
#1805=AXIS2_PLACEMENT_3D('',#3338,#2024,#2025);
#1806=AXIS2_PLACEMENT_3D('',#3343,#2028,#2029);
#1807=AXIS2_PLACEMENT_3D('',#3344,#2030,#2031);
#1808=AXIS2_PLACEMENT_3D('',#3394,#2056,#2057);
#1809=AXIS2_PLACEMENT_3D('',#3440,#2062,#2063);
#1810=AXIS2_PLACEMENT_3D('',#3441,#2064,#2065);
#1811=AXIS2_PLACEMENT_3D('',#3442,#2066,#2067);
#1812=AXIS2_PLACEMENT_3D('',#3445,#2068,#2069);
#1813=AXIS2_PLACEMENT_3D('',#3485,#2072,#2073);
#1814=AXIS2_PLACEMENT_3D('',#3486,#2074,#2075);
#1815=AXIS2_PLACEMENT_3D('',#3487,#2076,#2077);
#1816=AXIS2_PLACEMENT_3D('',#3490,#2078,#2079);
#1817=AXIS2_PLACEMENT_3D('',#3493,#2082,#2083);
#1818=AXIS2_PLACEMENT_3D('',#3554,#2087,#2088);
#1819=AXIS2_PLACEMENT_3D('',#3555,#2089,#2090);
#1820=AXIS2_PLACEMENT_3D('',#3556,#2091,#2092);
#1821=AXIS2_PLACEMENT_3D('',#3559,#2093,#2094);
#1822=AXIS2_PLACEMENT_3D('',#3599,#2097,#2098);
#1823=AXIS2_PLACEMENT_3D('',#3600,#2099,#2100);
#1824=AXIS2_PLACEMENT_3D('',#3601,#2101,#2102);
#1825=AXIS2_PLACEMENT_3D('',#3604,#2103,#2104);
#1826=AXIS2_PLACEMENT_3D('',#3607,#2107,#2108);
#1827=AXIS2_PLACEMENT_3D('',#3625,#2111,#2112);
#1828=AXIS2_PLACEMENT_3D('',#3640,#2115,#2116);
#1829=AXIS2_PLACEMENT_3D('',#3668,#2120,#2121);
#1830=AXIS2_PLACEMENT_3D('',#3670,#2123,#2124);
#1831=AXIS2_PLACEMENT_3D('',#3672,#2126,#2127);
#1832=AXIS2_PLACEMENT_3D('',#3673,#2128,#2129);
#1833=AXIS2_PLACEMENT_3D('',#3676,#2131,#2132);
#1834=AXIS2_PLACEMENT_3D('',#3677,#2133,#2134);
#1835=AXIS2_PLACEMENT_3D('',#3678,#2135,#2136);
#1836=AXIS2_PLACEMENT_3D('',#3679,#2137,#2138);
#1837=AXIS2_PLACEMENT_3D('',#3680,#2139,#2140);
#1838=AXIS2_PLACEMENT_3D('',#3681,#2141,#2142);
#1839=AXIS2_PLACEMENT_3D('',#3682,#2143,#2144);
#1840=AXIS2_PLACEMENT_3D('',#3685,#2146,#2147);
#1841=AXIS2_PLACEMENT_3D('',#3686,#2148,#2149);
#1842=AXIS2_PLACEMENT_3D('',#3689,#2151,#2152);
#1843=AXIS2_PLACEMENT_3D('',#3690,#2153,#2154);
#1844=AXIS2_PLACEMENT_3D('',#3696,#2158,#2159);
#1845=AXIS2_PLACEMENT_3D('',#3700,#2162,#2163);
#1846=AXIS2_PLACEMENT_3D('',#3704,#2166,#2167);
#1847=AXIS2_PLACEMENT_3D('',#3706,#2169,#2170);
#1848=AXIS2_PLACEMENT_3D('',#3709,#2172,#2173);
#1849=AXIS2_PLACEMENT_3D('',#3710,#2174,#2175);
#1850=AXIS2_PLACEMENT_3D('',#3713,#2177,#2178);
#1851=AXIS2_PLACEMENT_3D('',#3714,#2179,#2180);
#1852=AXIS2_PLACEMENT_3D('',#3718,#2183,#2184);
#1853=AXIS2_PLACEMENT_3D('',#3720,#2186,#2187);
#1854=AXIS2_PLACEMENT_3D('',#3726,#2191,#2192);
#1855=AXIS2_PLACEMENT_3D('',#3730,#2195,#2196);
#1856=AXIS2_PLACEMENT_3D('',#3734,#2199,#2200);
#1857=AXIS2_PLACEMENT_3D('',#3736,#2202,#2203);
#1858=AXIS2_PLACEMENT_3D('',#3742,#2207,#2208);
#1859=AXIS2_PLACEMENT_3D('',#3746,#2211,#2212);
#1860=AXIS2_PLACEMENT_3D('',#3750,#2215,#2216);
#1861=AXIS2_PLACEMENT_3D('',#3752,#2218,#2219);
#1862=AXIS2_PLACEMENT_3D('',#3758,#2223,#2224);
#1863=AXIS2_PLACEMENT_3D('',#3762,#2227,#2228);
#1864=AXIS2_PLACEMENT_3D('',#3766,#2231,#2232);
#1865=AXIS2_PLACEMENT_3D('',#3768,#2234,#2235);
#1866=AXIS2_PLACEMENT_3D('',#3774,#2239,#2240);
#1867=AXIS2_PLACEMENT_3D('',#3778,#2243,#2244);
#1868=AXIS2_PLACEMENT_3D('',#3782,#2247,#2248);
#1869=AXIS2_PLACEMENT_3D('',#3784,#2250,#2251);
#1870=AXIS2_PLACEMENT_3D('',#3790,#2255,#2256);
#1871=AXIS2_PLACEMENT_3D('',#3794,#2259,#2260);
#1872=AXIS2_PLACEMENT_3D('',#3798,#2263,#2264);
#1873=AXIS2_PLACEMENT_3D('',#3800,#2266,#2267);
#1874=AXIS2_PLACEMENT_3D('',#3806,#2271,#2272);
#1875=AXIS2_PLACEMENT_3D('',#3810,#2275,#2276);
#1876=AXIS2_PLACEMENT_3D('',#3814,#2279,#2280);
#1877=AXIS2_PLACEMENT_3D('',#3816,#2282,#2283);
#1878=AXIS2_PLACEMENT_3D('',#3818,#2285,#2286);
#1879=AXIS2_PLACEMENT_3D('',#3820,#2288,#2289);
#1880=AXIS2_PLACEMENT_3D('',#3850,#2290,#2291);
#1881=AXIS2_PLACEMENT_3D('',#3852,#2292,#2293);
#1882=AXIS2_PLACEMENT_3D('',#3853,#2294,#2295);
#1883=AXIS2_PLACEMENT_3D('',#3854,#2296,#2297);
#1884=AXIS2_PLACEMENT_3D('',#3855,#2298,#2299);
#1885=AXIS2_PLACEMENT_3D('',#3856,#2300,#2301);
#1886=AXIS2_PLACEMENT_3D('',#3870,#2302,#2303);
#1887=AXIS2_PLACEMENT_3D('',#3871,#2304,#2305);
#1888=AXIS2_PLACEMENT_3D('',#3872,#2306,#2307);
#1889=AXIS2_PLACEMENT_3D('',#3873,#2308,#2309);
#1890=AXIS2_PLACEMENT_3D('',#3875,#2310,#2311);
#1891=AXIS2_PLACEMENT_3D('',#3877,#2312,#2313);
#1892=AXIS2_PLACEMENT_3D('',#3878,#2314,#2315);
#1893=AXIS2_PLACEMENT_3D('',#3879,#2316,#2317);
#1894=AXIS2_PLACEMENT_3D('',#3880,#2318,#2319);
#1895=AXIS2_PLACEMENT_3D('',#3882,#2320,#2321);
#1896=AXIS2_PLACEMENT_3D('',#3884,#2323,#2324);
#1897=AXIS2_PLACEMENT_3D('',#3885,#2325,#2326);
#1898=AXIS2_PLACEMENT_3D('',#3887,#2327,#2328);
#1899=AXIS2_PLACEMENT_3D('',#3890,#2330,#2331);
#1900=AXIS2_PLACEMENT_3D('',#3891,#2332,#2333);
#1901=AXIS2_PLACEMENT_3D('',#3892,#2334,#2335);
#1902=DIRECTION('axis',(0.,0.,1.));
#1903=DIRECTION('refdir',(1.,0.,0.));
#1904=DIRECTION('center_axis',(1.,0.,0.));
#1905=DIRECTION('ref_axis',(0.,-0.70710678118655,0.707106781186545));
#1906=DIRECTION('center_axis',(0.,0.,-1.));
#1907=DIRECTION('ref_axis',(0.,-1.,0.));
#1908=DIRECTION('center_axis',(0.,1.,0.));
#1909=DIRECTION('ref_axis',(-1.,0.,0.));
#1910=DIRECTION('center_axis',(1.,0.,0.));
#1911=DIRECTION('ref_axis',(0.,-0.70710678118655,0.707106781186545));
#1912=DIRECTION('center_axis',(0.,0.,-1.));
#1913=DIRECTION('ref_axis',(-0.707106781186547,-0.707106781186547,0.));
#1914=DIRECTION('center_axis',(0.,1.,0.));
#1915=DIRECTION('ref_axis',(-1.,0.,0.));
#1916=DIRECTION('center_axis',(1.,0.,0.));
#1917=DIRECTION('ref_axis',(0.,0.,1.));
#1918=DIRECTION('center_axis',(0.,0.,-1.));
#1919=DIRECTION('ref_axis',(-0.707106781186547,-0.707106781186547,0.));
#1920=DIRECTION('center_axis',(0.,1.,0.));
#1921=DIRECTION('ref_axis',(-0.70710678118655,0.,0.707106781186545));
#1922=DIRECTION('center_axis',(1.,0.,0.));
#1923=DIRECTION('ref_axis',(0.,0.,1.));
#1924=DIRECTION('center_axis',(0.,-1.,0.));
#1925=DIRECTION('ref_axis',(-0.707106781186549,0.,0.707106781186546));
#1926=DIRECTION('center_axis',(0.,0.,-1.));
#1927=DIRECTION('ref_axis',(-1.,0.,0.));
#1928=DIRECTION('center_axis',(1.,0.,0.));
#1929=DIRECTION('ref_axis',(0.,1.,0.));
#1930=DIRECTION('center_axis',(0.,-1.,0.));
#1931=DIRECTION('ref_axis',(-0.707106781186549,0.,0.707106781186546));
#1932=DIRECTION('center_axis',(0.,0.,-1.));
#1933=DIRECTION('ref_axis',(-0.707106781186547,0.707106781186547,0.));
#1934=DIRECTION('center_axis',(1.,0.,0.));
#1935=DIRECTION('ref_axis',(0.,1.,0.));
#1936=DIRECTION('center_axis',(0.,-1.,0.));
#1937=DIRECTION('ref_axis',(0.,0.,1.));
#1938=DIRECTION('center_axis',(0.,0.,-1.));
#1939=DIRECTION('ref_axis',(-0.707106781186547,0.707106781186547,0.));
#1940=DIRECTION('center_axis',(1.,0.,0.));
#1941=DIRECTION('ref_axis',(0.,0.707106781186544,0.707106781186551));
#1942=DIRECTION('center_axis',(0.,-1.,0.));
#1943=DIRECTION('ref_axis',(0.,0.,1.));
#1944=DIRECTION('center_axis',(-1.,0.,0.));
#1945=DIRECTION('ref_axis',(0.,-0.707106781186551,0.707106781186544));
#1946=DIRECTION('center_axis',(0.,1.,0.));
#1947=DIRECTION('ref_axis',(0.,0.,1.));
#1948=DIRECTION('center_axis',(0.,0.,-1.));
#1949=DIRECTION('ref_axis',(1.,0.,0.));
#1950=DIRECTION('center_axis',(-1.,0.,0.));
#1951=DIRECTION('ref_axis',(0.,-0.707106781186551,0.707106781186544));
#1952=DIRECTION('center_axis',(0.,1.,0.));
#1953=DIRECTION('ref_axis',(0.70710678118654,0.,0.707106781186555));
#1954=DIRECTION('center_axis',(0.,0.,-1.));
#1955=DIRECTION('ref_axis',(1.,0.,0.));
#1956=DIRECTION('center_axis',(-1.,0.,0.));
#1957=DIRECTION('ref_axis',(0.,-1.,0.));
#1958=DIRECTION('center_axis',(0.,1.,0.));
#1959=DIRECTION('ref_axis',(0.70710678118654,0.,0.707106781186555));
#1960=DIRECTION('center_axis',(0.,0.,-1.));
#1961=DIRECTION('ref_axis',(0.707106781186537,-0.707106781186558,0.));
#1962=DIRECTION('center_axis',(-1.,0.,0.));
#1963=DIRECTION('ref_axis',(0.,-1.,0.));
#1964=DIRECTION('center_axis',(-1.,0.,0.));
#1965=DIRECTION('ref_axis',(0.,0.707106781186548,0.707106781186547));
#1966=DIRECTION('center_axis',(0.,0.,-1.));
#1967=DIRECTION('ref_axis',(0.,1.,0.));
#1968=DIRECTION('center_axis',(0.,-1.,0.));
#1969=DIRECTION('ref_axis',(1.,0.,0.));
#1970=DIRECTION('center_axis',(-1.,0.,0.));
#1971=DIRECTION('ref_axis',(0.,0.707106781186548,0.707106781186547));
#1972=DIRECTION('center_axis',(0.,0.,-1.));
#1973=DIRECTION('ref_axis',(0.707106781186548,0.707106781186548,0.));
#1974=DIRECTION('center_axis',(0.,-1.,0.));
#1975=DIRECTION('ref_axis',(1.,0.,0.));
#1976=DIRECTION('center_axis',(-1.,0.,0.));
#1977=DIRECTION('ref_axis',(0.,0.,1.));
#1978=DIRECTION('center_axis',(0.,0.,-1.));
#1979=DIRECTION('ref_axis',(0.707106781186548,0.707106781186548,0.));
#1980=DIRECTION('center_axis',(0.,-1.,0.));
#1981=DIRECTION('ref_axis',(0.707106781186549,0.,0.707106781186547));
#1982=DIRECTION('center_axis',(-1.,0.,0.));
#1983=DIRECTION('ref_axis',(0.,0.,1.));
#1984=DIRECTION('center_axis',(0.,0.707106781186547,0.707106781186548));
#1985=DIRECTION('ref_axis',(1.,0.,0.));
#1986=DIRECTION('',(1.,0.,0.));
#1987=DIRECTION('',(-0.577350269189626,0.577350269189626,-0.577350269189625));
#1988=DIRECTION('',(-1.,0.,0.));
#1989=DIRECTION('',(0.577350269189626,0.577350269189626,-0.577350269189626));
#1990=DIRECTION('center_axis',(-0.707106781186547,0.,0.707106781186548));
#1991=DIRECTION('ref_axis',(0.707106781186548,0.,0.707106781186547));
#1992=DIRECTION('',(0.,1.,0.));
#1993=DIRECTION('',(-0.577350269189626,-0.577350269189626,-0.577350269189625));
#1994=DIRECTION('',(0.,-1.,0.));
#1995=DIRECTION('center_axis',(0.707106781186548,0.,0.707106781186547));
#1996=DIRECTION('ref_axis',(0.707106781186547,0.,-0.707106781186548));
#1997=DIRECTION('',(0.,1.,0.));
#1998=DIRECTION('',(-0.577350269189626,0.577350269189626,0.577350269189626));
#1999=DIRECTION('',(0.,-1.,0.));
#2000=DIRECTION('center_axis',(0.,-0.707106781186547,0.707106781186548));
#2001=DIRECTION('ref_axis',(1.,0.,0.));
#2002=DIRECTION('',(-1.,0.,0.));
#2003=DIRECTION('',(1.,0.,0.));
#2004=DIRECTION('center_axis',(-1.,0.,0.));
#2005=DIRECTION('ref_axis',(0.,1.,0.));
#2006=DIRECTION('',(0.,0.,-1.));
#2007=DIRECTION('',(0.,-1.,0.));
#2008=DIRECTION('',(0.,0.,-1.));
#2009=DIRECTION('center_axis',(0.,-1.,0.));
#2010=DIRECTION('ref_axis',(-1.,0.,0.));
#2011=DIRECTION('',(0.,0.,-1.));
#2012=DIRECTION('',(1.,0.,0.));
#2013=DIRECTION('center_axis',(0.,0.,1.));
#2014=DIRECTION('ref_axis',(1.,0.,0.));
#2015=DIRECTION('',(-1.,0.,0.));
#2016=DIRECTION('center_axis',(0.,0.,-1.));
#2017=DIRECTION('ref_axis',(-1.,0.,0.));
#2018=DIRECTION('',(0.,-1.,0.));
#2019=DIRECTION('center_axis',(0.,0.,-1.));
#2020=DIRECTION('ref_axis',(-1.,0.,0.));
#2021=DIRECTION('',(1.,0.,0.));
#2022=DIRECTION('center_axis',(0.,0.,-1.));
#2023=DIRECTION('ref_axis',(-1.,0.,0.));
#2024=DIRECTION('center_axis',(0.,0.,-1.));
#2025=DIRECTION('ref_axis',(-1.,0.,0.));
#2026=DIRECTION('',(0.,1.,0.));
#2027=DIRECTION('',(-1.,0.,0.));
#2028=DIRECTION('center_axis',(0.,0.,-1.));
#2029=DIRECTION('ref_axis',(-1.,0.,0.));
#2030=DIRECTION('center_axis',(0.,0.,-1.));
#2031=DIRECTION('ref_axis',(-1.,0.,0.));
#2032=DIRECTION('',(0.,-1.,0.));
#2033=DIRECTION('',(-1.,0.,0.));
#2034=DIRECTION('',(0.,1.,0.));
#2035=DIRECTION('',(1.,0.,0.));
#2036=DIRECTION('',(0.,-1.,0.));
#2037=DIRECTION('',(-1.,0.,0.));
#2038=DIRECTION('',(0.,1.,0.));
#2039=DIRECTION('',(1.,0.,0.));
#2040=DIRECTION('',(0.,-1.,0.));
#2041=DIRECTION('',(-1.,0.,0.));
#2042=DIRECTION('',(0.,1.,0.));
#2043=DIRECTION('',(1.,0.,0.));
#2044=DIRECTION('',(0.,-1.,0.));
#2045=DIRECTION('',(-1.,0.,0.));
#2046=DIRECTION('',(0.,1.,0.));
#2047=DIRECTION('',(1.,0.,0.));
#2048=DIRECTION('',(0.,-1.,0.));
#2049=DIRECTION('',(-1.,0.,0.));
#2050=DIRECTION('',(0.,1.,0.));
#2051=DIRECTION('',(1.,0.,0.));
#2052=DIRECTION('',(0.,-1.,0.));
#2053=DIRECTION('',(-1.,0.,0.));
#2054=DIRECTION('',(0.,1.,0.));
#2055=DIRECTION('',(1.,0.,0.));
#2056=DIRECTION('center_axis',(0.,0.,-1.));
#2057=DIRECTION('ref_axis',(-1.,0.,0.));
#2058=DIRECTION('',(0.,-1.,0.));
#2059=DIRECTION('',(-1.,0.,0.));
#2060=DIRECTION('',(0.,1.,0.));
#2061=DIRECTION('',(1.,0.,0.));
#2062=DIRECTION('center_axis',(0.,0.,-1.));
#2063=DIRECTION('ref_axis',(0.,1.,0.));
#2064=DIRECTION('center_axis',(0.,-1.,0.));
#2065=DIRECTION('ref_axis',(0.707106781186549,0.,0.707106781186547));
#2066=DIRECTION('center_axis',(0.,0.,1.));
#2067=DIRECTION('ref_axis',(0.707106781186537,0.707106781186558,0.));
#2068=DIRECTION('center_axis',(0.,0.,1.));
#2069=DIRECTION('ref_axis',(0.707106781186537,0.707106781186558,0.));
#2070=DIRECTION('',(0.,0.,1.));
#2071=DIRECTION('',(0.,0.,-1.));
#2072=DIRECTION('center_axis',(0.,1.,0.));
#2073=DIRECTION('ref_axis',(0.,0.,1.));
#2074=DIRECTION('center_axis',(0.,0.,-1.));
#2075=DIRECTION('ref_axis',(0.707106781186537,-0.707106781186558,0.));
#2076=DIRECTION('center_axis',(0.,0.,1.));
#2077=DIRECTION('ref_axis',(0.707106781186547,-0.707106781186547,0.));
#2078=DIRECTION('center_axis',(0.,0.,1.));
#2079=DIRECTION('ref_axis',(0.707106781186547,-0.707106781186547,0.));
#2080=DIRECTION('',(0.,0.,1.));
#2081=DIRECTION('',(0.,0.,-1.));
#2082=DIRECTION('center_axis',(0.,1.,0.));
#2083=DIRECTION('ref_axis',(0.70710678118654,0.,0.707106781186555));
#2084=DIRECTION('',(0.,-1.,0.));
#2085=DIRECTION('',(0.,1.,0.));
#2086=DIRECTION('',(0.,-1.,0.));
#2087=DIRECTION('center_axis',(0.,0.,-1.));
#2088=DIRECTION('ref_axis',(-1.,0.,0.));
#2089=DIRECTION('center_axis',(1.,0.,0.));
#2090=DIRECTION('ref_axis',(0.,0.707106781186544,0.707106781186551));
#2091=DIRECTION('center_axis',(0.,0.,1.));
#2092=DIRECTION('ref_axis',(-0.707106781186537,0.707106781186558,0.));
#2093=DIRECTION('center_axis',(0.,0.,1.));
#2094=DIRECTION('ref_axis',(-0.707106781186537,0.707106781186558,0.));
#2095=DIRECTION('',(0.,0.,1.));
#2096=DIRECTION('',(0.,0.,-1.));
#2097=DIRECTION('center_axis',(0.,0.,-1.));
#2098=DIRECTION('ref_axis',(0.,-1.,0.));
#2099=DIRECTION('center_axis',(0.,1.,0.));
#2100=DIRECTION('ref_axis',(-0.70710678118655,0.,0.707106781186545));
#2101=DIRECTION('center_axis',(0.,0.,1.));
#2102=DIRECTION('ref_axis',(-0.707106781186537,-0.707106781186558,0.));
#2103=DIRECTION('center_axis',(0.,0.,1.));
#2104=DIRECTION('ref_axis',(-0.707106781186537,-0.707106781186558,0.));
#2105=DIRECTION('',(0.,0.,1.));
#2106=DIRECTION('',(0.,0.,-1.));
#2107=DIRECTION('center_axis',(1.,0.,0.));
#2108=DIRECTION('ref_axis',(0.,-0.707106781186551,0.707106781186544));
#2109=DIRECTION('',(1.,0.,0.));
#2110=DIRECTION('',(-1.,0.,0.));
#2111=DIRECTION('center_axis',(0.,-1.,0.));
#2112=DIRECTION('ref_axis',(-0.70710678118654,0.,0.707106781186555));
#2113=DIRECTION('',(0.,1.,0.));
#2114=DIRECTION('',(0.,-1.,0.));
#2115=DIRECTION('center_axis',(-1.,0.,0.));
#2116=DIRECTION('ref_axis',(0.,0.707106781186546,0.707106781186549));
#2117=DIRECTION('',(1.,0.,0.));
#2118=DIRECTION('',(-1.,0.,0.));
#2119=DIRECTION('',(1.,0.,0.));
#2120=DIRECTION('center_axis',(1.,0.,0.));
#2121=DIRECTION('ref_axis',(0.,1.,0.));
#2122=DIRECTION('',(0.,-1.,0.));
#2123=DIRECTION('center_axis',(0.,-1.,0.));
#2124=DIRECTION('ref_axis',(1.,0.,0.));
#2125=DIRECTION('',(-1.,0.,0.));
#2126=DIRECTION('center_axis',(0.,0.,-1.));
#2127=DIRECTION('ref_axis',(-1.,0.,0.));
#2128=DIRECTION('center_axis',(0.,0.,-1.));
#2129=DIRECTION('ref_axis',(-1.,0.,0.));
#2130=DIRECTION('',(0.,0.,-1.));
#2131=DIRECTION('center_axis',(0.,0.,1.));
#2132=DIRECTION('ref_axis',(-1.,0.,0.));
#2133=DIRECTION('center_axis',(0.,0.,1.));
#2134=DIRECTION('ref_axis',(1.,0.,0.));
#2135=DIRECTION('center_axis',(0.,0.,-1.));
#2136=DIRECTION('ref_axis',(-1.,0.,0.));
#2137=DIRECTION('center_axis',(0.,0.,1.));
#2138=DIRECTION('ref_axis',(1.,0.,0.));
#2139=DIRECTION('center_axis',(0.,0.,1.));
#2140=DIRECTION('ref_axis',(1.,0.,0.));
#2141=DIRECTION('center_axis',(0.,0.,-1.));
#2142=DIRECTION('ref_axis',(-1.,0.,0.));
#2143=DIRECTION('center_axis',(0.,0.,-1.));
#2144=DIRECTION('ref_axis',(-1.,0.,0.));
#2145=DIRECTION('',(0.,0.,-1.));
#2146=DIRECTION('center_axis',(0.,0.,1.));
#2147=DIRECTION('ref_axis',(-1.,0.,0.));
#2148=DIRECTION('center_axis',(0.,0.,-1.));
#2149=DIRECTION('ref_axis',(-1.,0.,0.));
#2150=DIRECTION('',(0.,0.,-1.));
#2151=DIRECTION('center_axis',(0.,0.,1.));
#2152=DIRECTION('ref_axis',(-1.,0.,0.));
#2153=DIRECTION('center_axis',(1.,0.,0.));
#2154=DIRECTION('ref_axis',(0.,-1.,0.));
#2155=DIRECTION('',(0.,0.,-1.));
#2156=DIRECTION('',(0.,1.,0.));
#2157=DIRECTION('',(0.,0.,-1.));
#2158=DIRECTION('center_axis',(0.,1.,0.));
#2159=DIRECTION('ref_axis',(1.,0.,0.));
#2160=DIRECTION('',(0.,0.,-1.));
#2161=DIRECTION('',(-1.,0.,0.));
#2162=DIRECTION('center_axis',(-1.,0.,0.));
#2163=DIRECTION('ref_axis',(0.,1.,0.));
#2164=DIRECTION('',(0.,0.,-1.));
#2165=DIRECTION('',(0.,-1.,0.));
#2166=DIRECTION('center_axis',(0.,-1.,0.));
#2167=DIRECTION('ref_axis',(-1.,0.,0.));
#2168=DIRECTION('',(1.,0.,0.));
#2169=DIRECTION('center_axis',(0.,0.,-1.));
#2170=DIRECTION('ref_axis',(-1.,0.,0.));
#2171=DIRECTION('',(0.,0.,-1.));
#2172=DIRECTION('center_axis',(0.,0.,1.));
#2173=DIRECTION('ref_axis',(-1.,0.,0.));
#2174=DIRECTION('center_axis',(0.,0.,-1.));
#2175=DIRECTION('ref_axis',(-1.,0.,0.));
#2176=DIRECTION('',(0.,0.,-1.));
#2177=DIRECTION('center_axis',(0.,0.,1.));
#2178=DIRECTION('ref_axis',(-1.,0.,0.));
#2179=DIRECTION('center_axis',(1.,0.,0.));
#2180=DIRECTION('ref_axis',(0.,-1.,0.));
#2181=DIRECTION('',(0.,0.,-1.));
#2182=DIRECTION('',(0.,1.,0.));
#2183=DIRECTION('center_axis',(0.,1.,0.));
#2184=DIRECTION('ref_axis',(1.,0.,0.));
#2185=DIRECTION('',(-1.,0.,0.));
#2186=DIRECTION('center_axis',(1.,0.,0.));
#2187=DIRECTION('ref_axis',(0.,-1.,0.));
#2188=DIRECTION('',(0.,0.,-1.));
#2189=DIRECTION('',(0.,1.,0.));
#2190=DIRECTION('',(0.,0.,-1.));
#2191=DIRECTION('center_axis',(0.,1.,0.));
#2192=DIRECTION('ref_axis',(1.,0.,0.));
#2193=DIRECTION('',(0.,0.,-1.));
#2194=DIRECTION('',(-1.,0.,0.));
#2195=DIRECTION('center_axis',(-1.,0.,0.));
#2196=DIRECTION('ref_axis',(0.,1.,0.));
#2197=DIRECTION('',(0.,0.,-1.));
#2198=DIRECTION('',(0.,-1.,0.));
#2199=DIRECTION('center_axis',(0.,-1.,0.));
#2200=DIRECTION('ref_axis',(-1.,0.,0.));
#2201=DIRECTION('',(1.,0.,0.));
#2202=DIRECTION('center_axis',(1.,0.,0.));
#2203=DIRECTION('ref_axis',(0.,-1.,0.));
#2204=DIRECTION('',(0.,0.,-1.));
#2205=DIRECTION('',(0.,1.,0.));
#2206=DIRECTION('',(0.,0.,-1.));
#2207=DIRECTION('center_axis',(0.,1.,0.));
#2208=DIRECTION('ref_axis',(1.,0.,0.));
#2209=DIRECTION('',(0.,0.,-1.));
#2210=DIRECTION('',(-1.,0.,0.));
#2211=DIRECTION('center_axis',(-1.,0.,0.));
#2212=DIRECTION('ref_axis',(0.,1.,0.));
#2213=DIRECTION('',(0.,0.,-1.));
#2214=DIRECTION('',(0.,-1.,0.));
#2215=DIRECTION('center_axis',(0.,-1.,0.));
#2216=DIRECTION('ref_axis',(-1.,0.,0.));
#2217=DIRECTION('',(1.,0.,0.));
#2218=DIRECTION('center_axis',(1.,0.,0.));
#2219=DIRECTION('ref_axis',(0.,-1.,0.));
#2220=DIRECTION('',(0.,0.,-1.));
#2221=DIRECTION('',(0.,1.,0.));
#2222=DIRECTION('',(0.,0.,-1.));
#2223=DIRECTION('center_axis',(0.,1.,0.));
#2224=DIRECTION('ref_axis',(1.,0.,0.));
#2225=DIRECTION('',(0.,0.,-1.));
#2226=DIRECTION('',(-1.,0.,0.));
#2227=DIRECTION('center_axis',(-1.,0.,0.));
#2228=DIRECTION('ref_axis',(0.,1.,0.));
#2229=DIRECTION('',(0.,0.,-1.));
#2230=DIRECTION('',(0.,-1.,0.));
#2231=DIRECTION('center_axis',(0.,-1.,0.));
#2232=DIRECTION('ref_axis',(-1.,0.,0.));
#2233=DIRECTION('',(1.,0.,0.));
#2234=DIRECTION('center_axis',(1.,0.,0.));
#2235=DIRECTION('ref_axis',(0.,-1.,0.));
#2236=DIRECTION('',(0.,0.,-1.));
#2237=DIRECTION('',(0.,1.,0.));
#2238=DIRECTION('',(0.,0.,-1.));
#2239=DIRECTION('center_axis',(0.,1.,0.));
#2240=DIRECTION('ref_axis',(1.,0.,0.));
#2241=DIRECTION('',(0.,0.,-1.));
#2242=DIRECTION('',(-1.,0.,0.));
#2243=DIRECTION('center_axis',(-1.,0.,0.));
#2244=DIRECTION('ref_axis',(0.,1.,0.));
#2245=DIRECTION('',(0.,0.,-1.));
#2246=DIRECTION('',(0.,-1.,0.));
#2247=DIRECTION('center_axis',(0.,-1.,0.));
#2248=DIRECTION('ref_axis',(-1.,0.,0.));
#2249=DIRECTION('',(1.,0.,0.));
#2250=DIRECTION('center_axis',(1.,0.,0.));
#2251=DIRECTION('ref_axis',(0.,-1.,0.));
#2252=DIRECTION('',(0.,0.,-1.));
#2253=DIRECTION('',(0.,1.,0.));
#2254=DIRECTION('',(0.,0.,-1.));
#2255=DIRECTION('center_axis',(0.,1.,0.));
#2256=DIRECTION('ref_axis',(1.,0.,0.));
#2257=DIRECTION('',(0.,0.,-1.));
#2258=DIRECTION('',(-1.,0.,0.));
#2259=DIRECTION('center_axis',(-1.,0.,0.));
#2260=DIRECTION('ref_axis',(0.,1.,0.));
#2261=DIRECTION('',(0.,0.,-1.));
#2262=DIRECTION('',(0.,-1.,0.));
#2263=DIRECTION('center_axis',(0.,-1.,0.));
#2264=DIRECTION('ref_axis',(-1.,0.,0.));
#2265=DIRECTION('',(1.,0.,0.));
#2266=DIRECTION('center_axis',(1.,0.,0.));
#2267=DIRECTION('ref_axis',(0.,-1.,0.));
#2268=DIRECTION('',(0.,0.,-1.));
#2269=DIRECTION('',(0.,1.,0.));
#2270=DIRECTION('',(0.,0.,-1.));
#2271=DIRECTION('center_axis',(0.,1.,0.));
#2272=DIRECTION('ref_axis',(1.,0.,0.));
#2273=DIRECTION('',(0.,0.,-1.));
#2274=DIRECTION('',(-1.,0.,0.));
#2275=DIRECTION('center_axis',(-1.,0.,0.));
#2276=DIRECTION('ref_axis',(0.,1.,0.));
#2277=DIRECTION('',(0.,0.,-1.));
#2278=DIRECTION('',(0.,-1.,0.));
#2279=DIRECTION('center_axis',(0.,-1.,0.));
#2280=DIRECTION('ref_axis',(-1.,0.,0.));
#2281=DIRECTION('',(1.,0.,0.));
#2282=DIRECTION('center_axis',(-1.,0.,0.));
#2283=DIRECTION('ref_axis',(0.,-1.,0.));
#2284=DIRECTION('',(0.,1.,0.));
#2285=DIRECTION('center_axis',(0.,1.,0.));
#2286=DIRECTION('ref_axis',(-1.,0.,0.));
#2287=DIRECTION('',(1.,0.,0.));
#2288=DIRECTION('center_axis',(0.,0.,1.));
#2289=DIRECTION('ref_axis',(1.,0.,0.));
#2290=DIRECTION('center_axis',(-6.12323399573677E-17,0.,1.));
#2291=DIRECTION('ref_axis',(-1.,0.,0.));
#2292=DIRECTION('center_axis',(0.,-1.,0.));
#2293=DIRECTION('ref_axis',(-1.,0.,0.));
#2294=DIRECTION('center_axis',(0.,0.,-1.));
#2295=DIRECTION('ref_axis',(-1.,0.,0.));
#2296=DIRECTION('center_axis',(-6.12323399573677E-17,0.,1.));
#2297=DIRECTION('ref_axis',(-1.,0.,0.));
#2298=DIRECTION('center_axis',(0.,0.,1.));
#2299=DIRECTION('ref_axis',(-1.,0.,0.));
#2300=DIRECTION('center_axis',(1.22464679914735E-16,0.,-1.));
#2301=DIRECTION('ref_axis',(-1.,0.,0.));
#2302=DIRECTION('center_axis',(-1.22464679914735E-16,0.,1.));
#2303=DIRECTION('ref_axis',(-1.,0.,-1.22464679914735E-16));
#2304=DIRECTION('center_axis',(0.,-1.,0.));
#2305=DIRECTION('ref_axis',(1.,0.,1.79015983074039E-16));
#2306=DIRECTION('center_axis',(-1.22464679914735E-16,0.,1.));
#2307=DIRECTION('ref_axis',(-1.,0.,-1.22464679914735E-16));
#2308=DIRECTION('center_axis',(1.22464679914735E-16,0.,-1.));
#2309=DIRECTION('ref_axis',(-1.,0.,-1.26882631385732E-16));
#2310=DIRECTION('center_axis',(-1.22464679914735E-16,0.,1.));
#2311=DIRECTION('ref_axis',(-1.,0.,-1.22464679914735E-16));
#2312=DIRECTION('center_axis',(-1.58603289232165E-16,-1.,-1.94233010492413E-32));
#2313=DIRECTION('ref_axis',(1.,-1.58603289232165E-16,1.58603289232165E-16));
#2314=DIRECTION('center_axis',(1.22464679914735E-16,0.,-1.));
#2315=DIRECTION('ref_axis',(-1.,0.,-1.22464679914735E-16));
#2316=DIRECTION('center_axis',(1.22464679914735E-16,0.,-1.));
#2317=DIRECTION('ref_axis',(-1.,0.,-1.22464679914735E-16));
#2318=DIRECTION('center_axis',(1.22464679914735E-16,0.,-1.));
#2319=DIRECTION('ref_axis',(-1.,0.,-1.22464679914735E-16));
#2320=DIRECTION('center_axis',(1.22464679914735E-16,0.,-1.));
#2321=DIRECTION('ref_axis',(-1.,0.,-1.22464679914735E-16));
#2322=DIRECTION('',(-1.22464679914735E-16,0.,1.));
#2323=DIRECTION('center_axis',(1.22464679914735E-16,0.,-1.));
#2324=DIRECTION('ref_axis',(-1.,0.,-1.22464679914735E-16));
#2325=DIRECTION('center_axis',(-1.22464679914735E-16,0.,1.));
#2326=DIRECTION('ref_axis',(1.,0.,1.22464679914735E-16));
#2327=DIRECTION('center_axis',(-1.22464679914735E-16,0.,1.));
#2328=DIRECTION('ref_axis',(1.,0.,1.22464679914735E-16));
#2329=DIRECTION('',(-1.22464679914735E-16,0.,1.));
#2330=DIRECTION('center_axis',(-1.22464679914735E-16,0.,1.));
#2331=DIRECTION('ref_axis',(1.,0.,1.22464679914735E-16));
#2332=DIRECTION('center_axis',(1.22464679914735E-16,0.,-1.));
#2333=DIRECTION('ref_axis',(1.,0.,1.22464679914735E-16));
#2334=DIRECTION('center_axis',(1.22464679914735E-16,0.,-1.));
#2335=DIRECTION('ref_axis',(-1.,0.,-1.22464679914735E-16));
#2336=CARTESIAN_POINT('',(0.,0.,0.));
#2337=CARTESIAN_POINT('Ctrl Pts',(-50.607994991758,-41.8089745066844,2.67069518903667));
#2338=CARTESIAN_POINT('Ctrl Pts',(-50.6364156631412,-41.8373951780675,2.6138538462703));
#2339=CARTESIAN_POINT('Ctrl Pts',(-50.683581721381,-41.8845612363073,2.49090656954232));
#2340=CARTESIAN_POINT('Ctrl Pts',(-50.7475550640765,-41.9485345790029,2.16773839033138));
#2341=CARTESIAN_POINT('Ctrl Pts',(-50.7615638714333,-41.9625433863596,1.91655637744803));
#2342=CARTESIAN_POINT('Ctrl Pts',(-50.7615638714333,-41.9625433863596,1.80009060684134));
#2343=CARTESIAN_POINT('Ctrl Pts',(-50.6648363345244,-41.7805538353012,2.64227451765348));
#2344=CARTESIAN_POINT('Ctrl Pts',(-50.6874361397505,-41.8086226721566,2.58592801348186));
#2345=CARTESIAN_POINT('Ctrl Pts',(-50.726417924303,-41.8559468266926,2.46303839411081));
#2346=CARTESIAN_POINT('Ctrl Pts',(-50.7841959165636,-41.9165993651717,2.14339696586642));
#2347=CARTESIAN_POINT('Ctrl Pts',(-50.7965310056688,-41.9275762521241,1.91008605685877));
#2348=CARTESIAN_POINT('Ctrl Pts',(-50.7985878959179,-41.925519361875,1.80009060684134));
#2349=CARTESIAN_POINT('Ctrl Pts',(-50.7617055863989,-41.7178117722226,2.57953245457495));
#2350=CARTESIAN_POINT('Ctrl Pts',(-50.7765939068765,-41.7456096763433,2.52319946992738));
#2351=CARTESIAN_POINT('Ctrl Pts',(-50.8051187226577,-41.7920792347722,2.3972087913261));
#2352=CARTESIAN_POINT('Ctrl Pts',(-50.8520837590824,-41.8417903047164,2.0863745199149));
#2353=CARTESIAN_POINT('Ctrl Pts',(-50.8592172482998,-41.8475622920491,1.89599040419459));
#2354=CARTESIAN_POINT('Ctrl Pts',(-50.8628842137224,-41.8417265195835,1.80009060684134));
#2355=CARTESIAN_POINT('Ctrl Pts',(-50.8962008875352,-41.5529487392849,2.41466942163725));
#2356=CARTESIAN_POINT('Ctrl Pts',(-50.9018365316697,-41.5835881268469,2.35875717404684));
#2357=CARTESIAN_POINT('Ctrl Pts',(-50.9144154257827,-41.6343775094011,2.23144478755152));
#2358=CARTESIAN_POINT('Ctrl Pts',(-50.9224693429653,-41.6932239614769,2.00868823714004));
#2359=CARTESIAN_POINT('Ctrl Pts',(-50.9219800998798,-41.7020734949321,1.87328010215281));
#2360=CARTESIAN_POINT('Ctrl Pts',(-50.923513678047,-41.6953540445316,1.80009060684134));
#2361=CARTESIAN_POINT('Ctrl Pts',(-50.9372998027214,-41.4208080810847,2.28252876343703));
#2362=CARTESIAN_POINT('Ctrl Pts',(-50.9372998027214,-41.4576167036283,2.23924923460501));
#2363=CARTESIAN_POINT('Ctrl Pts',(-50.9372998027214,-41.5219141451069,2.14353038594363));
#2364=CARTESIAN_POINT('Ctrl Pts',(-50.9372998027214,-41.5835543615667,1.97646613603214));
#2365=CARTESIAN_POINT('Ctrl Pts',(-50.9372998027214,-41.5935480772942,1.85923961553423));
#2366=CARTESIAN_POINT('Ctrl Pts',(-50.9372998027214,-41.5906391952075,1.80009060684134));
#2367=CARTESIAN_POINT('Ctrl Pts',(-50.9372998027214,-41.362569924489,2.22429060684133));
#2368=CARTESIAN_POINT('Ctrl Pts',(-50.9372998027214,-41.3995883579238,2.18727217340653));
#2369=CARTESIAN_POINT('Ctrl Pts',(-50.9372998027214,-41.4638749662511,2.10349198478965));
#2370=CARTESIAN_POINT('Ctrl Pts',(-50.9372998027214,-41.5244952748353,1.95714161365045));
#2371=CARTESIAN_POINT('Ctrl Pts',(-50.9372998027214,-41.5382793176477,1.85244257746264));
#2372=CARTESIAN_POINT('Ctrl Pts',(-50.9372998027214,-41.5382793176477,1.80009060684134));
#2373=CARTESIAN_POINT('',(-50.607994991758,-41.8089745066844,2.67069518903667));
#2374=CARTESIAN_POINT('',(-50.7615638714333,-41.9625433863596,1.80009060684134));
#2375=CARTESIAN_POINT('Ctrl Pts',(-50.607994991758,-41.8089745066844,2.67069518903667));
#2376=CARTESIAN_POINT('Ctrl Pts',(-50.6364156631412,-41.8373951780675,2.6138538462703));
#2377=CARTESIAN_POINT('Ctrl Pts',(-50.683581721381,-41.8845612363073,2.49090656954232));
#2378=CARTESIAN_POINT('Ctrl Pts',(-50.7475550640765,-41.9485345790029,2.16773839033138));
#2379=CARTESIAN_POINT('Ctrl Pts',(-50.7615638714333,-41.9625433863596,1.91655637744803));
#2380=CARTESIAN_POINT('Ctrl Pts',(-50.7615638714333,-41.9625433863596,1.80009060684134));
#2381=CARTESIAN_POINT('',(-50.9372998027214,-41.362569924489,2.22429060684133));
#2382=CARTESIAN_POINT('Ctrl Pts',(-50.607994991758,-41.8089745066844,2.67069518903667));
#2383=CARTESIAN_POINT('Ctrl Pts',(-50.6648363345244,-41.7805538353012,2.64227451765348));
#2384=CARTESIAN_POINT('Ctrl Pts',(-50.7617055863989,-41.7178117722226,2.57953245457495));
#2385=CARTESIAN_POINT('Ctrl Pts',(-50.8962008875352,-41.5529487392849,2.41466942163725));
#2386=CARTESIAN_POINT('Ctrl Pts',(-50.9372998027214,-41.4208080810847,2.28252876343703));
#2387=CARTESIAN_POINT('Ctrl Pts',(-50.9372998027214,-41.362569924489,2.22429060684133));
#2388=CARTESIAN_POINT('',(-50.9372998027214,-41.5382793176477,1.80009060684134));
#2389=CARTESIAN_POINT('Origin',(-50.9372998027214,-40.938369924489,1.80009060684134));
#2390=CARTESIAN_POINT('Origin',(-50.3372998027214,-41.5382793176477,1.80009060684134));
#2391=CARTESIAN_POINT('Ctrl Pts',(-50.607994991758,-41.8089745066844,2.67069518903667));
#2392=CARTESIAN_POINT('Ctrl Pts',(-50.6648363345244,-41.7805538353012,2.64227451765348));
#2393=CARTESIAN_POINT('Ctrl Pts',(-50.7617055863989,-41.7178117722226,2.57953245457495));
#2394=CARTESIAN_POINT('Ctrl Pts',(-50.8962008875352,-41.5529487392849,2.41466942163725));
#2395=CARTESIAN_POINT('Ctrl Pts',(-50.9372998027214,-41.4208080810847,2.28252876343703));
#2396=CARTESIAN_POINT('Ctrl Pts',(-50.9372998027214,-41.362569924489,2.22429060684133));
#2397=CARTESIAN_POINT('Ctrl Pts',(-50.6364156631412,-41.752133163918,2.69911586041985));
#2398=CARTESIAN_POINT('Ctrl Pts',(-50.6874361397505,-41.7242073311295,2.67034335450888));
#2399=CARTESIAN_POINT('Ctrl Pts',(-50.7765939068765,-41.6614787875751,2.60733035869565));
#2400=CARTESIAN_POINT('Ctrl Pts',(-50.9018365316697,-41.4970364916945,2.4453088091992));
#2401=CARTESIAN_POINT('Ctrl Pts',(-50.9372998027214,-41.3775285522527,2.31933738598065));
#2402=CARTESIAN_POINT('Ctrl Pts',(-50.9372998027214,-41.3255514910542,2.26130904027613));
#2403=CARTESIAN_POINT('Ctrl Pts',(-50.683581721381,-41.62918588719,2.74628191865962));
#2404=CARTESIAN_POINT('Ctrl Pts',(-50.726417924303,-41.6013177117585,2.71766750904493));
#2405=CARTESIAN_POINT('Ctrl Pts',(-50.8051187226577,-41.5354881089738,2.65379991712451));
#2406=CARTESIAN_POINT('Ctrl Pts',(-50.9144154257827,-41.3697241051992,2.4960981917534));
#2407=CARTESIAN_POINT('Ctrl Pts',(-50.9372998027214,-41.2818097035913,2.38363482745924));
#2408=CARTESIAN_POINT('Ctrl Pts',(-50.9372998027214,-41.2417713024373,2.32559564860344));
#2409=CARTESIAN_POINT('Ctrl Pts',(-50.7475550640765,-41.3060177079791,2.81025526135517));
#2410=CARTESIAN_POINT('Ctrl Pts',(-50.7841959165636,-41.2816762835141,2.77832004752405));
#2411=CARTESIAN_POINT('Ctrl Pts',(-50.8520837590825,-41.2246538375626,2.70351098706869));
#2412=CARTESIAN_POINT('Ctrl Pts',(-50.9224693429653,-41.1469675547877,2.55494464382921));
#2413=CARTESIAN_POINT('Ctrl Pts',(-50.9372998027213,-41.1147454536798,2.44527504391902));
#2414=CARTESIAN_POINT('Ctrl Pts',(-50.9372998027213,-41.0954209312981,2.38621595718763));
#2415=CARTESIAN_POINT('Ctrl Pts',(-50.7615638714333,-41.0548356950957,2.82426406871193));
#2416=CARTESIAN_POINT('Ctrl Pts',(-50.7965310056688,-41.0483653745064,2.78929693447642));
#2417=CARTESIAN_POINT('Ctrl Pts',(-50.8592172482998,-41.0342697218423,2.70928297440138));
#2418=CARTESIAN_POINT('Ctrl Pts',(-50.9219800998797,-41.0115594198005,2.56379417728444));
#2419=CARTESIAN_POINT('Ctrl Pts',(-50.9372998027214,-40.9975189331819,2.45526875964649));
#2420=CARTESIAN_POINT('Ctrl Pts',(-50.9372998027214,-40.9907218951103,2.4));
#2421=CARTESIAN_POINT('Ctrl Pts',(-50.7615638714333,-40.938369924489,2.82426406871193));
#2422=CARTESIAN_POINT('Ctrl Pts',(-50.7985878959179,-40.938369924489,2.78724004422727));
#2423=CARTESIAN_POINT('Ctrl Pts',(-50.8628842137224,-40.938369924489,2.70344720193578));
#2424=CARTESIAN_POINT('Ctrl Pts',(-50.923513678047,-40.938369924489,2.55707472688387));
#2425=CARTESIAN_POINT('Ctrl Pts',(-50.9372998027214,-40.938369924489,2.45235987755983));
#2426=CARTESIAN_POINT('Ctrl Pts',(-50.9372998027214,-40.938369924489,2.4));
#2427=CARTESIAN_POINT('',(-50.7615638714333,-40.938369924489,2.82426406871193));
#2428=CARTESIAN_POINT('Ctrl Pts',(-50.607994991758,-41.8089745066844,2.67069518903667));
#2429=CARTESIAN_POINT('Ctrl Pts',(-50.6364156631412,-41.752133163918,2.69911586041985));
#2430=CARTESIAN_POINT('Ctrl Pts',(-50.683581721381,-41.62918588719,2.74628191865962));
#2431=CARTESIAN_POINT('Ctrl Pts',(-50.7475550640765,-41.3060177079791,2.81025526135517));
#2432=CARTESIAN_POINT('Ctrl Pts',(-50.7615638714333,-41.0548356950957,2.82426406871193));
#2433=CARTESIAN_POINT('Ctrl Pts',(-50.7615638714333,-40.938369924489,2.82426406871193));
#2434=CARTESIAN_POINT('',(-50.9372998027214,-40.938369924489,2.4));
#2435=CARTESIAN_POINT('Origin',(-50.3372998027214,-40.938369924489,2.4));
#2436=CARTESIAN_POINT('Origin',(-50.9372998027214,-40.938369924489,1.80009060684134));
#2437=CARTESIAN_POINT('Ctrl Pts',(-50.607994991758,-41.8089745066844,2.67069518903667));
#2438=CARTESIAN_POINT('Ctrl Pts',(-50.6364156631412,-41.752133163918,2.69911586041985));
#2439=CARTESIAN_POINT('Ctrl Pts',(-50.683581721381,-41.62918588719,2.74628191865962));
#2440=CARTESIAN_POINT('Ctrl Pts',(-50.7475550640765,-41.3060177079791,2.81025526135517));
#2441=CARTESIAN_POINT('Ctrl Pts',(-50.7615638714333,-41.0548356950957,2.82426406871193));
#2442=CARTESIAN_POINT('Ctrl Pts',(-50.7615638714333,-40.938369924489,2.82426406871193));
#2443=CARTESIAN_POINT('Ctrl Pts',(-50.5795743203748,-41.7805538353012,2.72753653180304));
#2444=CARTESIAN_POINT('Ctrl Pts',(-50.6076431572302,-41.7242073311295,2.75013633702915));
#2445=CARTESIAN_POINT('Ctrl Pts',(-50.6549673117663,-41.6013177117585,2.78911812158165));
#2446=CARTESIAN_POINT('Ctrl Pts',(-50.7156198502454,-41.2816762835141,2.84689611384229));
#2447=CARTESIAN_POINT('Ctrl Pts',(-50.7265967371978,-41.0483653745064,2.85923120294743));
#2448=CARTESIAN_POINT('Ctrl Pts',(-50.7245398469486,-40.938369924489,2.86128809319658));
#2449=CARTESIAN_POINT('Ctrl Pts',(-50.5168322572963,-41.7178117722226,2.82440578367754));
#2450=CARTESIAN_POINT('Ctrl Pts',(-50.544630161417,-41.6614787875751,2.83929410415507));
#2451=CARTESIAN_POINT('Ctrl Pts',(-50.5910997198459,-41.5354881089738,2.86781891993636));
#2452=CARTESIAN_POINT('Ctrl Pts',(-50.6408107897901,-41.2246538375626,2.91478395636111));
#2453=CARTESIAN_POINT('Ctrl Pts',(-50.6465827771227,-41.0342697218423,2.92191744557842));
#2454=CARTESIAN_POINT('Ctrl Pts',(-50.6407470046571,-40.938369924489,2.925584411001));
#2455=CARTESIAN_POINT('Ctrl Pts',(-50.3519692243586,-41.5529487392849,2.95890108481389));
#2456=CARTESIAN_POINT('Ctrl Pts',(-50.3826086119206,-41.4970364916945,2.96453672894837));
#2457=CARTESIAN_POINT('Ctrl Pts',(-50.4333979944747,-41.3697241051992,2.97711562306139));
#2458=CARTESIAN_POINT('Ctrl Pts',(-50.4922444465505,-41.1469675547877,2.98516954024397));
#2459=CARTESIAN_POINT('Ctrl Pts',(-50.5010939800058,-41.0115594198005,2.9846802971584));
#2460=CARTESIAN_POINT('Ctrl Pts',(-50.4943745296052,-40.938369924489,2.98621387532561));
#2461=CARTESIAN_POINT('Ctrl Pts',(-50.2198285661584,-41.4208080810847,3.));
#2462=CARTESIAN_POINT('Ctrl Pts',(-50.256637188702,-41.3775285522527,3.));
#2463=CARTESIAN_POINT('Ctrl Pts',(-50.3209346301806,-41.2818097035913,3.));
#2464=CARTESIAN_POINT('Ctrl Pts',(-50.3825748466404,-41.1147454536798,3.));
#2465=CARTESIAN_POINT('Ctrl Pts',(-50.3925685623678,-40.9975189331819,3.));
#2466=CARTESIAN_POINT('Ctrl Pts',(-50.3896596802812,-40.938369924489,3.));
#2467=CARTESIAN_POINT('Ctrl Pts',(-50.1615904095627,-41.362569924489,3.));
#2468=CARTESIAN_POINT('Ctrl Pts',(-50.1986088429975,-41.3255514910542,3.));
#2469=CARTESIAN_POINT('Ctrl Pts',(-50.2628954513248,-41.2417713024374,3.));
#2470=CARTESIAN_POINT('Ctrl Pts',(-50.323515759909,-41.0954209312981,3.));
#2471=CARTESIAN_POINT('Ctrl Pts',(-50.3372998027214,-40.9907218951103,3.));
#2472=CARTESIAN_POINT('Ctrl Pts',(-50.3372998027214,-40.938369924489,3.));
#2473=CARTESIAN_POINT('',(-50.1615904095627,-41.362569924489,3.));
#2474=CARTESIAN_POINT('Ctrl Pts',(-50.607994991758,-41.8089745066844,2.67069518903667));
#2475=CARTESIAN_POINT('Ctrl Pts',(-50.5795743203748,-41.7805538353012,2.72753653180304));
#2476=CARTESIAN_POINT('Ctrl Pts',(-50.5168322572963,-41.7178117722226,2.82440578367754));
#2477=CARTESIAN_POINT('Ctrl Pts',(-50.3519692243586,-41.5529487392849,2.95890108481389));
#2478=CARTESIAN_POINT('Ctrl Pts',(-50.2198285661584,-41.4208080810847,3.));
#2479=CARTESIAN_POINT('Ctrl Pts',(-50.1615904095627,-41.362569924489,3.));
#2480=CARTESIAN_POINT('',(-50.3372998027214,-40.938369924489,3.));
#2481=CARTESIAN_POINT('Origin',(-49.7373904095627,-40.938369924489,3.));
#2482=CARTESIAN_POINT('Origin',(-50.3372998027214,-40.938369924489,2.4));
#2483=CARTESIAN_POINT('Ctrl Pts',(-50.607994991758,-41.8089745066844,2.67069518903667));
#2484=CARTESIAN_POINT('Ctrl Pts',(-50.5795743203748,-41.7805538353012,2.72753653180304));
#2485=CARTESIAN_POINT('Ctrl Pts',(-50.5168322572963,-41.7178117722226,2.82440578367754));
#2486=CARTESIAN_POINT('Ctrl Pts',(-50.3519692243586,-41.5529487392849,2.95890108481389));
#2487=CARTESIAN_POINT('Ctrl Pts',(-50.2198285661584,-41.4208080810847,3.));
#2488=CARTESIAN_POINT('Ctrl Pts',(-50.1615904095627,-41.362569924489,3.));
#2489=CARTESIAN_POINT('Ctrl Pts',(-50.5511536489917,-41.8373951780675,2.69911586041985));
#2490=CARTESIAN_POINT('Ctrl Pts',(-50.5232278162032,-41.8086226721566,2.75013633702915));
#2491=CARTESIAN_POINT('Ctrl Pts',(-50.4604992726487,-41.7456096763433,2.83929410415507));
#2492=CARTESIAN_POINT('Ctrl Pts',(-50.2960569767682,-41.5835881268469,2.96453672894837));
#2493=CARTESIAN_POINT('Ctrl Pts',(-50.1765490373264,-41.4576167036283,3.));
#2494=CARTESIAN_POINT('Ctrl Pts',(-50.1245719761279,-41.3995883579238,3.));
#2495=CARTESIAN_POINT('Ctrl Pts',(-50.4282063722637,-41.8845612363073,2.74628191865962));
#2496=CARTESIAN_POINT('Ctrl Pts',(-50.4003381968322,-41.8559468266926,2.78911812158165));
#2497=CARTESIAN_POINT('Ctrl Pts',(-50.3345085940474,-41.7920792347722,2.86781891993636));
#2498=CARTESIAN_POINT('Ctrl Pts',(-50.1687445902729,-41.6343775094011,2.97711562306139));
#2499=CARTESIAN_POINT('Ctrl Pts',(-50.080830188665,-41.5219141451069,3.));
#2500=CARTESIAN_POINT('Ctrl Pts',(-50.040791787511,-41.4638749662511,3.));
#2501=CARTESIAN_POINT('Ctrl Pts',(-50.1050381930527,-41.9485345790029,2.81025526135518));
#2502=CARTESIAN_POINT('Ctrl Pts',(-50.0806967685877,-41.9165993651717,2.84689611384229));
#2503=CARTESIAN_POINT('Ctrl Pts',(-50.0236743226362,-41.8417903047164,2.91478395636111));
#2504=CARTESIAN_POINT('Ctrl Pts',(-49.9459880398614,-41.6932239614769,2.98516954024397));
#2505=CARTESIAN_POINT('Ctrl Pts',(-49.9137659387535,-41.5835543615667,3.));
#2506=CARTESIAN_POINT('Ctrl Pts',(-49.8944414163718,-41.5244952748353,3.));
#2507=CARTESIAN_POINT('Ctrl Pts',(-49.8538561801694,-41.9625433863596,2.82426406871193));
#2508=CARTESIAN_POINT('Ctrl Pts',(-49.8473858595801,-41.9275762521241,2.85923120294744));
#2509=CARTESIAN_POINT('Ctrl Pts',(-49.8332902069159,-41.8475622920491,2.92191744557843));
#2510=CARTESIAN_POINT('Ctrl Pts',(-49.8105799048742,-41.7020734949321,2.9846802971584));
#2511=CARTESIAN_POINT('Ctrl Pts',(-49.7965394182556,-41.5935480772942,3.));
#2512=CARTESIAN_POINT('Ctrl Pts',(-49.789742380184,-41.5382793176477,3.));
#2513=CARTESIAN_POINT('Ctrl Pts',(-49.7373904095627,-41.9625433863596,2.82426406871193));
#2514=CARTESIAN_POINT('Ctrl Pts',(-49.7373904095627,-41.925519361875,2.86128809319658));
#2515=CARTESIAN_POINT('Ctrl Pts',(-49.7373904095627,-41.8417265195835,2.925584411001));
#2516=CARTESIAN_POINT('Ctrl Pts',(-49.7373904095627,-41.6953540445316,2.98621387532561));
#2517=CARTESIAN_POINT('Ctrl Pts',(-49.7373904095627,-41.5906391952075,3.));
#2518=CARTESIAN_POINT('Ctrl Pts',(-49.7373904095627,-41.5382793176477,3.));
#2519=CARTESIAN_POINT('',(-49.7373904095627,-41.9625433863596,2.82426406871193));
#2520=CARTESIAN_POINT('Ctrl Pts',(-50.607994991758,-41.8089745066844,2.67069518903667));
#2521=CARTESIAN_POINT('Ctrl Pts',(-50.5511536489917,-41.8373951780675,2.69911586041985));
#2522=CARTESIAN_POINT('Ctrl Pts',(-50.4282063722637,-41.8845612363073,2.74628191865962));
#2523=CARTESIAN_POINT('Ctrl Pts',(-50.1050381930527,-41.9485345790029,2.81025526135518));
#2524=CARTESIAN_POINT('Ctrl Pts',(-49.8538561801694,-41.9625433863596,2.82426406871193));
#2525=CARTESIAN_POINT('Ctrl Pts',(-49.7373904095627,-41.9625433863596,2.82426406871193));
#2526=CARTESIAN_POINT('',(-49.7373904095627,-41.5382793176477,3.));
#2527=CARTESIAN_POINT('Origin',(-49.7373904095627,-41.5382793176477,2.4));
#2528=CARTESIAN_POINT('Origin',(-49.7373904095627,-40.938369924489,3.));
#2529=CARTESIAN_POINT('Ctrl Pts',(-50.607994991758,-41.8089745066844,2.67069518903667));
#2530=CARTESIAN_POINT('Ctrl Pts',(-50.5511536489917,-41.8373951780675,2.69911586041985));
#2531=CARTESIAN_POINT('Ctrl Pts',(-50.4282063722637,-41.8845612363073,2.74628191865962));
#2532=CARTESIAN_POINT('Ctrl Pts',(-50.1050381930527,-41.9485345790029,2.81025526135518));
#2533=CARTESIAN_POINT('Ctrl Pts',(-49.8538561801694,-41.9625433863596,2.82426406871193));
#2534=CARTESIAN_POINT('Ctrl Pts',(-49.7373904095627,-41.9625433863596,2.82426406871193));
#2535=CARTESIAN_POINT('Ctrl Pts',(-50.5795743203748,-41.8658158494507,2.64227451765349));
#2536=CARTESIAN_POINT('Ctrl Pts',(-50.5232278162032,-41.8884156546768,2.67034335450888));
#2537=CARTESIAN_POINT('Ctrl Pts',(-50.4003381968322,-41.9273974392293,2.71766750904494));
#2538=CARTESIAN_POINT('Ctrl Pts',(-50.0806967685877,-41.98517543149,2.77832004752405));
#2539=CARTESIAN_POINT('Ctrl Pts',(-49.8473858595801,-41.9975105205951,2.78929693447643));
#2540=CARTESIAN_POINT('Ctrl Pts',(-49.7373904095627,-41.9995674108443,2.78724004422728));
#2541=CARTESIAN_POINT('Ctrl Pts',(-50.5168322572963,-41.9626851013252,2.57953245457495));
#2542=CARTESIAN_POINT('Ctrl Pts',(-50.4604992726487,-41.9775734218028,2.60733035869565));
#2543=CARTESIAN_POINT('Ctrl Pts',(-50.3345085940475,-42.0060982375841,2.65379991712452));
#2544=CARTESIAN_POINT('Ctrl Pts',(-50.0236743226362,-42.0530632740088,2.70351098706869));
#2545=CARTESIAN_POINT('Ctrl Pts',(-49.833290206916,-42.0601967632261,2.70928297440138));
#2546=CARTESIAN_POINT('Ctrl Pts',(-49.7373904095627,-42.0638637286487,2.70344720193578));
#2547=CARTESIAN_POINT('Ctrl Pts',(-50.3519692243586,-42.0971804024616,2.41466942163725));
#2548=CARTESIAN_POINT('Ctrl Pts',(-50.2960569767682,-42.102816046596,2.4453088091992));
#2549=CARTESIAN_POINT('Ctrl Pts',(-50.1687445902729,-42.1153949407091,2.4960981917534));
#2550=CARTESIAN_POINT('Ctrl Pts',(-49.9459880398614,-42.1234488578917,2.55494464382922));
#2551=CARTESIAN_POINT('Ctrl Pts',(-49.8105799048741,-42.1229596148061,2.56379417728445));
#2552=CARTESIAN_POINT('Ctrl Pts',(-49.7373904095627,-42.1244931929733,2.55707472688388));
#2553=CARTESIAN_POINT('Ctrl Pts',(-50.2198285661584,-42.1382793176477,2.28252876343704));
#2554=CARTESIAN_POINT('Ctrl Pts',(-50.1765490373264,-42.1382793176477,2.31933738598065));
#2555=CARTESIAN_POINT('Ctrl Pts',(-50.080830188665,-42.1382793176477,2.38363482745924));
#2556=CARTESIAN_POINT('Ctrl Pts',(-49.9137659387535,-42.1382793176477,2.44527504391902));
#2557=CARTESIAN_POINT('Ctrl Pts',(-49.7965394182556,-42.1382793176477,2.45526875964649));
#2558=CARTESIAN_POINT('Ctrl Pts',(-49.7373904095627,-42.1382793176477,2.45235987755983));
#2559=CARTESIAN_POINT('Ctrl Pts',(-50.1615904095627,-42.1382793176477,2.22429060684134));
#2560=CARTESIAN_POINT('Ctrl Pts',(-50.1245719761279,-42.1382793176477,2.26130904027614));
#2561=CARTESIAN_POINT('Ctrl Pts',(-50.040791787511,-42.1382793176477,2.32559564860344));
#2562=CARTESIAN_POINT('Ctrl Pts',(-49.8944414163718,-42.1382793176477,2.38621595718764));
#2563=CARTESIAN_POINT('Ctrl Pts',(-49.789742380184,-42.1382793176477,2.4));
#2564=CARTESIAN_POINT('Ctrl Pts',(-49.7373904095627,-42.1382793176477,2.4));
#2565=CARTESIAN_POINT('',(-50.1615904095627,-42.1382793176477,2.22429060684134));
#2566=CARTESIAN_POINT('Ctrl Pts',(-50.607994991758,-41.8089745066844,2.67069518903667));
#2567=CARTESIAN_POINT('Ctrl Pts',(-50.5795743203748,-41.8658158494507,2.64227451765349));
#2568=CARTESIAN_POINT('Ctrl Pts',(-50.5168322572963,-41.9626851013252,2.57953245457495));
#2569=CARTESIAN_POINT('Ctrl Pts',(-50.3519692243586,-42.0971804024616,2.41466942163725));
#2570=CARTESIAN_POINT('Ctrl Pts',(-50.2198285661584,-42.1382793176477,2.28252876343704));
#2571=CARTESIAN_POINT('Ctrl Pts',(-50.1615904095627,-42.1382793176477,2.22429060684134));
#2572=CARTESIAN_POINT('',(-49.7373904095627,-42.1382793176477,2.4));
#2573=CARTESIAN_POINT('Origin',(-49.7373904095627,-42.1382793176477,1.80009060684134));
#2574=CARTESIAN_POINT('Origin',(-49.7373904095627,-41.5382793176477,2.4));
#2575=CARTESIAN_POINT('Ctrl Pts',(-50.607994991758,32.532415871389,2.67069518903667));
#2576=CARTESIAN_POINT('Ctrl Pts',(-50.6364156631412,32.5608365427722,2.6138538462703));
#2577=CARTESIAN_POINT('Ctrl Pts',(-50.683581721381,32.6080026010119,2.49090656954231));
#2578=CARTESIAN_POINT('Ctrl Pts',(-50.7475550640765,32.6719759437075,2.16773839033137));
#2579=CARTESIAN_POINT('Ctrl Pts',(-50.7615638714333,32.6859847510642,1.91655637744803));
#2580=CARTESIAN_POINT('Ctrl Pts',(-50.7615638714333,32.6859847510642,1.80009060684133));
#2581=CARTESIAN_POINT('Ctrl Pts',(-50.5795743203748,32.5892572141554,2.64227451765348));
#2582=CARTESIAN_POINT('Ctrl Pts',(-50.6076431572302,32.6118570193815,2.58592801348186));
#2583=CARTESIAN_POINT('Ctrl Pts',(-50.6549673117663,32.650838803934,2.46303839411081));
#2584=CARTESIAN_POINT('Ctrl Pts',(-50.7156198502454,32.7086167961946,2.14339696586641));
#2585=CARTESIAN_POINT('Ctrl Pts',(-50.7265967371978,32.7209518852997,1.91008605685877));
#2586=CARTESIAN_POINT('Ctrl Pts',(-50.7245398469486,32.7230087755489,1.80009060684133));
#2587=CARTESIAN_POINT('Ctrl Pts',(-50.5168322572963,32.6861264660299,2.57953245457495));
#2588=CARTESIAN_POINT('Ctrl Pts',(-50.544630161417,32.7010147865074,2.52319946992738));
#2589=CARTESIAN_POINT('Ctrl Pts',(-50.5910997198459,32.7295396022887,2.3972087913261));
#2590=CARTESIAN_POINT('Ctrl Pts',(-50.64081078979,32.7765046387134,2.0863745199149));
#2591=CARTESIAN_POINT('Ctrl Pts',(-50.6465827771228,32.7836381279308,1.89599040419459));
#2592=CARTESIAN_POINT('Ctrl Pts',(-50.6407470046572,32.7873050933533,1.80009060684133));
#2593=CARTESIAN_POINT('Ctrl Pts',(-50.3519692243586,32.8206217671662,2.41466942163725));
#2594=CARTESIAN_POINT('Ctrl Pts',(-50.3826086119205,32.8262574113007,2.35875717404684));
#2595=CARTESIAN_POINT('Ctrl Pts',(-50.4333979944748,32.8388363054137,2.23144478755152));
#2596=CARTESIAN_POINT('Ctrl Pts',(-50.4922444465506,32.8468902225963,2.00868823714004));
#2597=CARTESIAN_POINT('Ctrl Pts',(-50.5010939800058,32.8464009795107,1.8732801021528));
#2598=CARTESIAN_POINT('Ctrl Pts',(-50.4943745296052,32.8479345576779,1.80009060684133));
#2599=CARTESIAN_POINT('Ctrl Pts',(-50.2198285661584,32.8617206823523,2.28252876343703));
#2600=CARTESIAN_POINT('Ctrl Pts',(-50.256637188702,32.8617206823523,2.23924923460501));
#2601=CARTESIAN_POINT('Ctrl Pts',(-50.3209346301806,32.8617206823523,2.14353038594363));
#2602=CARTESIAN_POINT('Ctrl Pts',(-50.3825748466404,32.8617206823523,1.97646613603214));
#2603=CARTESIAN_POINT('Ctrl Pts',(-50.3925685623678,32.8617206823523,1.85923961553423));
#2604=CARTESIAN_POINT('Ctrl Pts',(-50.3896596802812,32.8617206823523,1.80009060684133));
#2605=CARTESIAN_POINT('Ctrl Pts',(-50.1615904095627,32.8617206823523,2.22429060684133));
#2606=CARTESIAN_POINT('Ctrl Pts',(-50.1986088429975,32.8617206823523,2.18727217340653));
#2607=CARTESIAN_POINT('Ctrl Pts',(-50.2628954513248,32.8617206823523,2.10349198478964));
#2608=CARTESIAN_POINT('Ctrl Pts',(-50.323515759909,32.8617206823523,1.95714161365045));
#2609=CARTESIAN_POINT('Ctrl Pts',(-50.3372998027214,32.8617206823523,1.85244257746263));
#2610=CARTESIAN_POINT('Ctrl Pts',(-50.3372998027214,32.8617206823523,1.80009060684133));
#2611=CARTESIAN_POINT('',(-50.607994991758,32.532415871389,2.67069518903667));
#2612=CARTESIAN_POINT('',(-50.7615638714333,32.6859847510642,1.80009060684133));
#2613=CARTESIAN_POINT('Ctrl Pts',(-50.607994991758,32.532415871389,2.67069518903667));
#2614=CARTESIAN_POINT('Ctrl Pts',(-50.6364156631412,32.5608365427722,2.6138538462703));
#2615=CARTESIAN_POINT('Ctrl Pts',(-50.683581721381,32.6080026010119,2.49090656954231));
#2616=CARTESIAN_POINT('Ctrl Pts',(-50.7475550640765,32.6719759437075,2.16773839033137));
#2617=CARTESIAN_POINT('Ctrl Pts',(-50.7615638714333,32.6859847510642,1.91655637744803));
#2618=CARTESIAN_POINT('Ctrl Pts',(-50.7615638714333,32.6859847510642,1.80009060684133));
#2619=CARTESIAN_POINT('',(-50.1615904095627,32.8617206823523,2.22429060684133));
#2620=CARTESIAN_POINT('Ctrl Pts',(-50.607994991758,32.532415871389,2.67069518903667));
#2621=CARTESIAN_POINT('Ctrl Pts',(-50.5795743203748,32.5892572141554,2.64227451765348));
#2622=CARTESIAN_POINT('Ctrl Pts',(-50.5168322572963,32.6861264660299,2.57953245457495));
#2623=CARTESIAN_POINT('Ctrl Pts',(-50.3519692243586,32.8206217671662,2.41466942163725));
#2624=CARTESIAN_POINT('Ctrl Pts',(-50.2198285661584,32.8617206823523,2.28252876343703));
#2625=CARTESIAN_POINT('Ctrl Pts',(-50.1615904095627,32.8617206823523,2.22429060684133));
#2626=CARTESIAN_POINT('',(-50.3372998027214,32.8617206823523,1.80009060684133));
#2627=CARTESIAN_POINT('Origin',(-49.7373904095627,32.8617206823523,1.80009060684133));
#2628=CARTESIAN_POINT('Origin',(-50.3372998027214,32.2617206823523,1.80009060684133));
#2629=CARTESIAN_POINT('Ctrl Pts',(-50.607994991758,32.532415871389,2.67069518903667));
#2630=CARTESIAN_POINT('Ctrl Pts',(-50.5795743203748,32.5892572141554,2.64227451765348));
#2631=CARTESIAN_POINT('Ctrl Pts',(-50.5168322572963,32.6861264660299,2.57953245457495));
#2632=CARTESIAN_POINT('Ctrl Pts',(-50.3519692243586,32.8206217671662,2.41466942163725));
#2633=CARTESIAN_POINT('Ctrl Pts',(-50.2198285661584,32.8617206823523,2.28252876343703));
#2634=CARTESIAN_POINT('Ctrl Pts',(-50.1615904095627,32.8617206823523,2.22429060684133));
#2635=CARTESIAN_POINT('Ctrl Pts',(-50.5511536489917,32.5608365427722,2.69911586041985));
#2636=CARTESIAN_POINT('Ctrl Pts',(-50.5232278162032,32.6118570193815,2.67034335450888));
#2637=CARTESIAN_POINT('Ctrl Pts',(-50.4604992726488,32.7010147865074,2.60733035869565));
#2638=CARTESIAN_POINT('Ctrl Pts',(-50.2960569767682,32.8262574113007,2.4453088091992));
#2639=CARTESIAN_POINT('Ctrl Pts',(-50.1765490373264,32.8617206823523,2.31933738598065));
#2640=CARTESIAN_POINT('Ctrl Pts',(-50.1245719761279,32.8617206823523,2.26130904027613));
#2641=CARTESIAN_POINT('Ctrl Pts',(-50.4282063722637,32.6080026010119,2.74628191865962));
#2642=CARTESIAN_POINT('Ctrl Pts',(-50.4003381968322,32.650838803934,2.71766750904493));
#2643=CARTESIAN_POINT('Ctrl Pts',(-50.3345085940475,32.7295396022887,2.65379991712452));
#2644=CARTESIAN_POINT('Ctrl Pts',(-50.1687445902729,32.8388363054137,2.4960981917534));
#2645=CARTESIAN_POINT('Ctrl Pts',(-50.080830188665,32.8617206823523,2.38363482745924));
#2646=CARTESIAN_POINT('Ctrl Pts',(-50.040791787511,32.8617206823523,2.32559564860344));
#2647=CARTESIAN_POINT('Ctrl Pts',(-50.1050381930527,32.6719759437075,2.81025526135517));
#2648=CARTESIAN_POINT('Ctrl Pts',(-50.0806967685878,32.7086167961946,2.77832004752405));
#2649=CARTESIAN_POINT('Ctrl Pts',(-50.0236743226363,32.7765046387135,2.70351098706869));
#2650=CARTESIAN_POINT('Ctrl Pts',(-49.9459880398614,32.8468902225963,2.55494464382921));
#2651=CARTESIAN_POINT('Ctrl Pts',(-49.9137659387535,32.8617206823523,2.44527504391902));
#2652=CARTESIAN_POINT('Ctrl Pts',(-49.8944414163718,32.8617206823523,2.38621595718763));
#2653=CARTESIAN_POINT('Ctrl Pts',(-49.8538561801694,32.6859847510642,2.82426406871193));
#2654=CARTESIAN_POINT('Ctrl Pts',(-49.8473858595801,32.7209518852997,2.78929693447642));
#2655=CARTESIAN_POINT('Ctrl Pts',(-49.8332902069159,32.7836381279308,2.70928297440138));
#2656=CARTESIAN_POINT('Ctrl Pts',(-49.8105799048742,32.8464009795107,2.56379417728444));
#2657=CARTESIAN_POINT('Ctrl Pts',(-49.7965394182556,32.8617206823523,2.45526875964649));
#2658=CARTESIAN_POINT('Ctrl Pts',(-49.789742380184,32.8617206823523,2.4));
#2659=CARTESIAN_POINT('Ctrl Pts',(-49.7373904095627,32.6859847510642,2.82426406871193));
#2660=CARTESIAN_POINT('Ctrl Pts',(-49.7373904095627,32.7230087755489,2.78724004422728));
#2661=CARTESIAN_POINT('Ctrl Pts',(-49.7373904095627,32.7873050933533,2.70344720193578));
#2662=CARTESIAN_POINT('Ctrl Pts',(-49.7373904095627,32.8479345576779,2.55707472688387));
#2663=CARTESIAN_POINT('Ctrl Pts',(-49.7373904095627,32.8617206823523,2.45235987755983));
#2664=CARTESIAN_POINT('Ctrl Pts',(-49.7373904095627,32.8617206823523,2.4));
#2665=CARTESIAN_POINT('',(-49.7373904095627,32.6859847510642,2.82426406871193));
#2666=CARTESIAN_POINT('Ctrl Pts',(-50.607994991758,32.532415871389,2.67069518903667));
#2667=CARTESIAN_POINT('Ctrl Pts',(-50.5511536489917,32.5608365427722,2.69911586041985));
#2668=CARTESIAN_POINT('Ctrl Pts',(-50.4282063722637,32.6080026010119,2.74628191865962));
#2669=CARTESIAN_POINT('Ctrl Pts',(-50.1050381930527,32.6719759437075,2.81025526135517));
#2670=CARTESIAN_POINT('Ctrl Pts',(-49.8538561801694,32.6859847510642,2.82426406871193));
#2671=CARTESIAN_POINT('Ctrl Pts',(-49.7373904095627,32.6859847510642,2.82426406871193));
#2672=CARTESIAN_POINT('',(-49.7373904095627,32.8617206823523,2.4));
#2673=CARTESIAN_POINT('Origin',(-49.7373904095627,32.2617206823523,2.4));
#2674=CARTESIAN_POINT('Origin',(-49.7373904095627,32.8617206823523,1.80009060684133));
#2675=CARTESIAN_POINT('Ctrl Pts',(-50.607994991758,32.532415871389,2.67069518903667));
#2676=CARTESIAN_POINT('Ctrl Pts',(-50.5511536489917,32.5608365427722,2.69911586041985));
#2677=CARTESIAN_POINT('Ctrl Pts',(-50.4282063722637,32.6080026010119,2.74628191865962));
#2678=CARTESIAN_POINT('Ctrl Pts',(-50.1050381930527,32.6719759437075,2.81025526135517));
#2679=CARTESIAN_POINT('Ctrl Pts',(-49.8538561801694,32.6859847510642,2.82426406871193));
#2680=CARTESIAN_POINT('Ctrl Pts',(-49.7373904095627,32.6859847510642,2.82426406871193));
#2681=CARTESIAN_POINT('Ctrl Pts',(-50.5795743203748,32.5039952000058,2.72753653180303));
#2682=CARTESIAN_POINT('Ctrl Pts',(-50.5232278162032,32.5320640368612,2.75013633702915));
#2683=CARTESIAN_POINT('Ctrl Pts',(-50.4003381968322,32.5793881913972,2.78911812158165));
#2684=CARTESIAN_POINT('Ctrl Pts',(-50.0806967685878,32.6400407298764,2.84689611384229));
#2685=CARTESIAN_POINT('Ctrl Pts',(-49.8473858595801,32.6510176168287,2.85923120294743));
#2686=CARTESIAN_POINT('Ctrl Pts',(-49.7373904095627,32.6489607265796,2.86128809319658));
#2687=CARTESIAN_POINT('Ctrl Pts',(-50.5168322572963,32.4412531369273,2.82440578367754));
#2688=CARTESIAN_POINT('Ctrl Pts',(-50.4604992726487,32.469051041048,2.83929410415507));
#2689=CARTESIAN_POINT('Ctrl Pts',(-50.3345085940475,32.5155205994769,2.86781891993636));
#2690=CARTESIAN_POINT('Ctrl Pts',(-50.0236743226363,32.565231669421,2.91478395636111));
#2691=CARTESIAN_POINT('Ctrl Pts',(-49.833290206916,32.5710036567537,2.92191744557842));
#2692=CARTESIAN_POINT('Ctrl Pts',(-49.7373904095627,32.5651678842881,2.925584411001));
#2693=CARTESIAN_POINT('Ctrl Pts',(-50.3519692243586,32.2763901039896,2.95890108481389));
#2694=CARTESIAN_POINT('Ctrl Pts',(-50.2960569767682,32.3070294915515,2.96453672894837));
#2695=CARTESIAN_POINT('Ctrl Pts',(-50.1687445902729,32.3578188741057,2.97711562306139));
#2696=CARTESIAN_POINT('Ctrl Pts',(-49.9459880398614,32.4166653261815,2.98516954024397));
#2697=CARTESIAN_POINT('Ctrl Pts',(-49.8105799048742,32.4255148596368,2.9846802971584));
#2698=CARTESIAN_POINT('Ctrl Pts',(-49.7373904095627,32.4187954092362,2.98621387532561));
#2699=CARTESIAN_POINT('Ctrl Pts',(-50.2198285661584,32.1442494457893,3.));
#2700=CARTESIAN_POINT('Ctrl Pts',(-50.1765490373264,32.181058068333,3.));
#2701=CARTESIAN_POINT('Ctrl Pts',(-50.080830188665,32.2453555098116,3.));
#2702=CARTESIAN_POINT('Ctrl Pts',(-49.9137659387535,32.3069957262713,3.));
#2703=CARTESIAN_POINT('Ctrl Pts',(-49.7965394182556,32.3169894419988,3.));
#2704=CARTESIAN_POINT('Ctrl Pts',(-49.7373904095627,32.3140805599121,3.));
#2705=CARTESIAN_POINT('Ctrl Pts',(-50.1615904095627,32.0860112891936,3.));
#2706=CARTESIAN_POINT('Ctrl Pts',(-50.1245719761279,32.1230297226284,3.));
#2707=CARTESIAN_POINT('Ctrl Pts',(-50.040791787511,32.1873163309558,3.));
#2708=CARTESIAN_POINT('Ctrl Pts',(-49.8944414163718,32.24793663954,3.));
#2709=CARTESIAN_POINT('Ctrl Pts',(-49.789742380184,32.2617206823523,3.));
#2710=CARTESIAN_POINT('Ctrl Pts',(-49.7373904095627,32.2617206823523,3.));
#2711=CARTESIAN_POINT('',(-50.1615904095627,32.0860112891936,3.));
#2712=CARTESIAN_POINT('Ctrl Pts',(-50.607994991758,32.532415871389,2.67069518903667));
#2713=CARTESIAN_POINT('Ctrl Pts',(-50.5795743203748,32.5039952000058,2.72753653180303));
#2714=CARTESIAN_POINT('Ctrl Pts',(-50.5168322572963,32.4412531369273,2.82440578367754));
#2715=CARTESIAN_POINT('Ctrl Pts',(-50.3519692243586,32.2763901039896,2.95890108481389));
#2716=CARTESIAN_POINT('Ctrl Pts',(-50.2198285661584,32.1442494457893,3.));
#2717=CARTESIAN_POINT('Ctrl Pts',(-50.1615904095627,32.0860112891936,3.));
#2718=CARTESIAN_POINT('',(-49.7373904095627,32.2617206823523,3.));
#2719=CARTESIAN_POINT('Origin',(-49.7373904095627,31.6618112891937,3.));
#2720=CARTESIAN_POINT('Origin',(-49.7373904095627,32.2617206823523,2.4));
#2721=CARTESIAN_POINT('Ctrl Pts',(-50.607994991758,32.532415871389,2.67069518903667));
#2722=CARTESIAN_POINT('Ctrl Pts',(-50.5795743203748,32.5039952000058,2.72753653180303));
#2723=CARTESIAN_POINT('Ctrl Pts',(-50.5168322572963,32.4412531369273,2.82440578367754));
#2724=CARTESIAN_POINT('Ctrl Pts',(-50.3519692243586,32.2763901039896,2.95890108481389));
#2725=CARTESIAN_POINT('Ctrl Pts',(-50.2198285661584,32.1442494457893,3.));
#2726=CARTESIAN_POINT('Ctrl Pts',(-50.1615904095627,32.0860112891936,3.));
#2727=CARTESIAN_POINT('Ctrl Pts',(-50.6364156631412,32.4755745286226,2.69911586041985));
#2728=CARTESIAN_POINT('Ctrl Pts',(-50.6076431572302,32.4476486958342,2.75013633702915));
#2729=CARTESIAN_POINT('Ctrl Pts',(-50.544630161417,32.3849201522797,2.83929410415507));
#2730=CARTESIAN_POINT('Ctrl Pts',(-50.3826086119206,32.2204778563992,2.96453672894837));
#2731=CARTESIAN_POINT('Ctrl Pts',(-50.256637188702,32.1009699169573,3.));
#2732=CARTESIAN_POINT('Ctrl Pts',(-50.1986088429975,32.0489928557588,3.));
#2733=CARTESIAN_POINT('Ctrl Pts',(-50.683581721381,32.3526272518946,2.74628191865962));
#2734=CARTESIAN_POINT('Ctrl Pts',(-50.6549673117663,32.3247590764631,2.78911812158165));
#2735=CARTESIAN_POINT('Ctrl Pts',(-50.5910997198459,32.2589294736784,2.86781891993636));
#2736=CARTESIAN_POINT('Ctrl Pts',(-50.4333979944748,32.0931654699039,2.97711562306138));
#2737=CARTESIAN_POINT('Ctrl Pts',(-50.3209346301806,32.0052510682959,3.));
#2738=CARTESIAN_POINT('Ctrl Pts',(-50.2628954513248,31.965212667142,3.));
#2739=CARTESIAN_POINT('Ctrl Pts',(-50.7475550640765,32.0294590726837,2.81025526135517));
#2740=CARTESIAN_POINT('Ctrl Pts',(-50.7156198502454,32.0051176482187,2.84689611384229));
#2741=CARTESIAN_POINT('Ctrl Pts',(-50.64081078979,31.9480952022672,2.91478395636111));
#2742=CARTESIAN_POINT('Ctrl Pts',(-50.4922444465505,31.8704089194923,2.98516954024397));
#2743=CARTESIAN_POINT('Ctrl Pts',(-50.3825748466404,31.8381868183845,3.));
#2744=CARTESIAN_POINT('Ctrl Pts',(-50.323515759909,31.8188622960028,3.));
#2745=CARTESIAN_POINT('Ctrl Pts',(-50.7615638714333,31.7782770598003,2.82426406871193));
#2746=CARTESIAN_POINT('Ctrl Pts',(-50.7265967371978,31.7718067392111,2.85923120294743));
#2747=CARTESIAN_POINT('Ctrl Pts',(-50.6465827771228,31.7577110865469,2.92191744557842));
#2748=CARTESIAN_POINT('Ctrl Pts',(-50.5010939800058,31.7350007845051,2.9846802971584));
#2749=CARTESIAN_POINT('Ctrl Pts',(-50.3925685623679,31.7209602978865,3.));
#2750=CARTESIAN_POINT('Ctrl Pts',(-50.3372998027214,31.7141632598149,3.));
#2751=CARTESIAN_POINT('Ctrl Pts',(-50.7615638714333,31.6618112891937,2.82426406871193));
#2752=CARTESIAN_POINT('Ctrl Pts',(-50.7245398469486,31.6618112891937,2.86128809319658));
#2753=CARTESIAN_POINT('Ctrl Pts',(-50.6407470046571,31.6618112891937,2.925584411001));
#2754=CARTESIAN_POINT('Ctrl Pts',(-50.4943745296052,31.6618112891937,2.98621387532561));
#2755=CARTESIAN_POINT('Ctrl Pts',(-50.3896596802812,31.6618112891937,3.));
#2756=CARTESIAN_POINT('Ctrl Pts',(-50.3372998027214,31.6618112891937,3.));
#2757=CARTESIAN_POINT('',(-50.7615638714333,31.6618112891937,2.82426406871193));
#2758=CARTESIAN_POINT('Ctrl Pts',(-50.607994991758,32.532415871389,2.67069518903667));
#2759=CARTESIAN_POINT('Ctrl Pts',(-50.6364156631412,32.4755745286226,2.69911586041985));
#2760=CARTESIAN_POINT('Ctrl Pts',(-50.683581721381,32.3526272518946,2.74628191865962));
#2761=CARTESIAN_POINT('Ctrl Pts',(-50.7475550640765,32.0294590726837,2.81025526135517));
#2762=CARTESIAN_POINT('Ctrl Pts',(-50.7615638714333,31.7782770598003,2.82426406871193));
#2763=CARTESIAN_POINT('Ctrl Pts',(-50.7615638714333,31.6618112891937,2.82426406871193));
#2764=CARTESIAN_POINT('',(-50.3372998027214,31.6618112891937,3.));
#2765=CARTESIAN_POINT('Origin',(-50.3372998027214,31.6618112891937,2.4));
#2766=CARTESIAN_POINT('Origin',(-49.7373904095627,31.6618112891937,3.));
#2767=CARTESIAN_POINT('Ctrl Pts',(-50.607994991758,32.532415871389,2.67069518903667));
#2768=CARTESIAN_POINT('Ctrl Pts',(-50.6364156631412,32.4755745286226,2.69911586041985));
#2769=CARTESIAN_POINT('Ctrl Pts',(-50.683581721381,32.3526272518946,2.74628191865962));
#2770=CARTESIAN_POINT('Ctrl Pts',(-50.7475550640765,32.0294590726837,2.81025526135517));
#2771=CARTESIAN_POINT('Ctrl Pts',(-50.7615638714333,31.7782770598003,2.82426406871193));
#2772=CARTESIAN_POINT('Ctrl Pts',(-50.7615638714333,31.6618112891937,2.82426406871193));
#2773=CARTESIAN_POINT('Ctrl Pts',(-50.6648363345244,32.5039952000058,2.64227451765348));
#2774=CARTESIAN_POINT('Ctrl Pts',(-50.6874361397505,32.4476486958342,2.67034335450888));
#2775=CARTESIAN_POINT('Ctrl Pts',(-50.726417924303,32.3247590764631,2.71766750904493));
#2776=CARTESIAN_POINT('Ctrl Pts',(-50.7841959165637,32.0051176482187,2.77832004752405));
#2777=CARTESIAN_POINT('Ctrl Pts',(-50.7965310056688,31.7718067392111,2.78929693447642));
#2778=CARTESIAN_POINT('Ctrl Pts',(-50.798587895918,31.6618112891937,2.78724004422727));
#2779=CARTESIAN_POINT('Ctrl Pts',(-50.7617055863989,32.4412531369273,2.57953245457494));
#2780=CARTESIAN_POINT('Ctrl Pts',(-50.7765939068765,32.3849201522797,2.60733035869565));
#2781=CARTESIAN_POINT('Ctrl Pts',(-50.8051187226578,32.2589294736784,2.65379991712451));
#2782=CARTESIAN_POINT('Ctrl Pts',(-50.8520837590824,31.9480952022672,2.70351098706868));
#2783=CARTESIAN_POINT('Ctrl Pts',(-50.8592172482998,31.7577110865469,2.70928297440137));
#2784=CARTESIAN_POINT('Ctrl Pts',(-50.8628842137224,31.6618112891937,2.70344720193577));
#2785=CARTESIAN_POINT('Ctrl Pts',(-50.8962008875352,32.2763901039895,2.41466942163724));
#2786=CARTESIAN_POINT('Ctrl Pts',(-50.9018365316697,32.2204778563991,2.44530880919919));
#2787=CARTESIAN_POINT('Ctrl Pts',(-50.9144154257827,32.0931654699038,2.49609819175339));
#2788=CARTESIAN_POINT('Ctrl Pts',(-50.9224693429654,31.8704089194923,2.55494464382921));
#2789=CARTESIAN_POINT('Ctrl Pts',(-50.9219800998798,31.7350007845051,2.56379417728444));
#2790=CARTESIAN_POINT('Ctrl Pts',(-50.923513678047,31.6618112891937,2.55707472688387));
#2791=CARTESIAN_POINT('Ctrl Pts',(-50.9372998027214,32.1442494457893,2.28252876343703));
#2792=CARTESIAN_POINT('Ctrl Pts',(-50.9372998027214,32.1009699169573,2.31933738598065));
#2793=CARTESIAN_POINT('Ctrl Pts',(-50.9372998027214,32.0052510682959,2.38363482745923));
#2794=CARTESIAN_POINT('Ctrl Pts',(-50.9372998027213,31.8381868183845,2.44527504391901));
#2795=CARTESIAN_POINT('Ctrl Pts',(-50.9372998027214,31.7209602978865,2.45526875964648));
#2796=CARTESIAN_POINT('Ctrl Pts',(-50.9372998027214,31.6618112891937,2.45235987755982));
#2797=CARTESIAN_POINT('Ctrl Pts',(-50.9372998027214,32.0860112891936,2.22429060684133));
#2798=CARTESIAN_POINT('Ctrl Pts',(-50.9372998027214,32.0489928557588,2.26130904027613));
#2799=CARTESIAN_POINT('Ctrl Pts',(-50.9372998027214,31.965212667142,2.32559564860344));
#2800=CARTESIAN_POINT('Ctrl Pts',(-50.9372998027213,31.8188622960028,2.38621595718763));
#2801=CARTESIAN_POINT('Ctrl Pts',(-50.9372998027214,31.7141632598149,2.39999999999999));
#2802=CARTESIAN_POINT('Ctrl Pts',(-50.9372998027214,31.6618112891937,2.39999999999999));
#2803=CARTESIAN_POINT('',(-50.9372998027214,32.0860112891936,2.22429060684133));
#2804=CARTESIAN_POINT('Ctrl Pts',(-50.607994991758,32.532415871389,2.67069518903667));
#2805=CARTESIAN_POINT('Ctrl Pts',(-50.6648363345244,32.5039952000058,2.64227451765348));
#2806=CARTESIAN_POINT('Ctrl Pts',(-50.7617055863989,32.4412531369273,2.57953245457494));
#2807=CARTESIAN_POINT('Ctrl Pts',(-50.8962008875352,32.2763901039895,2.41466942163724));
#2808=CARTESIAN_POINT('Ctrl Pts',(-50.9372998027214,32.1442494457893,2.28252876343703));
#2809=CARTESIAN_POINT('Ctrl Pts',(-50.9372998027214,32.0860112891936,2.22429060684133));
#2810=CARTESIAN_POINT('',(-50.9372998027214,31.6618112891937,2.4));
#2811=CARTESIAN_POINT('Origin',(-50.9372998027214,31.6618112891937,1.80009060684133));
#2812=CARTESIAN_POINT('Origin',(-50.3372998027214,31.6618112891937,2.4));
#2813=CARTESIAN_POINT('Ctrl Pts',(49.7333953863153,-41.8089745066844,2.67069518903667));
#2814=CARTESIAN_POINT('Ctrl Pts',(49.7618160576985,-41.752133163918,2.69911586041985));
#2815=CARTESIAN_POINT('Ctrl Pts',(49.8089821159383,-41.62918588719,2.74628191865962));
#2816=CARTESIAN_POINT('Ctrl Pts',(49.8729554586338,-41.3060177079791,2.81025526135518));
#2817=CARTESIAN_POINT('Ctrl Pts',(49.8869642659906,-41.0548356950957,2.82426406871193));
#2818=CARTESIAN_POINT('Ctrl Pts',(49.8869642659906,-40.938369924489,2.82426406871193));
#2819=CARTESIAN_POINT('Ctrl Pts',(49.7902367290817,-41.7805538353012,2.64227451765349));
#2820=CARTESIAN_POINT('Ctrl Pts',(49.8128365343078,-41.7242073311295,2.67034335450888));
#2821=CARTESIAN_POINT('Ctrl Pts',(49.8518183188603,-41.6013177117585,2.71766750904494));
#2822=CARTESIAN_POINT('Ctrl Pts',(49.9095963111209,-41.2816762835141,2.77832004752406));
#2823=CARTESIAN_POINT('Ctrl Pts',(49.9219314002261,-41.0483653745065,2.78929693447643));
#2824=CARTESIAN_POINT('Ctrl Pts',(49.9239882904752,-40.938369924489,2.78724004422728));
#2825=CARTESIAN_POINT('Ctrl Pts',(49.8871059809562,-41.7178117722227,2.57953245457495));
#2826=CARTESIAN_POINT('Ctrl Pts',(49.9019943014337,-41.6614787875751,2.60733035869565));
#2827=CARTESIAN_POINT('Ctrl Pts',(49.930519117215,-41.5354881089738,2.65379991712452));
#2828=CARTESIAN_POINT('Ctrl Pts',(49.9774841536397,-41.2246538375626,2.70351098706869));
#2829=CARTESIAN_POINT('Ctrl Pts',(49.9846176428571,-41.0342697218423,2.70928297440139));
#2830=CARTESIAN_POINT('Ctrl Pts',(49.9882846082797,-40.9383699244891,2.70344720193578));
#2831=CARTESIAN_POINT('Ctrl Pts',(50.0216012820925,-41.5529487392849,2.41466942163725));
#2832=CARTESIAN_POINT('Ctrl Pts',(50.027236926227,-41.4970364916945,2.4453088091992));
#2833=CARTESIAN_POINT('Ctrl Pts',(50.03981582034,-41.3697241051992,2.4960981917534));
#2834=CARTESIAN_POINT('Ctrl Pts',(50.0478697375226,-41.1469675547877,2.55494464382922));
#2835=CARTESIAN_POINT('Ctrl Pts',(50.047380494437,-41.0115594198005,2.56379417728445));
#2836=CARTESIAN_POINT('Ctrl Pts',(50.0489140726042,-40.938369924489,2.55707472688388));
#2837=CARTESIAN_POINT('Ctrl Pts',(50.0627001972786,-41.4208080810847,2.28252876343704));
#2838=CARTESIAN_POINT('Ctrl Pts',(50.0627001972786,-41.3775285522527,2.31933738598065));
#2839=CARTESIAN_POINT('Ctrl Pts',(50.0627001972786,-41.2818097035913,2.38363482745924));
#2840=CARTESIAN_POINT('Ctrl Pts',(50.0627001972787,-41.1147454536798,2.44527504391902));
#2841=CARTESIAN_POINT('Ctrl Pts',(50.0627001972786,-40.9975189331819,2.45526875964649));
#2842=CARTESIAN_POINT('Ctrl Pts',(50.0627001972786,-40.938369924489,2.45235987755984));
#2843=CARTESIAN_POINT('Ctrl Pts',(50.0627001972786,-41.362569924489,2.22429060684134));
#2844=CARTESIAN_POINT('Ctrl Pts',(50.0627001972786,-41.3255514910542,2.26130904027614));
#2845=CARTESIAN_POINT('Ctrl Pts',(50.0627001972786,-41.2417713024373,2.32559564860345));
#2846=CARTESIAN_POINT('Ctrl Pts',(50.0627001972787,-41.0954209312981,2.38621595718764));
#2847=CARTESIAN_POINT('Ctrl Pts',(50.0627001972786,-40.9907218951103,2.40000000000001));
#2848=CARTESIAN_POINT('Ctrl Pts',(50.0627001972786,-40.938369924489,2.40000000000001));
#2849=CARTESIAN_POINT('',(49.7333953863153,-41.8089745066844,2.67069518903667));
#2850=CARTESIAN_POINT('',(49.8869642659906,-40.938369924489,2.82426406871193));
#2851=CARTESIAN_POINT('Ctrl Pts',(49.7333953863153,-41.8089745066844,2.67069518903667));
#2852=CARTESIAN_POINT('Ctrl Pts',(49.7618160576985,-41.752133163918,2.69911586041985));
#2853=CARTESIAN_POINT('Ctrl Pts',(49.8089821159383,-41.62918588719,2.74628191865962));
#2854=CARTESIAN_POINT('Ctrl Pts',(49.8729554586338,-41.3060177079791,2.81025526135518));
#2855=CARTESIAN_POINT('Ctrl Pts',(49.8869642659906,-41.0548356950957,2.82426406871193));
#2856=CARTESIAN_POINT('Ctrl Pts',(49.8869642659906,-40.938369924489,2.82426406871193));
#2857=CARTESIAN_POINT('',(50.0627001972786,-41.362569924489,2.22429060684134));
#2858=CARTESIAN_POINT('Ctrl Pts',(49.7333953863153,-41.8089745066844,2.67069518903667));
#2859=CARTESIAN_POINT('Ctrl Pts',(49.7902367290817,-41.7805538353012,2.64227451765349));
#2860=CARTESIAN_POINT('Ctrl Pts',(49.8871059809562,-41.7178117722227,2.57953245457495));
#2861=CARTESIAN_POINT('Ctrl Pts',(50.0216012820925,-41.5529487392849,2.41466942163725));
#2862=CARTESIAN_POINT('Ctrl Pts',(50.0627001972786,-41.4208080810847,2.28252876343704));
#2863=CARTESIAN_POINT('Ctrl Pts',(50.0627001972786,-41.362569924489,2.22429060684134));
#2864=CARTESIAN_POINT('',(50.0627001972786,-40.938369924489,2.4));
#2865=CARTESIAN_POINT('Origin',(50.0627001972786,-40.938369924489,1.80009060684134));
#2866=CARTESIAN_POINT('Origin',(49.4627001972786,-40.938369924489,2.4));
#2867=CARTESIAN_POINT('Ctrl Pts',(49.7333953863153,-41.8089745066844,2.67069518903667));
#2868=CARTESIAN_POINT('Ctrl Pts',(49.7902367290817,-41.7805538353012,2.64227451765349));
#2869=CARTESIAN_POINT('Ctrl Pts',(49.8871059809562,-41.7178117722227,2.57953245457495));
#2870=CARTESIAN_POINT('Ctrl Pts',(50.0216012820925,-41.5529487392849,2.41466942163725));
#2871=CARTESIAN_POINT('Ctrl Pts',(50.0627001972786,-41.4208080810847,2.28252876343704));
#2872=CARTESIAN_POINT('Ctrl Pts',(50.0627001972786,-41.362569924489,2.22429060684134));
#2873=CARTESIAN_POINT('Ctrl Pts',(49.7618160576985,-41.8373951780675,2.6138538462703));
#2874=CARTESIAN_POINT('Ctrl Pts',(49.8128365343078,-41.8086226721566,2.58592801348186));
#2875=CARTESIAN_POINT('Ctrl Pts',(49.9019943014337,-41.7456096763434,2.52319946992738));
#2876=CARTESIAN_POINT('Ctrl Pts',(50.027236926227,-41.5835881268469,2.35875717404685));
#2877=CARTESIAN_POINT('Ctrl Pts',(50.0627001972786,-41.4576167036283,2.23924923460501));
#2878=CARTESIAN_POINT('Ctrl Pts',(50.0627001972786,-41.3995883579238,2.18727217340654));
#2879=CARTESIAN_POINT('Ctrl Pts',(49.8089821159383,-41.8845612363073,2.49090656954232));
#2880=CARTESIAN_POINT('Ctrl Pts',(49.8518183188603,-41.8559468266926,2.46303839411081));
#2881=CARTESIAN_POINT('Ctrl Pts',(49.930519117215,-41.7920792347722,2.3972087913261));
#2882=CARTESIAN_POINT('Ctrl Pts',(50.03981582034,-41.6343775094011,2.23144478755153));
#2883=CARTESIAN_POINT('Ctrl Pts',(50.0627001972786,-41.5219141451069,2.14353038594364));
#2884=CARTESIAN_POINT('Ctrl Pts',(50.0627001972786,-41.4638749662511,2.10349198478965));
#2885=CARTESIAN_POINT('Ctrl Pts',(49.8729554586338,-41.9485345790029,2.16773839033138));
#2886=CARTESIAN_POINT('Ctrl Pts',(49.9095963111209,-41.9165993651717,2.14339696586642));
#2887=CARTESIAN_POINT('Ctrl Pts',(49.9774841536398,-41.8417903047164,2.0863745199149));
#2888=CARTESIAN_POINT('Ctrl Pts',(50.0478697375226,-41.6932239614769,2.00868823714004));
#2889=CARTESIAN_POINT('Ctrl Pts',(50.0627001972786,-41.5835543615667,1.97646613603215));
#2890=CARTESIAN_POINT('Ctrl Pts',(50.0627001972786,-41.5244952748353,1.95714161365045));
#2891=CARTESIAN_POINT('Ctrl Pts',(49.8869642659906,-41.9625433863596,1.91655637744803));
#2892=CARTESIAN_POINT('Ctrl Pts',(49.9219314002261,-41.9275762521241,1.91008605685877));
#2893=CARTESIAN_POINT('Ctrl Pts',(49.9846176428571,-41.8475622920491,1.89599040419459));
#2894=CARTESIAN_POINT('Ctrl Pts',(50.047380494437,-41.7020734949321,1.87328010215281));
#2895=CARTESIAN_POINT('Ctrl Pts',(50.0627001972786,-41.5935480772942,1.85923961553423));
#2896=CARTESIAN_POINT('Ctrl Pts',(50.0627001972786,-41.5382793176477,1.85244257746264));
#2897=CARTESIAN_POINT('Ctrl Pts',(49.8869642659906,-41.9625433863596,1.80009060684134));
#2898=CARTESIAN_POINT('Ctrl Pts',(49.9239882904752,-41.925519361875,1.80009060684134));
#2899=CARTESIAN_POINT('Ctrl Pts',(49.9882846082796,-41.8417265195835,1.80009060684134));
#2900=CARTESIAN_POINT('Ctrl Pts',(50.0489140726042,-41.6953540445316,1.80009060684134));
#2901=CARTESIAN_POINT('Ctrl Pts',(50.0627001972786,-41.5906391952075,1.80009060684134));
#2902=CARTESIAN_POINT('Ctrl Pts',(50.0627001972786,-41.5382793176477,1.80009060684134));
#2903=CARTESIAN_POINT('',(49.8869642659906,-41.9625433863596,1.80009060684134));
#2904=CARTESIAN_POINT('Ctrl Pts',(49.7333953863153,-41.8089745066844,2.67069518903667));
#2905=CARTESIAN_POINT('Ctrl Pts',(49.7618160576985,-41.8373951780675,2.6138538462703));
#2906=CARTESIAN_POINT('Ctrl Pts',(49.8089821159382,-41.8845612363073,2.49090656954232));
#2907=CARTESIAN_POINT('Ctrl Pts',(49.8729554586338,-41.9485345790029,2.16773839033138));
#2908=CARTESIAN_POINT('Ctrl Pts',(49.8869642659906,-41.9625433863596,1.91655637744803));
#2909=CARTESIAN_POINT('Ctrl Pts',(49.8869642659906,-41.9625433863596,1.80009060684134));
#2910=CARTESIAN_POINT('',(50.0627001972786,-41.5382793176477,1.80009060684134));
#2911=CARTESIAN_POINT('Origin',(49.4627001972786,-41.5382793176477,1.80009060684134));
#2912=CARTESIAN_POINT('Origin',(50.0627001972786,-40.938369924489,1.80009060684134));
#2913=CARTESIAN_POINT('Ctrl Pts',(49.7333953863153,-41.8089745066844,2.67069518903667));
#2914=CARTESIAN_POINT('Ctrl Pts',(49.7618160576985,-41.8373951780675,2.6138538462703));
#2915=CARTESIAN_POINT('Ctrl Pts',(49.8089821159382,-41.8845612363073,2.49090656954232));
#2916=CARTESIAN_POINT('Ctrl Pts',(49.8729554586338,-41.9485345790029,2.16773839033138));
#2917=CARTESIAN_POINT('Ctrl Pts',(49.8869642659906,-41.9625433863596,1.91655637744803));
#2918=CARTESIAN_POINT('Ctrl Pts',(49.8869642659906,-41.9625433863596,1.80009060684134));
#2919=CARTESIAN_POINT('Ctrl Pts',(49.7049747149321,-41.8658158494507,2.64227451765349));
#2920=CARTESIAN_POINT('Ctrl Pts',(49.7330435517875,-41.8884156546768,2.58592801348186));
#2921=CARTESIAN_POINT('Ctrl Pts',(49.7803677063236,-41.9273974392293,2.46303839411081));
#2922=CARTESIAN_POINT('Ctrl Pts',(49.8410202448027,-41.98517543149,2.14339696586642));
#2923=CARTESIAN_POINT('Ctrl Pts',(49.8519971317551,-41.9975105205951,1.91008605685877));
#2924=CARTESIAN_POINT('Ctrl Pts',(49.8499402415059,-41.9995674108443,1.80009060684134));
#2925=CARTESIAN_POINT('Ctrl Pts',(49.6422326518536,-41.9626851013252,2.57953245457495));
#2926=CARTESIAN_POINT('Ctrl Pts',(49.6700305559743,-41.9775734218028,2.52319946992738));
#2927=CARTESIAN_POINT('Ctrl Pts',(49.7165001144032,-42.0060982375841,2.3972087913261));
#2928=CARTESIAN_POINT('Ctrl Pts',(49.7662111843473,-42.0530632740088,2.0863745199149));
#2929=CARTESIAN_POINT('Ctrl Pts',(49.77198317168,-42.0601967632261,1.89599040419459));
#2930=CARTESIAN_POINT('Ctrl Pts',(49.7661473992144,-42.0638637286487,1.80009060684134));
#2931=CARTESIAN_POINT('Ctrl Pts',(49.4773696189159,-42.0971804024616,2.41466942163725));
#2932=CARTESIAN_POINT('Ctrl Pts',(49.5080090064779,-42.1028160465961,2.35875717404684));
#2933=CARTESIAN_POINT('Ctrl Pts',(49.558798389032,-42.115394940709,2.23144478755152));
#2934=CARTESIAN_POINT('Ctrl Pts',(49.6176448411079,-42.1234488578916,2.00868823714004));
#2935=CARTESIAN_POINT('Ctrl Pts',(49.6264943745631,-42.1229596148061,1.87328010215281));
#2936=CARTESIAN_POINT('Ctrl Pts',(49.6197749241625,-42.1244931929733,1.80009060684134));
#2937=CARTESIAN_POINT('Ctrl Pts',(49.3452289607157,-42.1382793176477,2.28252876343703));
#2938=CARTESIAN_POINT('Ctrl Pts',(49.3820375832593,-42.1382793176477,2.23924923460501));
#2939=CARTESIAN_POINT('Ctrl Pts',(49.4463350247379,-42.1382793176477,2.14353038594364));
#2940=CARTESIAN_POINT('Ctrl Pts',(49.5079752411977,-42.1382793176477,1.97646613603215));
#2941=CARTESIAN_POINT('Ctrl Pts',(49.5179689569251,-42.1382793176477,1.85923961553423));
#2942=CARTESIAN_POINT('Ctrl Pts',(49.5150600748385,-42.1382793176477,1.80009060684134));
#2943=CARTESIAN_POINT('Ctrl Pts',(49.28699080412,-42.1382793176477,2.22429060684133));
#2944=CARTESIAN_POINT('Ctrl Pts',(49.3240092375548,-42.1382793176477,2.18727217340654));
#2945=CARTESIAN_POINT('Ctrl Pts',(49.3882958458821,-42.1382793176477,2.10349198478965));
#2946=CARTESIAN_POINT('Ctrl Pts',(49.4489161544663,-42.1382793176477,1.95714161365045));
#2947=CARTESIAN_POINT('Ctrl Pts',(49.4627001972787,-42.1382793176477,1.85244257746264));
#2948=CARTESIAN_POINT('Ctrl Pts',(49.4627001972787,-42.1382793176477,1.80009060684134));
#2949=CARTESIAN_POINT('',(49.28699080412,-42.1382793176477,2.22429060684133));
#2950=CARTESIAN_POINT('Ctrl Pts',(49.7333953863153,-41.8089745066844,2.67069518903667));
#2951=CARTESIAN_POINT('Ctrl Pts',(49.7049747149321,-41.8658158494507,2.64227451765349));
#2952=CARTESIAN_POINT('Ctrl Pts',(49.6422326518536,-41.9626851013252,2.57953245457495));
#2953=CARTESIAN_POINT('Ctrl Pts',(49.4773696189159,-42.0971804024616,2.41466942163725));
#2954=CARTESIAN_POINT('Ctrl Pts',(49.3452289607157,-42.1382793176477,2.28252876343703));
#2955=CARTESIAN_POINT('Ctrl Pts',(49.28699080412,-42.1382793176477,2.22429060684133));
#2956=CARTESIAN_POINT('',(49.4627001972786,-42.1382793176477,1.80009060684134));
#2957=CARTESIAN_POINT('Origin',(48.86279080412,-42.1382793176477,1.80009060684134));
#2958=CARTESIAN_POINT('Origin',(49.4627001972786,-41.5382793176477,1.80009060684134));
#2959=CARTESIAN_POINT('Ctrl Pts',(49.7333953863153,-41.8089745066844,2.67069518903667));
#2960=CARTESIAN_POINT('Ctrl Pts',(49.7049747149321,-41.8658158494507,2.64227451765349));
#2961=CARTESIAN_POINT('Ctrl Pts',(49.6422326518536,-41.9626851013252,2.57953245457495));
#2962=CARTESIAN_POINT('Ctrl Pts',(49.4773696189159,-42.0971804024616,2.41466942163725));
#2963=CARTESIAN_POINT('Ctrl Pts',(49.3452289607157,-42.1382793176477,2.28252876343703));
#2964=CARTESIAN_POINT('Ctrl Pts',(49.28699080412,-42.1382793176477,2.22429060684133));
#2965=CARTESIAN_POINT('Ctrl Pts',(49.6765540435489,-41.8373951780675,2.69911586041985));
#2966=CARTESIAN_POINT('Ctrl Pts',(49.6486282107605,-41.8884156546768,2.67034335450888));
#2967=CARTESIAN_POINT('Ctrl Pts',(49.585899667206,-41.9775734218027,2.60733035869565));
#2968=CARTESIAN_POINT('Ctrl Pts',(49.4214573713255,-42.1028160465961,2.4453088091992));
#2969=CARTESIAN_POINT('Ctrl Pts',(49.3019494318837,-42.1382793176477,2.31933738598065));
#2970=CARTESIAN_POINT('Ctrl Pts',(49.2499723706852,-42.1382793176477,2.26130904027613));
#2971=CARTESIAN_POINT('Ctrl Pts',(49.553606766821,-41.8845612363073,2.74628191865962));
#2972=CARTESIAN_POINT('Ctrl Pts',(49.5257385913894,-41.9273974392293,2.71766750904493));
#2973=CARTESIAN_POINT('Ctrl Pts',(49.4599089886047,-42.006098237584,2.65379991712451));
#2974=CARTESIAN_POINT('Ctrl Pts',(49.2941449848301,-42.1153949407091,2.4960981917534));
#2975=CARTESIAN_POINT('Ctrl Pts',(49.2062305832223,-42.1382793176477,2.38363482745924));
#2976=CARTESIAN_POINT('Ctrl Pts',(49.1661921820683,-42.1382793176477,2.32559564860344));
#2977=CARTESIAN_POINT('Ctrl Pts',(49.23043858761,-41.9485345790029,2.81025526135517));
#2978=CARTESIAN_POINT('Ctrl Pts',(49.2060971631451,-41.98517543149,2.77832004752405));
#2979=CARTESIAN_POINT('Ctrl Pts',(49.1490747171935,-42.0530632740088,2.70351098706869));
#2980=CARTESIAN_POINT('Ctrl Pts',(49.0713884344187,-42.1234488578916,2.55494464382921));
#2981=CARTESIAN_POINT('Ctrl Pts',(49.0391663333108,-42.1382793176477,2.44527504391902));
#2982=CARTESIAN_POINT('Ctrl Pts',(49.0198418109291,-42.1382793176477,2.38621595718763));
#2983=CARTESIAN_POINT('Ctrl Pts',(48.9792565747267,-41.9625433863596,2.82426406871193));
#2984=CARTESIAN_POINT('Ctrl Pts',(48.9727862541374,-41.9975105205951,2.78929693447642));
#2985=CARTESIAN_POINT('Ctrl Pts',(48.9586906014732,-42.0601967632261,2.70928297440138));
#2986=CARTESIAN_POINT('Ctrl Pts',(48.9359802994315,-42.1229596148061,2.56379417728444));
#2987=CARTESIAN_POINT('Ctrl Pts',(48.9219398128129,-42.1382793176477,2.45526875964649));
#2988=CARTESIAN_POINT('Ctrl Pts',(48.9151427747413,-42.1382793176477,2.4));
#2989=CARTESIAN_POINT('Ctrl Pts',(48.86279080412,-41.9625433863596,2.82426406871193));
#2990=CARTESIAN_POINT('Ctrl Pts',(48.86279080412,-41.9995674108443,2.78724004422728));
#2991=CARTESIAN_POINT('Ctrl Pts',(48.86279080412,-42.0638637286487,2.70344720193577));
#2992=CARTESIAN_POINT('Ctrl Pts',(48.86279080412,-42.1244931929733,2.55707472688387));
#2993=CARTESIAN_POINT('Ctrl Pts',(48.86279080412,-42.1382793176477,2.45235987755983));
#2994=CARTESIAN_POINT('Ctrl Pts',(48.86279080412,-42.1382793176477,2.4));
#2995=CARTESIAN_POINT('',(48.86279080412,-41.9625433863596,2.82426406871193));
#2996=CARTESIAN_POINT('Ctrl Pts',(49.7333953863153,-41.8089745066844,2.67069518903667));
#2997=CARTESIAN_POINT('Ctrl Pts',(49.6765540435489,-41.8373951780675,2.69911586041985));
#2998=CARTESIAN_POINT('Ctrl Pts',(49.553606766821,-41.8845612363073,2.74628191865962));
#2999=CARTESIAN_POINT('Ctrl Pts',(49.23043858761,-41.9485345790029,2.81025526135517));
#3000=CARTESIAN_POINT('Ctrl Pts',(48.9792565747267,-41.9625433863596,2.82426406871193));
#3001=CARTESIAN_POINT('Ctrl Pts',(48.86279080412,-41.9625433863596,2.82426406871193));
#3002=CARTESIAN_POINT('',(48.86279080412,-42.1382793176477,2.4));
#3003=CARTESIAN_POINT('Origin',(48.86279080412,-41.5382793176477,2.4));
#3004=CARTESIAN_POINT('Origin',(48.86279080412,-42.1382793176477,1.80009060684134));
#3005=CARTESIAN_POINT('Ctrl Pts',(49.7333953863153,-41.8089745066844,2.67069518903667));
#3006=CARTESIAN_POINT('Ctrl Pts',(49.6765540435489,-41.8373951780675,2.69911586041985));
#3007=CARTESIAN_POINT('Ctrl Pts',(49.553606766821,-41.8845612363073,2.74628191865962));
#3008=CARTESIAN_POINT('Ctrl Pts',(49.23043858761,-41.9485345790029,2.81025526135517));
#3009=CARTESIAN_POINT('Ctrl Pts',(48.9792565747267,-41.9625433863596,2.82426406871193));
#3010=CARTESIAN_POINT('Ctrl Pts',(48.86279080412,-41.9625433863596,2.82426406871193));
#3011=CARTESIAN_POINT('Ctrl Pts',(49.7049747149321,-41.7805538353012,2.72753653180304));
#3012=CARTESIAN_POINT('Ctrl Pts',(49.6486282107605,-41.8086226721566,2.75013633702915));
#3013=CARTESIAN_POINT('Ctrl Pts',(49.5257385913894,-41.8559468266926,2.78911812158165));
#3014=CARTESIAN_POINT('Ctrl Pts',(49.2060971631451,-41.9165993651717,2.84689611384229));
#3015=CARTESIAN_POINT('Ctrl Pts',(48.9727862541374,-41.9275762521241,2.85923120294743));
#3016=CARTESIAN_POINT('Ctrl Pts',(48.86279080412,-41.925519361875,2.86128809319658));
#3017=CARTESIAN_POINT('Ctrl Pts',(49.6422326518536,-41.7178117722226,2.82440578367754));
#3018=CARTESIAN_POINT('Ctrl Pts',(49.585899667206,-41.7456096763433,2.83929410415507));
#3019=CARTESIAN_POINT('Ctrl Pts',(49.4599089886048,-41.7920792347722,2.86781891993636));
#3020=CARTESIAN_POINT('Ctrl Pts',(49.1490747171935,-41.8417903047164,2.91478395636111));
#3021=CARTESIAN_POINT('Ctrl Pts',(48.9586906014733,-41.847562292049,2.92191744557842));
#3022=CARTESIAN_POINT('Ctrl Pts',(48.86279080412,-41.8417265195834,2.925584411001));
#3023=CARTESIAN_POINT('Ctrl Pts',(49.4773696189159,-41.5529487392849,2.95890108481389));
#3024=CARTESIAN_POINT('Ctrl Pts',(49.4214573713255,-41.5835881268469,2.96453672894837));
#3025=CARTESIAN_POINT('Ctrl Pts',(49.2941449848301,-41.6343775094011,2.97711562306139));
#3026=CARTESIAN_POINT('Ctrl Pts',(49.0713884344187,-41.6932239614769,2.98516954024397));
#3027=CARTESIAN_POINT('Ctrl Pts',(48.9359802994314,-41.7020734949321,2.9846802971584));
#3028=CARTESIAN_POINT('Ctrl Pts',(48.86279080412,-41.6953540445316,2.98621387532561));
#3029=CARTESIAN_POINT('Ctrl Pts',(49.3452289607157,-41.4208080810847,3.));
#3030=CARTESIAN_POINT('Ctrl Pts',(49.3019494318837,-41.4576167036283,3.));
#3031=CARTESIAN_POINT('Ctrl Pts',(49.2062305832223,-41.5219141451069,3.));
#3032=CARTESIAN_POINT('Ctrl Pts',(49.0391663333108,-41.5835543615667,3.));
#3033=CARTESIAN_POINT('Ctrl Pts',(48.9219398128129,-41.5935480772942,3.));
#3034=CARTESIAN_POINT('Ctrl Pts',(48.86279080412,-41.5906391952075,3.));
#3035=CARTESIAN_POINT('Ctrl Pts',(49.28699080412,-41.362569924489,3.));
#3036=CARTESIAN_POINT('Ctrl Pts',(49.2499723706852,-41.3995883579238,3.));
#3037=CARTESIAN_POINT('Ctrl Pts',(49.1661921820683,-41.4638749662511,3.));
#3038=CARTESIAN_POINT('Ctrl Pts',(49.0198418109291,-41.5244952748353,3.));
#3039=CARTESIAN_POINT('Ctrl Pts',(48.9151427747413,-41.5382793176477,3.));
#3040=CARTESIAN_POINT('Ctrl Pts',(48.86279080412,-41.5382793176477,3.));
#3041=CARTESIAN_POINT('',(49.28699080412,-41.362569924489,3.));
#3042=CARTESIAN_POINT('Ctrl Pts',(49.7333953863153,-41.8089745066844,2.67069518903667));
#3043=CARTESIAN_POINT('Ctrl Pts',(49.7049747149321,-41.7805538353012,2.72753653180304));
#3044=CARTESIAN_POINT('Ctrl Pts',(49.6422326518536,-41.7178117722226,2.82440578367754));
#3045=CARTESIAN_POINT('Ctrl Pts',(49.4773696189159,-41.5529487392849,2.95890108481389));
#3046=CARTESIAN_POINT('Ctrl Pts',(49.3452289607157,-41.4208080810847,3.));
#3047=CARTESIAN_POINT('Ctrl Pts',(49.28699080412,-41.362569924489,3.));
#3048=CARTESIAN_POINT('',(48.86279080412,-41.5382793176477,3.));
#3049=CARTESIAN_POINT('Origin',(48.86279080412,-40.938369924489,3.));
#3050=CARTESIAN_POINT('Origin',(48.86279080412,-41.5382793176477,2.4));
#3051=CARTESIAN_POINT('Ctrl Pts',(49.7333953863153,32.532415871389,2.67069518903667));
#3052=CARTESIAN_POINT('Ctrl Pts',(49.7618160576985,32.5608365427722,2.6138538462703));
#3053=CARTESIAN_POINT('Ctrl Pts',(49.8089821159383,32.6080026010119,2.49090656954232));
#3054=CARTESIAN_POINT('Ctrl Pts',(49.8729554586338,32.6719759437075,2.16773839033138));
#3055=CARTESIAN_POINT('Ctrl Pts',(49.8869642659906,32.6859847510642,1.91655637744803));
#3056=CARTESIAN_POINT('Ctrl Pts',(49.8869642659906,32.6859847510642,1.80009060684133));
#3057=CARTESIAN_POINT('Ctrl Pts',(49.7902367290817,32.5039952000058,2.64227451765348));
#3058=CARTESIAN_POINT('Ctrl Pts',(49.8128365343078,32.5320640368612,2.58592801348186));
#3059=CARTESIAN_POINT('Ctrl Pts',(49.8518183188603,32.5793881913972,2.46303839411081));
#3060=CARTESIAN_POINT('Ctrl Pts',(49.909596311121,32.6400407298764,2.14339696586642));
#3061=CARTESIAN_POINT('Ctrl Pts',(49.9219314002261,32.6510176168287,1.91008605685877));
#3062=CARTESIAN_POINT('Ctrl Pts',(49.9239882904752,32.6489607265796,1.80009060684133));
#3063=CARTESIAN_POINT('Ctrl Pts',(49.8871059809562,32.4412531369273,2.57953245457495));
#3064=CARTESIAN_POINT('Ctrl Pts',(49.9019943014337,32.469051041048,2.52319946992738));
#3065=CARTESIAN_POINT('Ctrl Pts',(49.930519117215,32.5155205994768,2.3972087913261));
#3066=CARTESIAN_POINT('Ctrl Pts',(49.9774841536397,32.565231669421,2.0863745199149));
#3067=CARTESIAN_POINT('Ctrl Pts',(49.9846176428571,32.5710036567537,1.89599040419459));
#3068=CARTESIAN_POINT('Ctrl Pts',(49.9882846082796,32.5651678842881,1.80009060684133));
#3069=CARTESIAN_POINT('Ctrl Pts',(50.0216012820925,32.2763901039895,2.41466942163725));
#3070=CARTESIAN_POINT('Ctrl Pts',(50.027236926227,32.3070294915515,2.35875717404684));
#3071=CARTESIAN_POINT('Ctrl Pts',(50.03981582034,32.3578188741057,2.23144478755152));
#3072=CARTESIAN_POINT('Ctrl Pts',(50.0478697375226,32.4166653261815,2.00868823714004));
#3073=CARTESIAN_POINT('Ctrl Pts',(50.047380494437,32.4255148596367,1.8732801021528));
#3074=CARTESIAN_POINT('Ctrl Pts',(50.0489140726042,32.4187954092362,1.80009060684133));
#3075=CARTESIAN_POINT('Ctrl Pts',(50.0627001972786,32.1442494457893,2.28252876343703));
#3076=CARTESIAN_POINT('Ctrl Pts',(50.0627001972786,32.181058068333,2.23924923460501));
#3077=CARTESIAN_POINT('Ctrl Pts',(50.0627001972786,32.2453555098115,2.14353038594363));
#3078=CARTESIAN_POINT('Ctrl Pts',(50.0627001972787,32.3069957262713,1.97646613603214));
#3079=CARTESIAN_POINT('Ctrl Pts',(50.0627001972786,32.3169894419988,1.85923961553423));
#3080=CARTESIAN_POINT('Ctrl Pts',(50.0627001972786,32.3140805599121,1.80009060684133));
#3081=CARTESIAN_POINT('Ctrl Pts',(50.0627001972786,32.0860112891936,2.22429060684133));
#3082=CARTESIAN_POINT('Ctrl Pts',(50.0627001972786,32.1230297226284,2.18727217340653));
#3083=CARTESIAN_POINT('Ctrl Pts',(50.0627001972786,32.1873163309557,2.10349198478964));
#3084=CARTESIAN_POINT('Ctrl Pts',(50.0627001972787,32.24793663954,1.95714161365045));
#3085=CARTESIAN_POINT('Ctrl Pts',(50.0627001972786,32.2617206823523,1.85244257746263));
#3086=CARTESIAN_POINT('Ctrl Pts',(50.0627001972786,32.2617206823523,1.80009060684133));
#3087=CARTESIAN_POINT('',(49.7333953863153,32.532415871389,2.67069518903667));
#3088=CARTESIAN_POINT('',(49.8869642659906,32.6859847510642,1.80009060684133));
#3089=CARTESIAN_POINT('Ctrl Pts',(49.7333953863153,32.532415871389,2.67069518903667));
#3090=CARTESIAN_POINT('Ctrl Pts',(49.7618160576985,32.5608365427722,2.6138538462703));
#3091=CARTESIAN_POINT('Ctrl Pts',(49.8089821159383,32.6080026010119,2.49090656954232));
#3092=CARTESIAN_POINT('Ctrl Pts',(49.8729554586338,32.6719759437075,2.16773839033138));
#3093=CARTESIAN_POINT('Ctrl Pts',(49.8869642659906,32.6859847510642,1.91655637744803));
#3094=CARTESIAN_POINT('Ctrl Pts',(49.8869642659906,32.6859847510642,1.80009060684133));
#3095=CARTESIAN_POINT('',(50.0627001972786,32.0860112891936,2.22429060684133));
#3096=CARTESIAN_POINT('Ctrl Pts',(49.7333953863153,32.532415871389,2.67069518903667));
#3097=CARTESIAN_POINT('Ctrl Pts',(49.7902367290817,32.5039952000058,2.64227451765348));
#3098=CARTESIAN_POINT('Ctrl Pts',(49.8871059809562,32.4412531369273,2.57953245457495));
#3099=CARTESIAN_POINT('Ctrl Pts',(50.0216012820925,32.2763901039895,2.41466942163725));
#3100=CARTESIAN_POINT('Ctrl Pts',(50.0627001972786,32.1442494457893,2.28252876343703));
#3101=CARTESIAN_POINT('Ctrl Pts',(50.0627001972786,32.0860112891936,2.22429060684133));
#3102=CARTESIAN_POINT('',(50.0627001972786,32.2617206823523,1.80009060684133));
#3103=CARTESIAN_POINT('Origin',(50.0627001972786,31.6618112891936,1.80009060684133));
#3104=CARTESIAN_POINT('Origin',(49.4627001972786,32.2617206823523,1.80009060684133));
#3105=CARTESIAN_POINT('Ctrl Pts',(49.7333953863153,32.532415871389,2.67069518903667));
#3106=CARTESIAN_POINT('Ctrl Pts',(49.7902367290817,32.5039952000058,2.64227451765348));
#3107=CARTESIAN_POINT('Ctrl Pts',(49.8871059809562,32.4412531369273,2.57953245457495));
#3108=CARTESIAN_POINT('Ctrl Pts',(50.0216012820925,32.2763901039895,2.41466942163725));
#3109=CARTESIAN_POINT('Ctrl Pts',(50.0627001972786,32.1442494457893,2.28252876343703));
#3110=CARTESIAN_POINT('Ctrl Pts',(50.0627001972786,32.0860112891936,2.22429060684133));
#3111=CARTESIAN_POINT('Ctrl Pts',(49.7618160576985,32.4755745286226,2.69911586041985));
#3112=CARTESIAN_POINT('Ctrl Pts',(49.8128365343078,32.4476486958342,2.67034335450888));
#3113=CARTESIAN_POINT('Ctrl Pts',(49.9019943014337,32.3849201522797,2.60733035869565));
#3114=CARTESIAN_POINT('Ctrl Pts',(50.027236926227,32.2204778563991,2.4453088091992));
#3115=CARTESIAN_POINT('Ctrl Pts',(50.0627001972786,32.1009699169573,2.31933738598065));
#3116=CARTESIAN_POINT('Ctrl Pts',(50.0627001972786,32.0489928557588,2.26130904027613));
#3117=CARTESIAN_POINT('Ctrl Pts',(49.8089821159382,32.3526272518946,2.74628191865962));
#3118=CARTESIAN_POINT('Ctrl Pts',(49.8518183188603,32.3247590764631,2.71766750904493));
#3119=CARTESIAN_POINT('Ctrl Pts',(49.930519117215,32.2589294736784,2.65379991712451));
#3120=CARTESIAN_POINT('Ctrl Pts',(50.03981582034,32.0931654699038,2.4960981917534));
#3121=CARTESIAN_POINT('Ctrl Pts',(50.0627001972786,32.0052510682959,2.38363482745924));
#3122=CARTESIAN_POINT('Ctrl Pts',(50.0627001972786,31.965212667142,2.32559564860344));
#3123=CARTESIAN_POINT('Ctrl Pts',(49.8729554586338,32.0294590726837,2.81025526135517));
#3124=CARTESIAN_POINT('Ctrl Pts',(49.9095963111209,32.0051176482187,2.77832004752405));
#3125=CARTESIAN_POINT('Ctrl Pts',(49.9774841536398,31.9480952022672,2.70351098706868));
#3126=CARTESIAN_POINT('Ctrl Pts',(50.0478697375226,31.8704089194923,2.55494464382922));
#3127=CARTESIAN_POINT('Ctrl Pts',(50.0627001972786,31.8381868183845,2.44527504391902));
#3128=CARTESIAN_POINT('Ctrl Pts',(50.0627001972786,31.8188622960028,2.38621595718763));
#3129=CARTESIAN_POINT('Ctrl Pts',(49.8869642659906,31.7782770598003,2.82426406871193));
#3130=CARTESIAN_POINT('Ctrl Pts',(49.9219314002261,31.7718067392111,2.78929693447642));
#3131=CARTESIAN_POINT('Ctrl Pts',(49.9846176428571,31.7577110865469,2.70928297440138));
#3132=CARTESIAN_POINT('Ctrl Pts',(50.047380494437,31.7350007845051,2.56379417728444));
#3133=CARTESIAN_POINT('Ctrl Pts',(50.0627001972786,31.7209602978865,2.45526875964649));
#3134=CARTESIAN_POINT('Ctrl Pts',(50.0627001972786,31.7141632598149,2.4));
#3135=CARTESIAN_POINT('Ctrl Pts',(49.8869642659906,31.6618112891936,2.82426406871193));
#3136=CARTESIAN_POINT('Ctrl Pts',(49.9239882904752,31.6618112891936,2.78724004422727));
#3137=CARTESIAN_POINT('Ctrl Pts',(49.9882846082796,31.6618112891937,2.70344720193578));
#3138=CARTESIAN_POINT('Ctrl Pts',(50.0489140726042,31.6618112891936,2.55707472688387));
#3139=CARTESIAN_POINT('Ctrl Pts',(50.0627001972786,31.6618112891936,2.45235987755983));
#3140=CARTESIAN_POINT('Ctrl Pts',(50.0627001972786,31.6618112891936,2.4));
#3141=CARTESIAN_POINT('',(49.8869642659906,31.6618112891936,2.82426406871193));
#3142=CARTESIAN_POINT('Ctrl Pts',(49.7333953863153,32.532415871389,2.67069518903667));
#3143=CARTESIAN_POINT('Ctrl Pts',(49.7618160576985,32.4755745286226,2.69911586041985));
#3144=CARTESIAN_POINT('Ctrl Pts',(49.8089821159382,32.3526272518946,2.74628191865962));
#3145=CARTESIAN_POINT('Ctrl Pts',(49.8729554586338,32.0294590726837,2.81025526135518));
#3146=CARTESIAN_POINT('Ctrl Pts',(49.8869642659906,31.7782770598003,2.82426406871193));
#3147=CARTESIAN_POINT('Ctrl Pts',(49.8869642659906,31.6618112891936,2.82426406871193));
#3148=CARTESIAN_POINT('',(50.0627001972786,31.6618112891936,2.4));
#3149=CARTESIAN_POINT('Origin',(49.4627001972786,31.6618112891936,2.4));
#3150=CARTESIAN_POINT('Origin',(50.0627001972786,31.6618112891936,1.80009060684133));
#3151=CARTESIAN_POINT('Ctrl Pts',(49.7333953863153,32.532415871389,2.67069518903667));
#3152=CARTESIAN_POINT('Ctrl Pts',(49.7618160576985,32.4755745286226,2.69911586041985));
#3153=CARTESIAN_POINT('Ctrl Pts',(49.8089821159382,32.3526272518946,2.74628191865962));
#3154=CARTESIAN_POINT('Ctrl Pts',(49.8729554586338,32.0294590726837,2.81025526135518));
#3155=CARTESIAN_POINT('Ctrl Pts',(49.8869642659906,31.7782770598003,2.82426406871193));
#3156=CARTESIAN_POINT('Ctrl Pts',(49.8869642659906,31.6618112891936,2.82426406871193));
#3157=CARTESIAN_POINT('Ctrl Pts',(49.7049747149321,32.5039952000058,2.72753653180304));
#3158=CARTESIAN_POINT('Ctrl Pts',(49.7330435517875,32.4476486958342,2.75013633702915));
#3159=CARTESIAN_POINT('Ctrl Pts',(49.7803677063236,32.3247590764631,2.78911812158165));
#3160=CARTESIAN_POINT('Ctrl Pts',(49.8410202448027,32.0051176482187,2.84689611384229));
#3161=CARTESIAN_POINT('Ctrl Pts',(49.851997131755,31.7718067392111,2.85923120294743));
#3162=CARTESIAN_POINT('Ctrl Pts',(49.8499402415059,31.6618112891936,2.86128809319658));
#3163=CARTESIAN_POINT('Ctrl Pts',(49.6422326518536,32.4412531369273,2.82440578367754));
#3164=CARTESIAN_POINT('Ctrl Pts',(49.6700305559743,32.3849201522797,2.83929410415507));
#3165=CARTESIAN_POINT('Ctrl Pts',(49.7165001144032,32.2589294736784,2.86781891993636));
#3166=CARTESIAN_POINT('Ctrl Pts',(49.7662111843473,31.9480952022672,2.91478395636111));
#3167=CARTESIAN_POINT('Ctrl Pts',(49.77198317168,31.7577110865469,2.92191744557842));
#3168=CARTESIAN_POINT('Ctrl Pts',(49.7661473992144,31.6618112891936,2.925584411001));
#3169=CARTESIAN_POINT('Ctrl Pts',(49.4773696189159,32.2763901039896,2.95890108481389));
#3170=CARTESIAN_POINT('Ctrl Pts',(49.5080090064778,32.2204778563991,2.96453672894837));
#3171=CARTESIAN_POINT('Ctrl Pts',(49.558798389032,32.0931654699038,2.97711562306139));
#3172=CARTESIAN_POINT('Ctrl Pts',(49.6176448411079,31.8704089194924,2.98516954024397));
#3173=CARTESIAN_POINT('Ctrl Pts',(49.6264943745631,31.7350007845051,2.9846802971584));
#3174=CARTESIAN_POINT('Ctrl Pts',(49.6197749241625,31.6618112891936,2.98621387532561));
#3175=CARTESIAN_POINT('Ctrl Pts',(49.3452289607157,32.1442494457893,3.));
#3176=CARTESIAN_POINT('Ctrl Pts',(49.3820375832593,32.1009699169573,3.));
#3177=CARTESIAN_POINT('Ctrl Pts',(49.4463350247379,32.005251068296,3.));
#3178=CARTESIAN_POINT('Ctrl Pts',(49.5079752411977,31.8381868183845,3.));
#3179=CARTESIAN_POINT('Ctrl Pts',(49.5179689569251,31.7209602978865,3.));
#3180=CARTESIAN_POINT('Ctrl Pts',(49.5150600748385,31.6618112891936,3.));
#3181=CARTESIAN_POINT('Ctrl Pts',(49.28699080412,32.0860112891936,3.));
#3182=CARTESIAN_POINT('Ctrl Pts',(49.3240092375548,32.0489928557588,3.));
#3183=CARTESIAN_POINT('Ctrl Pts',(49.3882958458821,31.965212667142,3.));
#3184=CARTESIAN_POINT('Ctrl Pts',(49.4489161544663,31.8188622960027,3.));
#3185=CARTESIAN_POINT('Ctrl Pts',(49.4627001972786,31.7141632598149,3.));
#3186=CARTESIAN_POINT('Ctrl Pts',(49.4627001972786,31.6618112891936,3.));
#3187=CARTESIAN_POINT('',(49.28699080412,32.0860112891936,3.));
#3188=CARTESIAN_POINT('Ctrl Pts',(49.7333953863153,32.532415871389,2.67069518903667));
#3189=CARTESIAN_POINT('Ctrl Pts',(49.7049747149321,32.5039952000058,2.72753653180304));
#3190=CARTESIAN_POINT('Ctrl Pts',(49.6422326518536,32.4412531369273,2.82440578367754));
#3191=CARTESIAN_POINT('Ctrl Pts',(49.4773696189159,32.2763901039896,2.95890108481389));
#3192=CARTESIAN_POINT('Ctrl Pts',(49.3452289607157,32.1442494457893,3.));
#3193=CARTESIAN_POINT('Ctrl Pts',(49.28699080412,32.0860112891936,3.));
#3194=CARTESIAN_POINT('',(49.4627001972786,31.6618112891936,3.));
#3195=CARTESIAN_POINT('Origin',(48.86279080412,31.6618112891936,3.));
#3196=CARTESIAN_POINT('Origin',(49.4627001972786,31.6618112891936,2.4));
#3197=CARTESIAN_POINT('Ctrl Pts',(49.7333953863153,32.532415871389,2.67069518903667));
#3198=CARTESIAN_POINT('Ctrl Pts',(49.7049747149321,32.5039952000058,2.72753653180304));
#3199=CARTESIAN_POINT('Ctrl Pts',(49.6422326518536,32.4412531369273,2.82440578367754));
#3200=CARTESIAN_POINT('Ctrl Pts',(49.4773696189159,32.2763901039896,2.95890108481389));
#3201=CARTESIAN_POINT('Ctrl Pts',(49.3452289607157,32.1442494457893,3.));
#3202=CARTESIAN_POINT('Ctrl Pts',(49.28699080412,32.0860112891936,3.));
#3203=CARTESIAN_POINT('Ctrl Pts',(49.6765540435489,32.5608365427722,2.69911586041985));
#3204=CARTESIAN_POINT('Ctrl Pts',(49.6486282107605,32.5320640368612,2.75013633702915));
#3205=CARTESIAN_POINT('Ctrl Pts',(49.585899667206,32.469051041048,2.83929410415507));
#3206=CARTESIAN_POINT('Ctrl Pts',(49.4214573713255,32.3070294915515,2.96453672894837));
#3207=CARTESIAN_POINT('Ctrl Pts',(49.3019494318836,32.181058068333,3.));
#3208=CARTESIAN_POINT('Ctrl Pts',(49.2499723706852,32.1230297226284,3.));
#3209=CARTESIAN_POINT('Ctrl Pts',(49.553606766821,32.6080026010119,2.74628191865962));
#3210=CARTESIAN_POINT('Ctrl Pts',(49.5257385913894,32.5793881913972,2.78911812158165));
#3211=CARTESIAN_POINT('Ctrl Pts',(49.4599089886047,32.5155205994768,2.86781891993636));
#3212=CARTESIAN_POINT('Ctrl Pts',(49.2941449848302,32.3578188741057,2.97711562306139));
#3213=CARTESIAN_POINT('Ctrl Pts',(49.2062305832223,32.2453555098115,3.));
#3214=CARTESIAN_POINT('Ctrl Pts',(49.1661921820683,32.1873163309557,3.));
#3215=CARTESIAN_POINT('Ctrl Pts',(49.23043858761,32.6719759437075,2.81025526135518));
#3216=CARTESIAN_POINT('Ctrl Pts',(49.2060971631451,32.6400407298763,2.84689611384229));
#3217=CARTESIAN_POINT('Ctrl Pts',(49.1490747171935,32.565231669421,2.91478395636111));
#3218=CARTESIAN_POINT('Ctrl Pts',(49.0713884344187,32.4166653261815,2.98516954024397));
#3219=CARTESIAN_POINT('Ctrl Pts',(49.0391663333108,32.3069957262713,3.));
#3220=CARTESIAN_POINT('Ctrl Pts',(49.0198418109291,32.2479366395399,3.));
#3221=CARTESIAN_POINT('Ctrl Pts',(48.9792565747267,32.6859847510642,2.82426406871193));
#3222=CARTESIAN_POINT('Ctrl Pts',(48.9727862541374,32.6510176168287,2.85923120294744));
#3223=CARTESIAN_POINT('Ctrl Pts',(48.9586906014732,32.5710036567537,2.92191744557842));
#3224=CARTESIAN_POINT('Ctrl Pts',(48.9359802994314,32.4255148596368,2.9846802971584));
#3225=CARTESIAN_POINT('Ctrl Pts',(48.9219398128129,32.3169894419988,3.));
#3226=CARTESIAN_POINT('Ctrl Pts',(48.9151427747413,32.2617206823523,3.));
#3227=CARTESIAN_POINT('Ctrl Pts',(48.86279080412,32.6859847510642,2.82426406871193));
#3228=CARTESIAN_POINT('Ctrl Pts',(48.86279080412,32.6489607265796,2.86128809319658));
#3229=CARTESIAN_POINT('Ctrl Pts',(48.86279080412,32.5651678842881,2.925584411001));
#3230=CARTESIAN_POINT('Ctrl Pts',(48.86279080412,32.4187954092362,2.98621387532561));
#3231=CARTESIAN_POINT('Ctrl Pts',(48.86279080412,32.3140805599121,3.));
#3232=CARTESIAN_POINT('Ctrl Pts',(48.86279080412,32.2617206823523,3.));
#3233=CARTESIAN_POINT('',(48.86279080412,32.6859847510642,2.82426406871193));
#3234=CARTESIAN_POINT('Ctrl Pts',(49.7333953863153,32.532415871389,2.67069518903667));
#3235=CARTESIAN_POINT('Ctrl Pts',(49.6765540435489,32.5608365427722,2.69911586041985));
#3236=CARTESIAN_POINT('Ctrl Pts',(49.553606766821,32.6080026010119,2.74628191865962));
#3237=CARTESIAN_POINT('Ctrl Pts',(49.23043858761,32.6719759437075,2.81025526135518));
#3238=CARTESIAN_POINT('Ctrl Pts',(48.9792565747267,32.6859847510642,2.82426406871193));
#3239=CARTESIAN_POINT('Ctrl Pts',(48.86279080412,32.6859847510642,2.82426406871193));
#3240=CARTESIAN_POINT('',(48.86279080412,32.2617206823523,3.));
#3241=CARTESIAN_POINT('Origin',(48.86279080412,32.2617206823523,2.4));
#3242=CARTESIAN_POINT('Origin',(48.86279080412,31.6618112891936,3.));
#3243=CARTESIAN_POINT('Ctrl Pts',(49.7333953863153,32.532415871389,2.67069518903667));
#3244=CARTESIAN_POINT('Ctrl Pts',(49.6765540435489,32.5608365427722,2.69911586041985));
#3245=CARTESIAN_POINT('Ctrl Pts',(49.553606766821,32.6080026010119,2.74628191865962));
#3246=CARTESIAN_POINT('Ctrl Pts',(49.23043858761,32.6719759437075,2.81025526135518));
#3247=CARTESIAN_POINT('Ctrl Pts',(48.9792565747267,32.6859847510642,2.82426406871193));
#3248=CARTESIAN_POINT('Ctrl Pts',(48.86279080412,32.6859847510642,2.82426406871193));
#3249=CARTESIAN_POINT('Ctrl Pts',(49.7049747149321,32.5892572141553,2.64227451765348));
#3250=CARTESIAN_POINT('Ctrl Pts',(49.6486282107605,32.6118570193815,2.67034335450888));
#3251=CARTESIAN_POINT('Ctrl Pts',(49.5257385913895,32.650838803934,2.71766750904493));
#3252=CARTESIAN_POINT('Ctrl Pts',(49.2060971631451,32.7086167961946,2.77832004752405));
#3253=CARTESIAN_POINT('Ctrl Pts',(48.9727862541374,32.7209518852998,2.78929693447642));
#3254=CARTESIAN_POINT('Ctrl Pts',(48.86279080412,32.7230087755489,2.78724004422728));
#3255=CARTESIAN_POINT('Ctrl Pts',(49.6422326518536,32.6861264660299,2.57953245457495));
#3256=CARTESIAN_POINT('Ctrl Pts',(49.585899667206,32.7010147865074,2.60733035869565));
#3257=CARTESIAN_POINT('Ctrl Pts',(49.4599089886048,32.7295396022886,2.65379991712452));
#3258=CARTESIAN_POINT('Ctrl Pts',(49.1490747171935,32.7765046387134,2.70351098706869));
#3259=CARTESIAN_POINT('Ctrl Pts',(48.9586906014732,32.7836381279307,2.70928297440138));
#3260=CARTESIAN_POINT('Ctrl Pts',(48.86279080412,32.7873050933533,2.70344720193578));
#3261=CARTESIAN_POINT('Ctrl Pts',(49.4773696189159,32.8206217671662,2.41466942163725));
#3262=CARTESIAN_POINT('Ctrl Pts',(49.4214573713255,32.8262574113007,2.4453088091992));
#3263=CARTESIAN_POINT('Ctrl Pts',(49.2941449848301,32.8388363054137,2.4960981917534));
#3264=CARTESIAN_POINT('Ctrl Pts',(49.0713884344187,32.8468902225963,2.55494464382922));
#3265=CARTESIAN_POINT('Ctrl Pts',(48.9359802994314,32.8464009795107,2.56379417728444));
#3266=CARTESIAN_POINT('Ctrl Pts',(48.86279080412,32.8479345576779,2.55707472688387));
#3267=CARTESIAN_POINT('Ctrl Pts',(49.3452289607157,32.8617206823523,2.28252876343704));
#3268=CARTESIAN_POINT('Ctrl Pts',(49.3019494318836,32.8617206823523,2.31933738598065));
#3269=CARTESIAN_POINT('Ctrl Pts',(49.2062305832223,32.8617206823523,2.38363482745924));
#3270=CARTESIAN_POINT('Ctrl Pts',(49.0391663333108,32.8617206823523,2.44527504391902));
#3271=CARTESIAN_POINT('Ctrl Pts',(48.9219398128129,32.8617206823523,2.45526875964649));
#3272=CARTESIAN_POINT('Ctrl Pts',(48.86279080412,32.8617206823523,2.45235987755983));
#3273=CARTESIAN_POINT('Ctrl Pts',(49.28699080412,32.8617206823523,2.22429060684134));
#3274=CARTESIAN_POINT('Ctrl Pts',(49.2499723706852,32.8617206823523,2.26130904027614));
#3275=CARTESIAN_POINT('Ctrl Pts',(49.1661921820683,32.8617206823523,2.32559564860344));
#3276=CARTESIAN_POINT('Ctrl Pts',(49.0198418109291,32.8617206823523,2.38621595718763));
#3277=CARTESIAN_POINT('Ctrl Pts',(48.9151427747413,32.8617206823523,2.4));
#3278=CARTESIAN_POINT('Ctrl Pts',(48.86279080412,32.8617206823523,2.4));
#3279=CARTESIAN_POINT('',(49.28699080412,32.8617206823523,2.22429060684134));
#3280=CARTESIAN_POINT('Ctrl Pts',(49.7333953863153,32.532415871389,2.67069518903667));
#3281=CARTESIAN_POINT('Ctrl Pts',(49.7049747149321,32.5892572141553,2.64227451765348));
#3282=CARTESIAN_POINT('Ctrl Pts',(49.6422326518536,32.6861264660299,2.57953245457495));
#3283=CARTESIAN_POINT('Ctrl Pts',(49.4773696189159,32.8206217671662,2.41466942163725));
#3284=CARTESIAN_POINT('Ctrl Pts',(49.3452289607157,32.8617206823523,2.28252876343704));
#3285=CARTESIAN_POINT('Ctrl Pts',(49.28699080412,32.8617206823523,2.22429060684134));
#3286=CARTESIAN_POINT('',(48.86279080412,32.8617206823523,2.4));
#3287=CARTESIAN_POINT('Origin',(48.86279080412,32.8617206823523,1.80009060684133));
#3288=CARTESIAN_POINT('Origin',(48.86279080412,32.2617206823523,2.4));
#3289=CARTESIAN_POINT('Origin',(21.2813504190143,-32.000000461936,2.));
#3290=CARTESIAN_POINT('',(17.0000002831221,-33.000000461936,3.));
#3291=CARTESIAN_POINT('',(45.0000006407499,-33.000000461936,3.));
#3292=CARTESIAN_POINT('',(21.2813504190143,-33.000000461936,3.));
#3293=CARTESIAN_POINT('',(43.0000006407499,-31.000000461936,1.));
#3294=CARTESIAN_POINT('',(45.0000006407499,-33.000000461936,3.));
#3295=CARTESIAN_POINT('',(19.0000002831221,-31.000000461936,1.));
#3296=CARTESIAN_POINT('',(21.2813504190143,-31.000000461936,1.));
#3297=CARTESIAN_POINT('',(17.0000002831221,-33.000000461936,3.));
#3298=CARTESIAN_POINT('Origin',(44.0000006407499,9.18086051253951,2.));
#3299=CARTESIAN_POINT('',(45.0000006407499,25.0000003427267,3.));
#3300=CARTESIAN_POINT('',(45.0000006407499,9.18086051253951,3.));
#3301=CARTESIAN_POINT('',(43.0000006407499,23.0000003427267,1.));
#3302=CARTESIAN_POINT('',(45.0000006407499,25.0000003427267,3.));
#3303=CARTESIAN_POINT('',(43.0000006407499,9.18086051253951,1.));
#3304=CARTESIAN_POINT('Origin',(18.0000002831221,-17.8191398897918,2.));
#3305=CARTESIAN_POINT('',(19.0000002831221,23.0000003427267,1.));
#3306=CARTESIAN_POINT('',(19.0000002831221,-17.8191398897918,1.));
#3307=CARTESIAN_POINT('',(17.0000002831221,25.0000003427267,3.));
#3308=CARTESIAN_POINT('',(19.0000002831221,23.0000003427267,1.));
#3309=CARTESIAN_POINT('',(17.0000002831221,-17.8191398897918,3.));
#3310=CARTESIAN_POINT('Origin',(9.28135024020035,24.0000003427267,2.));
#3311=CARTESIAN_POINT('',(9.28135024020035,25.0000003427267,3.));
#3312=CARTESIAN_POINT('',(9.28135024020035,23.0000003427267,1.));
#3313=CARTESIAN_POINT('Origin',(19.0000002831221,-31.000000461936,3.));
#3314=CARTESIAN_POINT('',(19.0000002831221,-31.000000461936,0.));
#3315=CARTESIAN_POINT('',(19.0000002831221,-31.000000461936,3.));
#3316=CARTESIAN_POINT('',(19.0000002831221,23.0000003427267,0.));
#3317=CARTESIAN_POINT('',(19.0000002831221,-17.8191398897918,0.));
#3318=CARTESIAN_POINT('',(19.0000002831221,23.0000003427267,3.));
#3319=CARTESIAN_POINT('Origin',(43.0000006407499,-31.000000461936,3.));
#3320=CARTESIAN_POINT('',(43.0000006407499,-31.000000461936,0.));
#3321=CARTESIAN_POINT('',(43.0000006407499,-31.000000461936,3.));
#3322=CARTESIAN_POINT('',(21.2813504190143,-31.000000461936,0.));
#3323=CARTESIAN_POINT('Origin',(-0.437299802721363,-4.63827931764769,3.));
#3324=CARTESIAN_POINT('',(47.2811066723701,-41.5382793176477,3.));
#3325=CARTESIAN_POINT('',(-47.7810947475553,-41.5382793176477,3.));
#3326=CARTESIAN_POINT('',(-25.6872998027214,-41.5382793176477,3.));
#3327=CARTESIAN_POINT('',(49.4627001972786,-38.9081344636817,3.));
#3328=CARTESIAN_POINT('Origin',(47.4999989382923,-39.4999991171062,3.));
#3329=CARTESIAN_POINT('',(49.4627001972786,29.9081299331545,3.));
#3330=CARTESIAN_POINT('',(49.4627001972786,-23.3882793176477,3.));
#3331=CARTESIAN_POINT('',(46.451744136767,32.2617206823523,3.));
#3332=CARTESIAN_POINT('Origin',(47.5000007078052,30.5000004544854,3.));
#3333=CARTESIAN_POINT('',(-47.4517441516682,32.2617206823523,3.));
#3334=CARTESIAN_POINT('',(24.8127001972786,32.2617206823523,3.));
#3335=CARTESIAN_POINT('',(-46.4500007227063,30.5000004544854,3.));
#3336=CARTESIAN_POINT('Origin',(-48.5000007227063,30.5000004544854,3.));
#3337=CARTESIAN_POINT('',(-50.3372998027214,29.5906973748822,3.));
#3338=CARTESIAN_POINT('Origin',(-48.5000007227063,30.5000004544854,3.));
#3339=CARTESIAN_POINT('',(-50.3372998027214,14.1117206823523,3.));
#3340=CARTESIAN_POINT('',(-48.2189066829562,-41.5382793176477,3.));
#3341=CARTESIAN_POINT('',(-25.6872998027214,-41.5382793176477,3.));
#3342=CARTESIAN_POINT('',(-45.9500007152557,-39.5000005885959,3.));
#3343=CARTESIAN_POINT('Origin',(-48.0000007152557,-39.5000005885959,3.));
#3344=CARTESIAN_POINT('Origin',(-48.0000007152557,-39.5000005885959,3.));
#3345=CARTESIAN_POINT('',(-26.9999990835786,1.79999995976686,3.));
#3346=CARTESIAN_POINT('',(-26.9999990835786,-12.2000000402331,3.));
#3347=CARTESIAN_POINT('',(-26.9999990835786,-1.41913967894041,3.));
#3348=CARTESIAN_POINT('',(-40.9999990835786,-12.2000000402331,3.));
#3349=CARTESIAN_POINT('',(-13.71864944315,-12.2000000402331,3.));
#3350=CARTESIAN_POINT('',(-40.9999990835786,1.79999995976686,3.));
#3351=CARTESIAN_POINT('',(-40.9999990835786,-8.41913967894041,3.));
#3352=CARTESIAN_POINT('',(-20.71864944315,1.79999995976686,3.));
#3353=CARTESIAN_POINT('',(-7.74999908357858,1.79999995976686,3.));
#3354=CARTESIAN_POINT('',(-7.74999908357858,-12.2000000402331,3.));
#3355=CARTESIAN_POINT('',(-7.74999908357858,-1.41913967894041,3.));
#3356=CARTESIAN_POINT('',(-21.7499990835786,-12.2000000402331,3.));
#3357=CARTESIAN_POINT('',(-4.09364944314997,-12.2000000402331,3.));
#3358=CARTESIAN_POINT('',(-21.7499990835786,1.79999995976686,3.));
#3359=CARTESIAN_POINT('',(-21.7499990835786,-8.41913967894041,3.));
#3360=CARTESIAN_POINT('',(-11.09364944315,1.79999995976686,3.));
#3361=CARTESIAN_POINT('',(11.5000009164214,1.79999995976686,3.));
#3362=CARTESIAN_POINT('',(11.5000009164214,-12.2000000402331,3.));
#3363=CARTESIAN_POINT('',(11.5000009164214,-1.41913967894041,3.));
#3364=CARTESIAN_POINT('',(-2.49999908357859,-12.2000000402331,3.));
#3365=CARTESIAN_POINT('',(5.53135055685003,-12.2000000402331,3.));
#3366=CARTESIAN_POINT('',(-2.49999908357859,1.79999995976686,3.));
#3367=CARTESIAN_POINT('',(-2.49999908357859,-8.41913967894041,3.));
#3368=CARTESIAN_POINT('',(-1.46864944314998,1.79999995976686,3.));
#3369=CARTESIAN_POINT('',(-26.9999990835786,-17.2000000402331,3.));
#3370=CARTESIAN_POINT('',(-26.9999990835786,-31.2000000402331,3.));
#3371=CARTESIAN_POINT('',(-26.9999990835786,-10.9191396789404,3.));
#3372=CARTESIAN_POINT('',(-40.9999990835786,-31.2000000402331,3.));
#3373=CARTESIAN_POINT('',(-13.71864944315,-31.2000000402331,3.));
#3374=CARTESIAN_POINT('',(-40.9999990835786,-17.2000000402331,3.));
#3375=CARTESIAN_POINT('',(-40.9999990835786,-17.9191396789404,3.));
#3376=CARTESIAN_POINT('',(-20.71864944315,-17.2000000402331,3.));
#3377=CARTESIAN_POINT('',(-7.74999908357858,-17.2000000402331,3.));
#3378=CARTESIAN_POINT('',(-7.74999908357858,-31.2000000402331,3.));
#3379=CARTESIAN_POINT('',(-7.74999908357858,-10.9191396789404,3.));
#3380=CARTESIAN_POINT('',(-21.7499990835786,-31.2000000402331,3.));
#3381=CARTESIAN_POINT('',(-4.09364944314997,-31.2000000402331,3.));
#3382=CARTESIAN_POINT('',(-21.7499990835786,-17.2000000402331,3.));
#3383=CARTESIAN_POINT('',(-21.7499990835786,-17.9191396789404,3.));
#3384=CARTESIAN_POINT('',(-11.09364944315,-17.2000000402331,3.));
#3385=CARTESIAN_POINT('',(11.5000009164214,-17.2000000402331,3.));
#3386=CARTESIAN_POINT('',(11.5000009164214,-31.2000000402331,3.));
#3387=CARTESIAN_POINT('',(11.5000009164214,-10.9191396789404,3.));
#3388=CARTESIAN_POINT('',(-2.49999908357859,-31.2000000402331,3.));
#3389=CARTESIAN_POINT('',(5.53135055685003,-31.2000000402331,3.));
#3390=CARTESIAN_POINT('',(-2.49999908357859,-17.2000000402331,3.));
#3391=CARTESIAN_POINT('',(-2.49999908357859,-17.9191396789404,3.));
#3392=CARTESIAN_POINT('',(-1.46864944314998,-17.2000000402331,3.));
#3393=CARTESIAN_POINT('',(-30.7150621083175,16.3190389866722,3.));
#3394=CARTESIAN_POINT('Origin',(-33.7119238275473,16.3190389866722,3.));
#3395=CARTESIAN_POINT('',(3.03589622877964,25.4974957238841,3.));
#3396=CARTESIAN_POINT('',(3.03589622877964,21.5320042231554,3.));
#3397=CARTESIAN_POINT('',(3.03589622877964,10.4296082031182,3.));
#3398=CARTESIAN_POINT('',(-8.70657860347523,21.5320042231554,3.));
#3399=CARTESIAN_POINT('',(1.29929821302914,21.5320042231554,3.));
#3400=CARTESIAN_POINT('',(-8.70657860347523,25.4974957238841,3.));
#3401=CARTESIAN_POINT('',(-8.70657860347523,8.44686245275385,3.));
#3402=CARTESIAN_POINT('',(-4.5719392030983,25.4974957238841,3.));
#3403=CARTESIAN_POINT('Ctrl Pts',(49.7333953863153,32.532415871389,2.67069518903667));
#3404=CARTESIAN_POINT('Ctrl Pts',(49.7049747149321,32.5892572141553,2.64227451765348));
#3405=CARTESIAN_POINT('Ctrl Pts',(49.6422326518536,32.6861264660299,2.57953245457495));
#3406=CARTESIAN_POINT('Ctrl Pts',(49.4773696189159,32.8206217671662,2.41466942163725));
#3407=CARTESIAN_POINT('Ctrl Pts',(49.3452289607157,32.8617206823523,2.28252876343704));
#3408=CARTESIAN_POINT('Ctrl Pts',(49.28699080412,32.8617206823523,2.22429060684134));
#3409=CARTESIAN_POINT('Ctrl Pts',(49.7618160576985,32.5608365427722,2.6138538462703));
#3410=CARTESIAN_POINT('Ctrl Pts',(49.7330435517875,32.6118570193815,2.58592801348186));
#3411=CARTESIAN_POINT('Ctrl Pts',(49.6700305559743,32.7010147865074,2.52319946992738));
#3412=CARTESIAN_POINT('Ctrl Pts',(49.5080090064779,32.8262574113007,2.35875717404684));
#3413=CARTESIAN_POINT('Ctrl Pts',(49.3820375832593,32.8617206823523,2.23924923460501));
#3414=CARTESIAN_POINT('Ctrl Pts',(49.3240092375548,32.8617206823523,2.18727217340654));
#3415=CARTESIAN_POINT('Ctrl Pts',(49.8089821159383,32.6080026010119,2.49090656954231));
#3416=CARTESIAN_POINT('Ctrl Pts',(49.7803677063236,32.650838803934,2.46303839411081));
#3417=CARTESIAN_POINT('Ctrl Pts',(49.7165001144032,32.7295396022886,2.3972087913261));
#3418=CARTESIAN_POINT('Ctrl Pts',(49.558798389032,32.8388363054137,2.23144478755152));
#3419=CARTESIAN_POINT('Ctrl Pts',(49.4463350247379,32.8617206823523,2.14353038594363));
#3420=CARTESIAN_POINT('Ctrl Pts',(49.3882958458821,32.8617206823523,2.10349198478965));
#3421=CARTESIAN_POINT('Ctrl Pts',(49.8729554586338,32.6719759437075,2.16773839033138));
#3422=CARTESIAN_POINT('Ctrl Pts',(49.8410202448027,32.7086167961946,2.14339696586642));
#3423=CARTESIAN_POINT('Ctrl Pts',(49.7662111843473,32.7765046387134,2.0863745199149));
#3424=CARTESIAN_POINT('Ctrl Pts',(49.6176448411079,32.8468902225963,2.00868823714004));
#3425=CARTESIAN_POINT('Ctrl Pts',(49.5079752411977,32.8617206823523,1.97646613603214));
#3426=CARTESIAN_POINT('Ctrl Pts',(49.4489161544663,32.8617206823523,1.95714161365045));
#3427=CARTESIAN_POINT('Ctrl Pts',(49.8869642659906,32.6859847510642,1.91655637744803));
#3428=CARTESIAN_POINT('Ctrl Pts',(49.8519971317551,32.7209518852997,1.91008605685877));
#3429=CARTESIAN_POINT('Ctrl Pts',(49.77198317168,32.7836381279307,1.89599040419459));
#3430=CARTESIAN_POINT('Ctrl Pts',(49.6264943745631,32.8464009795107,1.8732801021528));
#3431=CARTESIAN_POINT('Ctrl Pts',(49.5179689569251,32.8617206823523,1.85923961553423));
#3432=CARTESIAN_POINT('Ctrl Pts',(49.4627001972786,32.8617206823523,1.85244257746263));
#3433=CARTESIAN_POINT('Ctrl Pts',(49.8869642659906,32.6859847510642,1.80009060684133));
#3434=CARTESIAN_POINT('Ctrl Pts',(49.8499402415059,32.7230087755489,1.80009060684133));
#3435=CARTESIAN_POINT('Ctrl Pts',(49.7661473992144,32.7873050933533,1.80009060684133));
#3436=CARTESIAN_POINT('Ctrl Pts',(49.6197749241625,32.8479345576779,1.80009060684133));
#3437=CARTESIAN_POINT('Ctrl Pts',(49.5150600748385,32.8617206823523,1.80009060684133));
#3438=CARTESIAN_POINT('Ctrl Pts',(49.4627001972786,32.8617206823523,1.80009060684133));
#3439=CARTESIAN_POINT('',(49.4627001972786,32.8617206823523,1.80009060684133));
#3440=CARTESIAN_POINT('Origin',(49.4627001972786,32.2617206823523,1.80009060684133));
#3441=CARTESIAN_POINT('Origin',(48.86279080412,32.8617206823523,1.80009060684133));
#3442=CARTESIAN_POINT('Origin',(49.4627001972786,32.2617206823523,0.));
#3443=CARTESIAN_POINT('',(50.0627001972786,32.2617206823523,0.));
#3444=CARTESIAN_POINT('',(49.4627001972786,32.8617206823523,0.));
#3445=CARTESIAN_POINT('Origin',(49.4627001972786,32.2617206823523,0.));
#3446=CARTESIAN_POINT('',(49.4627001972786,32.8617206823523,0.));
#3447=CARTESIAN_POINT('',(50.0627001972786,32.2617206823523,0.));
#3448=CARTESIAN_POINT('Ctrl Pts',(49.7333953863153,-41.8089745066844,2.67069518903667));
#3449=CARTESIAN_POINT('Ctrl Pts',(49.7049747149321,-41.7805538353012,2.72753653180304));
#3450=CARTESIAN_POINT('Ctrl Pts',(49.6422326518536,-41.7178117722226,2.82440578367754));
#3451=CARTESIAN_POINT('Ctrl Pts',(49.4773696189159,-41.5529487392849,2.95890108481389));
#3452=CARTESIAN_POINT('Ctrl Pts',(49.3452289607157,-41.4208080810847,3.));
#3453=CARTESIAN_POINT('Ctrl Pts',(49.28699080412,-41.362569924489,3.));
#3454=CARTESIAN_POINT('Ctrl Pts',(49.7618160576985,-41.752133163918,2.69911586041985));
#3455=CARTESIAN_POINT('Ctrl Pts',(49.7330435517875,-41.7242073311295,2.75013633702915));
#3456=CARTESIAN_POINT('Ctrl Pts',(49.6700305559743,-41.661478787575,2.83929410415507));
#3457=CARTESIAN_POINT('Ctrl Pts',(49.5080090064779,-41.4970364916945,2.96453672894837));
#3458=CARTESIAN_POINT('Ctrl Pts',(49.3820375832593,-41.3775285522527,3.));
#3459=CARTESIAN_POINT('Ctrl Pts',(49.3240092375548,-41.3255514910542,3.));
#3460=CARTESIAN_POINT('Ctrl Pts',(49.8089821159382,-41.62918588719,2.74628191865962));
#3461=CARTESIAN_POINT('Ctrl Pts',(49.7803677063236,-41.6013177117585,2.78911812158165));
#3462=CARTESIAN_POINT('Ctrl Pts',(49.7165001144032,-41.5354881089738,2.86781891993636));
#3463=CARTESIAN_POINT('Ctrl Pts',(49.558798389032,-41.3697241051992,2.97711562306139));
#3464=CARTESIAN_POINT('Ctrl Pts',(49.4463350247379,-41.2818097035913,3.));
#3465=CARTESIAN_POINT('Ctrl Pts',(49.3882958458821,-41.2417713024373,3.));
#3466=CARTESIAN_POINT('Ctrl Pts',(49.8729554586338,-41.3060177079791,2.81025526135518));
#3467=CARTESIAN_POINT('Ctrl Pts',(49.8410202448027,-41.2816762835141,2.84689611384229));
#3468=CARTESIAN_POINT('Ctrl Pts',(49.7662111843473,-41.2246538375626,2.91478395636111));
#3469=CARTESIAN_POINT('Ctrl Pts',(49.6176448411079,-41.1469675547878,2.98516954024397));
#3470=CARTESIAN_POINT('Ctrl Pts',(49.5079752411977,-41.1147454536798,3.));
#3471=CARTESIAN_POINT('Ctrl Pts',(49.4489161544663,-41.0954209312981,3.));
#3472=CARTESIAN_POINT('Ctrl Pts',(49.8869642659906,-41.0548356950957,2.82426406871193));
#3473=CARTESIAN_POINT('Ctrl Pts',(49.851997131755,-41.0483653745065,2.85923120294744));
#3474=CARTESIAN_POINT('Ctrl Pts',(49.77198317168,-41.0342697218423,2.92191744557842));
#3475=CARTESIAN_POINT('Ctrl Pts',(49.6264943745631,-41.0115594198005,2.9846802971584));
#3476=CARTESIAN_POINT('Ctrl Pts',(49.5179689569251,-40.9975189331819,3.));
#3477=CARTESIAN_POINT('Ctrl Pts',(49.4627001972786,-40.9907218951103,3.));
#3478=CARTESIAN_POINT('Ctrl Pts',(49.8869642659906,-40.938369924489,2.82426406871193));
#3479=CARTESIAN_POINT('Ctrl Pts',(49.8499402415059,-40.938369924489,2.86128809319658));
#3480=CARTESIAN_POINT('Ctrl Pts',(49.7661473992144,-40.938369924489,2.925584411001));
#3481=CARTESIAN_POINT('Ctrl Pts',(49.6197749241625,-40.938369924489,2.98621387532561));
#3482=CARTESIAN_POINT('Ctrl Pts',(49.5150600748385,-40.938369924489,3.));
#3483=CARTESIAN_POINT('Ctrl Pts',(49.4627001972786,-40.938369924489,3.));
#3484=CARTESIAN_POINT('',(49.4627001972786,-40.938369924489,3.));
#3485=CARTESIAN_POINT('Origin',(49.4627001972786,-40.938369924489,2.4));
#3486=CARTESIAN_POINT('Origin',(48.86279080412,-40.938369924489,3.));
#3487=CARTESIAN_POINT('Origin',(49.4627001972786,-41.5382793176477,0.));
#3488=CARTESIAN_POINT('',(49.4627001972786,-42.1382793176477,0.));
#3489=CARTESIAN_POINT('',(50.0627001972786,-41.5382793176477,0.));
#3490=CARTESIAN_POINT('Origin',(49.4627001972786,-41.5382793176477,0.));
#3491=CARTESIAN_POINT('',(50.0627001972786,-41.5382793176477,0.));
#3492=CARTESIAN_POINT('',(49.4627001972786,-42.1382793176477,0.));
#3493=CARTESIAN_POINT('Origin',(49.4627001972786,-23.3882793176477,2.4));
#3494=CARTESIAN_POINT('',(49.5499989382923,-39.4999991171062,2.99361513610877));
#3495=CARTESIAN_POINT('Ctrl Pts',(49.4627001972786,-38.9081344636817,3.));
#3496=CARTESIAN_POINT('Ctrl Pts',(49.5210148420423,-39.1015135175461,3.));
#3497=CARTESIAN_POINT('Ctrl Pts',(49.5499989382923,-39.3056665116857,2.99361513610877));
#3498=CARTESIAN_POINT('Ctrl Pts',(49.5499989382923,-39.4999991171062,2.99361513610877));
#3499=CARTESIAN_POINT('',(49.4627001972786,-40.0918637705307,3.));
#3500=CARTESIAN_POINT('Ctrl Pts',(49.5499989382923,-39.4999991171062,2.99361513610877));
#3501=CARTESIAN_POINT('Ctrl Pts',(49.5499989382923,-39.6943317225267,2.99361513610877));
#3502=CARTESIAN_POINT('Ctrl Pts',(49.5210148420423,-39.8984847166663,3.));
#3503=CARTESIAN_POINT('Ctrl Pts',(49.4627001972786,-40.0918637705307,3.));
#3504=CARTESIAN_POINT('',(49.4627001972786,-23.3882793176477,3.));
#3505=CARTESIAN_POINT('',(50.0627001972786,-23.3882793176477,2.4));
#3506=CARTESIAN_POINT('',(49.4627001972786,31.0918709758163,3.));
#3507=CARTESIAN_POINT('',(49.4627001972786,-23.3882793176477,3.));
#3508=CARTESIAN_POINT('',(49.5500007078052,30.5000004544854,2.99361487587645));
#3509=CARTESIAN_POINT('Ctrl Pts',(49.4627001972786,31.0918709758163,3.));
#3510=CARTESIAN_POINT('Ctrl Pts',(49.5210159992249,30.8984901761598,3.));
#3511=CARTESIAN_POINT('Ctrl Pts',(49.5500007078052,30.694335040242,2.99361487587645));
#3512=CARTESIAN_POINT('Ctrl Pts',(49.5500007078052,30.5000004544854,2.99361487587645));
#3513=CARTESIAN_POINT('Ctrl Pts',(49.5500007078052,30.5000004544854,2.99361487587645));
#3514=CARTESIAN_POINT('Ctrl Pts',(49.5500007078052,30.3056658687289,2.99361487587645));
#3515=CARTESIAN_POINT('Ctrl Pts',(49.5210159992249,30.101510732811,3.));
#3516=CARTESIAN_POINT('Ctrl Pts',(49.4627001972787,29.9081299331545,3.));
#3517=CARTESIAN_POINT('Ctrl Pts',(-50.607994991758,32.532415871389,2.67069518903667));
#3518=CARTESIAN_POINT('Ctrl Pts',(-50.6648363345244,32.5039952000058,2.64227451765348));
#3519=CARTESIAN_POINT('Ctrl Pts',(-50.7617055863989,32.4412531369273,2.57953245457494));
#3520=CARTESIAN_POINT('Ctrl Pts',(-50.8962008875353,32.2763901039896,2.41466942163724));
#3521=CARTESIAN_POINT('Ctrl Pts',(-50.9372998027214,32.1442494457893,2.28252876343703));
#3522=CARTESIAN_POINT('Ctrl Pts',(-50.9372998027214,32.0860112891936,2.22429060684133));
#3523=CARTESIAN_POINT('Ctrl Pts',(-50.6364156631412,32.5608365427722,2.6138538462703));
#3524=CARTESIAN_POINT('Ctrl Pts',(-50.6874361397505,32.5320640368612,2.58592801348186));
#3525=CARTESIAN_POINT('Ctrl Pts',(-50.7765939068764,32.469051041048,2.52319946992738));
#3526=CARTESIAN_POINT('Ctrl Pts',(-50.9018365316697,32.3070294915515,2.35875717404684));
#3527=CARTESIAN_POINT('Ctrl Pts',(-50.9372998027214,32.181058068333,2.239249234605));
#3528=CARTESIAN_POINT('Ctrl Pts',(-50.9372998027214,32.1230297226284,2.18727217340653));
#3529=CARTESIAN_POINT('Ctrl Pts',(-50.683581721381,32.6080026010119,2.49090656954231));
#3530=CARTESIAN_POINT('Ctrl Pts',(-50.726417924303,32.5793881913972,2.4630383941108));
#3531=CARTESIAN_POINT('Ctrl Pts',(-50.8051187226577,32.5155205994768,2.3972087913261));
#3532=CARTESIAN_POINT('Ctrl Pts',(-50.9144154257827,32.3578188741057,2.23144478755152));
#3533=CARTESIAN_POINT('Ctrl Pts',(-50.9372998027214,32.2453555098115,2.14353038594363));
#3534=CARTESIAN_POINT('Ctrl Pts',(-50.9372998027214,32.1873163309558,2.10349198478964));
#3535=CARTESIAN_POINT('Ctrl Pts',(-50.7475550640765,32.6719759437075,2.16773839033137));
#3536=CARTESIAN_POINT('Ctrl Pts',(-50.7841959165637,32.6400407298764,2.14339696586641));
#3537=CARTESIAN_POINT('Ctrl Pts',(-50.8520837590825,32.565231669421,2.0863745199149));
#3538=CARTESIAN_POINT('Ctrl Pts',(-50.9224693429653,32.4166653261815,2.00868823714004));
#3539=CARTESIAN_POINT('Ctrl Pts',(-50.9372998027214,32.3069957262713,1.97646613603214));
#3540=CARTESIAN_POINT('Ctrl Pts',(-50.9372998027214,32.2479366395399,1.95714161365044));
#3541=CARTESIAN_POINT('Ctrl Pts',(-50.7615638714333,32.6859847510642,1.91655637744803));
#3542=CARTESIAN_POINT('Ctrl Pts',(-50.7965310056688,32.6510176168287,1.91008605685877));
#3543=CARTESIAN_POINT('Ctrl Pts',(-50.8592172482998,32.5710036567537,1.89599040419459));
#3544=CARTESIAN_POINT('Ctrl Pts',(-50.9219800998798,32.4255148596367,1.8732801021528));
#3545=CARTESIAN_POINT('Ctrl Pts',(-50.9372998027214,32.3169894419988,1.85923961553423));
#3546=CARTESIAN_POINT('Ctrl Pts',(-50.9372998027214,32.2617206823523,1.85244257746263));
#3547=CARTESIAN_POINT('Ctrl Pts',(-50.7615638714333,32.6859847510642,1.80009060684133));
#3548=CARTESIAN_POINT('Ctrl Pts',(-50.7985878959179,32.6489607265796,1.80009060684133));
#3549=CARTESIAN_POINT('Ctrl Pts',(-50.8628842137223,32.5651678842881,1.80009060684133));
#3550=CARTESIAN_POINT('Ctrl Pts',(-50.923513678047,32.4187954092362,1.80009060684133));
#3551=CARTESIAN_POINT('Ctrl Pts',(-50.9372998027214,32.3140805599121,1.80009060684133));
#3552=CARTESIAN_POINT('Ctrl Pts',(-50.9372998027214,32.2617206823523,1.80009060684133));
#3553=CARTESIAN_POINT('',(-50.9372998027214,32.2617206823523,1.80009060684133));
#3554=CARTESIAN_POINT('Origin',(-50.3372998027214,32.2617206823523,1.80009060684133));
#3555=CARTESIAN_POINT('Origin',(-50.9372998027214,31.6618112891937,1.80009060684133));
#3556=CARTESIAN_POINT('Origin',(-50.3372998027214,32.2617206823523,0.));
#3557=CARTESIAN_POINT('',(-50.3372998027214,32.8617206823523,0.));
#3558=CARTESIAN_POINT('',(-50.9372998027214,32.2617206823523,0.));
#3559=CARTESIAN_POINT('Origin',(-50.3372998027214,32.2617206823523,0.));
#3560=CARTESIAN_POINT('',(-50.9372998027214,32.2617206823523,0.));
#3561=CARTESIAN_POINT('',(-50.3372998027214,32.8617206823523,0.));
#3562=CARTESIAN_POINT('Ctrl Pts',(-50.607994991758,-41.8089745066844,2.67069518903667));
#3563=CARTESIAN_POINT('Ctrl Pts',(-50.5795743203748,-41.8658158494507,2.64227451765349));
#3564=CARTESIAN_POINT('Ctrl Pts',(-50.5168322572963,-41.9626851013252,2.57953245457495));
#3565=CARTESIAN_POINT('Ctrl Pts',(-50.3519692243586,-42.0971804024616,2.41466942163725));
#3566=CARTESIAN_POINT('Ctrl Pts',(-50.2198285661584,-42.1382793176477,2.28252876343704));
#3567=CARTESIAN_POINT('Ctrl Pts',(-50.1615904095627,-42.1382793176477,2.22429060684134));
#3568=CARTESIAN_POINT('Ctrl Pts',(-50.6364156631412,-41.8373951780675,2.6138538462703));
#3569=CARTESIAN_POINT('Ctrl Pts',(-50.6076431572302,-41.8884156546768,2.58592801348186));
#3570=CARTESIAN_POINT('Ctrl Pts',(-50.544630161417,-41.9775734218028,2.52319946992738));
#3571=CARTESIAN_POINT('Ctrl Pts',(-50.3826086119205,-42.1028160465961,2.35875717404685));
#3572=CARTESIAN_POINT('Ctrl Pts',(-50.256637188702,-42.1382793176477,2.23924923460501));
#3573=CARTESIAN_POINT('Ctrl Pts',(-50.1986088429975,-42.1382793176477,2.18727217340654));
#3574=CARTESIAN_POINT('Ctrl Pts',(-50.683581721381,-41.8845612363073,2.49090656954232));
#3575=CARTESIAN_POINT('Ctrl Pts',(-50.6549673117663,-41.9273974392293,2.46303839411081));
#3576=CARTESIAN_POINT('Ctrl Pts',(-50.5910997198459,-42.0060982375841,2.3972087913261));
#3577=CARTESIAN_POINT('Ctrl Pts',(-50.4333979944748,-42.1153949407091,2.23144478755152));
#3578=CARTESIAN_POINT('Ctrl Pts',(-50.3209346301806,-42.1382793176477,2.14353038594364));
#3579=CARTESIAN_POINT('Ctrl Pts',(-50.2628954513248,-42.1382793176477,2.10349198478965));
#3580=CARTESIAN_POINT('Ctrl Pts',(-50.7475550640766,-41.9485345790029,2.16773839033138));
#3581=CARTESIAN_POINT('Ctrl Pts',(-50.7156198502454,-41.98517543149,2.14339696586642));
#3582=CARTESIAN_POINT('Ctrl Pts',(-50.64081078979,-42.0530632740088,2.0863745199149));
#3583=CARTESIAN_POINT('Ctrl Pts',(-50.4922444465505,-42.1234488578916,2.00868823714005));
#3584=CARTESIAN_POINT('Ctrl Pts',(-50.3825748466404,-42.1382793176477,1.97646613603215));
#3585=CARTESIAN_POINT('Ctrl Pts',(-50.323515759909,-42.1382793176477,1.95714161365045));
#3586=CARTESIAN_POINT('Ctrl Pts',(-50.7615638714333,-41.9625433863596,1.91655637744803));
#3587=CARTESIAN_POINT('Ctrl Pts',(-50.7265967371978,-41.9975105205951,1.91008605685877));
#3588=CARTESIAN_POINT('Ctrl Pts',(-50.6465827771227,-42.0601967632261,1.89599040419459));
#3589=CARTESIAN_POINT('Ctrl Pts',(-50.5010939800058,-42.1229596148061,1.87328010215281));
#3590=CARTESIAN_POINT('Ctrl Pts',(-50.3925685623679,-42.1382793176477,1.85923961553423));
#3591=CARTESIAN_POINT('Ctrl Pts',(-50.3372998027214,-42.1382793176477,1.85244257746264));
#3592=CARTESIAN_POINT('Ctrl Pts',(-50.7615638714333,-41.9625433863596,1.80009060684134));
#3593=CARTESIAN_POINT('Ctrl Pts',(-50.7245398469486,-41.9995674108443,1.80009060684134));
#3594=CARTESIAN_POINT('Ctrl Pts',(-50.6407470046571,-42.0638637286487,1.80009060684134));
#3595=CARTESIAN_POINT('Ctrl Pts',(-50.4943745296052,-42.1244931929733,1.80009060684134));
#3596=CARTESIAN_POINT('Ctrl Pts',(-50.3896596802812,-42.1382793176477,1.80009060684134));
#3597=CARTESIAN_POINT('Ctrl Pts',(-50.3372998027214,-42.1382793176477,1.80009060684134));
#3598=CARTESIAN_POINT('',(-50.3372998027214,-42.1382793176477,1.80009060684134));
#3599=CARTESIAN_POINT('Origin',(-50.3372998027214,-41.5382793176477,1.80009060684134));
#3600=CARTESIAN_POINT('Origin',(-49.7373904095627,-42.1382793176477,1.80009060684134));
#3601=CARTESIAN_POINT('Origin',(-50.3372998027214,-41.5382793176477,0.));
#3602=CARTESIAN_POINT('',(-50.9372998027214,-41.5382793176477,0.));
#3603=CARTESIAN_POINT('',(-50.3372998027214,-42.1382793176477,0.));
#3604=CARTESIAN_POINT('Origin',(-50.3372998027214,-41.5382793176477,0.));
#3605=CARTESIAN_POINT('',(-50.3372998027214,-42.1382793176477,0.));
#3606=CARTESIAN_POINT('',(-50.9372998027214,-41.5382793176477,0.));
#3607=CARTESIAN_POINT('Origin',(-25.6872998027214,-41.5382793176477,2.4));
#3608=CARTESIAN_POINT('Ctrl Pts',(-47.7810947475553,-41.5382793176477,3.));
#3609=CARTESIAN_POINT('Ctrl Pts',(-47.854811650357,-41.5461963261086,3.));
#3610=CARTESIAN_POINT('Ctrl Pts',(-47.928175622756,-41.5500005885959,2.99988549891405));
#3611=CARTESIAN_POINT('Ctrl Pts',(-48.0000007152557,-41.5500005885959,2.99988549891405));
#3612=CARTESIAN_POINT('Ctrl Pts',(-48.0718258077555,-41.5500005885959,2.99988549891405));
#3613=CARTESIAN_POINT('Ctrl Pts',(-48.1451897801545,-41.5461963261086,3.));
#3614=CARTESIAN_POINT('Ctrl Pts',(-48.2189066829562,-41.5382793176477,3.));
#3615=CARTESIAN_POINT('',(-25.6872998027214,-42.1382793176477,2.4));
#3616=CARTESIAN_POINT('',(47.7188912042144,-41.5382793176477,3.));
#3617=CARTESIAN_POINT('',(-25.6872998027214,-41.5382793176477,3.));
#3618=CARTESIAN_POINT('Ctrl Pts',(47.7188912042144,-41.5382793176477,3.));
#3619=CARTESIAN_POINT('Ctrl Pts',(47.6451789110764,-41.5461953298167,3.));
#3620=CARTESIAN_POINT('Ctrl Pts',(47.5718195787967,-41.5499991171062,2.99988552766395));
#3621=CARTESIAN_POINT('Ctrl Pts',(47.4999989382923,-41.5499991171062,2.99988552766395));
#3622=CARTESIAN_POINT('Ctrl Pts',(47.4281782977879,-41.5499991171062,2.99988552766395));
#3623=CARTESIAN_POINT('Ctrl Pts',(47.3548189655082,-41.5461953298167,3.));
#3624=CARTESIAN_POINT('Ctrl Pts',(47.2811066723701,-41.5382793176477,3.));
#3625=CARTESIAN_POINT('Origin',(-50.3372998027214,14.1117206823523,2.4));
#3626=CARTESIAN_POINT('',(-50.3372998027214,31.4093035340886,3.));
#3627=CARTESIAN_POINT('Ctrl Pts',(-50.3372998027214,29.5906973748822,3.));
#3628=CARTESIAN_POINT('Ctrl Pts',(-50.3598099874036,29.6361804954559,3.));
#3629=CARTESIAN_POINT('Ctrl Pts',(-50.3807792446827,29.6828068758906,2.99873576543153));
#3630=CARTESIAN_POINT('Ctrl Pts',(-50.4987643862025,29.9740847198844,2.98633091312335));
#3631=CARTESIAN_POINT('Ctrl Pts',(-50.5500007227063,30.2432311453187,2.96103325983185));
#3632=CARTESIAN_POINT('Ctrl Pts',(-50.5500007227063,30.5000004544854,2.96103325983185));
#3633=CARTESIAN_POINT('Ctrl Pts',(-50.5500007227063,30.7567697636522,2.96103325983185));
#3634=CARTESIAN_POINT('Ctrl Pts',(-50.4987643862025,31.0259161890864,2.98633091312335));
#3635=CARTESIAN_POINT('Ctrl Pts',(-50.3807792446827,31.3171940330803,2.99873576543153));
#3636=CARTESIAN_POINT('Ctrl Pts',(-50.3598099874036,31.363820413515,3.));
#3637=CARTESIAN_POINT('Ctrl Pts',(-50.3372998027214,31.4093035340886,3.));
#3638=CARTESIAN_POINT('',(-50.3372998027214,14.1117206823523,3.));
#3639=CARTESIAN_POINT('',(-50.9372998027214,14.1117206823523,2.4));
#3640=CARTESIAN_POINT('Origin',(24.8127001972786,32.2617206823523,2.4));
#3641=CARTESIAN_POINT('',(48.5482572788433,32.2617206823523,3.));
#3642=CARTESIAN_POINT('Ctrl Pts',(46.451744136767,32.2617206823523,3.));
#3643=CARTESIAN_POINT('Ctrl Pts',(46.5323785713279,32.3096996829583,3.));
#3644=CARTESIAN_POINT('Ctrl Pts',(46.617352023918,32.3527239884487,2.99427065559571));
#3645=CARTESIAN_POINT('Ctrl Pts',(46.9557525932415,32.4949841496176,2.96318992182869));
#3646=CARTESIAN_POINT('Ctrl Pts',(47.232811461123,32.5500004544854,2.92620791801234));
#3647=CARTESIAN_POINT('Ctrl Pts',(47.5000007078052,32.5500004544854,2.92620791801234));
#3648=CARTESIAN_POINT('Ctrl Pts',(47.7671899544873,32.5500004544854,2.92620791801234));
#3649=CARTESIAN_POINT('Ctrl Pts',(48.0442488223688,32.4949841496176,2.96318992182869));
#3650=CARTESIAN_POINT('Ctrl Pts',(48.3826493916923,32.3527239884487,2.99427065559571));
#3651=CARTESIAN_POINT('Ctrl Pts',(48.4676228442824,32.3096996829583,3.));
#3652=CARTESIAN_POINT('Ctrl Pts',(48.5482572788433,32.2617206823523,3.));
#3653=CARTESIAN_POINT('',(24.8127001972786,32.2617206823523,3.));
#3654=CARTESIAN_POINT('',(24.8127001972786,32.8617206823523,2.4));
#3655=CARTESIAN_POINT('',(-49.5482572937444,32.2617206823523,3.));
#3656=CARTESIAN_POINT('',(24.8127001972786,32.2617206823523,3.));
#3657=CARTESIAN_POINT('Ctrl Pts',(-49.5482572937444,32.2617206823523,3.));
#3658=CARTESIAN_POINT('Ctrl Pts',(-49.4676228591835,32.3096996829583,3.));
#3659=CARTESIAN_POINT('Ctrl Pts',(-49.3826494065935,32.3527239884487,2.99427065559571));
#3660=CARTESIAN_POINT('Ctrl Pts',(-49.04424883727,32.4949841496176,2.96318992182869));
#3661=CARTESIAN_POINT('Ctrl Pts',(-48.7671899693884,32.5500004544854,2.92620791801234));
#3662=CARTESIAN_POINT('Ctrl Pts',(-48.5000007227063,32.5500004544854,2.92620791801234));
#3663=CARTESIAN_POINT('Ctrl Pts',(-48.2328114760242,32.5500004544854,2.92620791801234));
#3664=CARTESIAN_POINT('Ctrl Pts',(-47.9557526081427,32.4949841496176,2.96318992182869));
#3665=CARTESIAN_POINT('Ctrl Pts',(-47.6173520388192,32.3527239884487,2.99427065559571));
#3666=CARTESIAN_POINT('Ctrl Pts',(-47.5323785862291,32.3096996829583,3.));
#3667=CARTESIAN_POINT('Ctrl Pts',(-47.4517441516682,32.2617206823523,3.));
#3668=CARTESIAN_POINT('Origin',(50.0627001972786,-42.1382793176477,0.));
#3669=CARTESIAN_POINT('',(50.0627001972786,32.8617206823523,0.));
#3670=CARTESIAN_POINT('Origin',(-50.9372998027214,-42.1382793176477,0.));
#3671=CARTESIAN_POINT('',(50.0627001972786,-42.1382793176477,0.));
#3672=CARTESIAN_POINT('Origin',(47.4999989382923,-39.4999991171062,3.));
#3673=CARTESIAN_POINT('Origin',(47.4999989382923,-39.4999991171062,3.));
#3674=CARTESIAN_POINT('',(49.5499989382923,-39.4999991171062,0.));
#3675=CARTESIAN_POINT('',(49.5499989382923,-39.4999991171062,3.));
#3676=CARTESIAN_POINT('Origin',(47.4999989382923,-39.4999991171062,0.));
#3677=CARTESIAN_POINT('Origin',(-0.437299802721363,-4.63827931764769,3.));
#3678=CARTESIAN_POINT('Origin',(47.5000007078052,30.5000004544854,3.));
#3679=CARTESIAN_POINT('Origin',(-0.437299802721363,-4.63827931764769,3.));
#3680=CARTESIAN_POINT('Origin',(-0.437299802721363,-4.63827931764769,3.));
#3681=CARTESIAN_POINT('Origin',(-48.5000007227063,30.5000004544854,3.));
#3682=CARTESIAN_POINT('Origin',(47.5000007078052,30.5000004544854,3.));
#3683=CARTESIAN_POINT('',(49.5500007078052,30.5000004544854,0.));
#3684=CARTESIAN_POINT('',(49.5500007078052,30.5000004544854,3.));
#3685=CARTESIAN_POINT('Origin',(47.5000007078052,30.5000004544854,0.));
#3686=CARTESIAN_POINT('Origin',(-48.0000007152557,-39.5000005885959,3.));
#3687=CARTESIAN_POINT('',(-45.9500007152557,-39.5000005885959,0.));
#3688=CARTESIAN_POINT('',(-45.9500007152557,-39.5000005885959,3.));
#3689=CARTESIAN_POINT('Origin',(-48.0000007152557,-39.5000005885959,0.));
#3690=CARTESIAN_POINT('Origin',(3.03589622877964,25.4974957238841,3.));
#3691=CARTESIAN_POINT('',(3.03589622877964,25.4974957238841,0.));
#3692=CARTESIAN_POINT('',(3.03589622877964,25.4974957238841,3.));
#3693=CARTESIAN_POINT('',(3.03589622877964,21.5320042231554,0.));
#3694=CARTESIAN_POINT('',(3.03589622877964,10.4296082031182,0.));
#3695=CARTESIAN_POINT('',(3.03589622877964,21.5320042231554,3.));
#3696=CARTESIAN_POINT('Origin',(-8.70657860347523,25.4974957238841,3.));
#3697=CARTESIAN_POINT('',(-8.70657860347523,25.4974957238841,0.));
#3698=CARTESIAN_POINT('',(-8.70657860347523,25.4974957238841,3.));
#3699=CARTESIAN_POINT('',(-4.5719392030983,25.4974957238841,0.));
#3700=CARTESIAN_POINT('Origin',(-8.70657860347523,21.5320042231554,3.));
#3701=CARTESIAN_POINT('',(-8.70657860347523,21.5320042231554,0.));
#3702=CARTESIAN_POINT('',(-8.70657860347523,21.5320042231554,3.));
#3703=CARTESIAN_POINT('',(-8.70657860347523,8.44686245275385,0.));
#3704=CARTESIAN_POINT('Origin',(3.03589622877964,21.5320042231554,3.));
#3705=CARTESIAN_POINT('',(1.29929821302914,21.5320042231554,0.));
#3706=CARTESIAN_POINT('Origin',(-48.5000007227063,30.5000004544854,3.));
#3707=CARTESIAN_POINT('',(-46.4500007227063,30.5000004544854,0.));
#3708=CARTESIAN_POINT('',(-46.4500007227063,30.5000004544854,3.));
#3709=CARTESIAN_POINT('Origin',(-48.5000007227063,30.5000004544854,0.));
#3710=CARTESIAN_POINT('Origin',(-33.7119238275473,16.3190389866722,3.));
#3711=CARTESIAN_POINT('',(-30.7150621083175,16.3190389866722,0.));
#3712=CARTESIAN_POINT('',(-30.7150621083175,16.3190389866722,3.));
#3713=CARTESIAN_POINT('Origin',(-33.7119238275473,16.3190389866722,0.));
#3714=CARTESIAN_POINT('Origin',(43.0000006407499,23.0000003427267,3.));
#3715=CARTESIAN_POINT('',(43.0000006407499,23.0000003427267,0.));
#3716=CARTESIAN_POINT('',(43.0000006407499,23.0000003427267,3.));
#3717=CARTESIAN_POINT('',(43.0000006407499,9.18086051253951,0.));
#3718=CARTESIAN_POINT('Origin',(19.0000002831221,23.0000003427267,3.));
#3719=CARTESIAN_POINT('',(9.28135024020035,23.0000003427267,0.));
#3720=CARTESIAN_POINT('Origin',(11.5000009164214,-17.2000000402331,3.));
#3721=CARTESIAN_POINT('',(11.5000009164214,-17.2000000402331,0.));
#3722=CARTESIAN_POINT('',(11.5000009164214,-17.2000000402331,3.));
#3723=CARTESIAN_POINT('',(11.5000009164214,-31.2000000402331,0.));
#3724=CARTESIAN_POINT('',(11.5000009164214,-10.9191396789404,0.));
#3725=CARTESIAN_POINT('',(11.5000009164214,-31.2000000402331,3.));
#3726=CARTESIAN_POINT('Origin',(-2.49999908357859,-17.2000000402331,3.));
#3727=CARTESIAN_POINT('',(-2.49999908357859,-17.2000000402331,0.));
#3728=CARTESIAN_POINT('',(-2.49999908357859,-17.2000000402331,3.));
#3729=CARTESIAN_POINT('',(-1.46864944314998,-17.2000000402331,0.));
#3730=CARTESIAN_POINT('Origin',(-2.49999908357859,-31.2000000402331,3.));
#3731=CARTESIAN_POINT('',(-2.49999908357859,-31.2000000402331,0.));
#3732=CARTESIAN_POINT('',(-2.49999908357859,-31.2000000402331,3.));
#3733=CARTESIAN_POINT('',(-2.49999908357859,-17.9191396789404,0.));
#3734=CARTESIAN_POINT('Origin',(11.5000009164214,-31.2000000402331,3.));
#3735=CARTESIAN_POINT('',(5.53135055685003,-31.2000000402331,0.));
#3736=CARTESIAN_POINT('Origin',(-7.74999908357858,-17.2000000402331,3.));
#3737=CARTESIAN_POINT('',(-7.74999908357858,-17.2000000402331,0.));
#3738=CARTESIAN_POINT('',(-7.74999908357858,-17.2000000402331,3.));
#3739=CARTESIAN_POINT('',(-7.74999908357858,-31.2000000402331,0.));
#3740=CARTESIAN_POINT('',(-7.74999908357858,-10.9191396789404,0.));
#3741=CARTESIAN_POINT('',(-7.74999908357858,-31.2000000402331,3.));
#3742=CARTESIAN_POINT('Origin',(-21.7499990835786,-17.2000000402331,3.));
#3743=CARTESIAN_POINT('',(-21.7499990835786,-17.2000000402331,0.));
#3744=CARTESIAN_POINT('',(-21.7499990835786,-17.2000000402331,3.));
#3745=CARTESIAN_POINT('',(-11.09364944315,-17.2000000402331,0.));
#3746=CARTESIAN_POINT('Origin',(-21.7499990835786,-31.2000000402331,3.));
#3747=CARTESIAN_POINT('',(-21.7499990835786,-31.2000000402331,0.));
#3748=CARTESIAN_POINT('',(-21.7499990835786,-31.2000000402331,3.));
#3749=CARTESIAN_POINT('',(-21.7499990835786,-17.9191396789404,0.));
#3750=CARTESIAN_POINT('Origin',(-7.74999908357858,-31.2000000402331,3.));
#3751=CARTESIAN_POINT('',(-4.09364944314997,-31.2000000402331,0.));
#3752=CARTESIAN_POINT('Origin',(-26.9999990835786,-17.2000000402331,3.));
#3753=CARTESIAN_POINT('',(-26.9999990835786,-17.2000000402331,0.));
#3754=CARTESIAN_POINT('',(-26.9999990835786,-17.2000000402331,3.));
#3755=CARTESIAN_POINT('',(-26.9999990835786,-31.2000000402331,0.));
#3756=CARTESIAN_POINT('',(-26.9999990835786,-10.9191396789404,0.));
#3757=CARTESIAN_POINT('',(-26.9999990835786,-31.2000000402331,3.));
#3758=CARTESIAN_POINT('Origin',(-40.9999990835786,-17.2000000402331,3.));
#3759=CARTESIAN_POINT('',(-40.9999990835786,-17.2000000402331,0.));
#3760=CARTESIAN_POINT('',(-40.9999990835786,-17.2000000402331,3.));
#3761=CARTESIAN_POINT('',(-20.71864944315,-17.2000000402331,0.));
#3762=CARTESIAN_POINT('Origin',(-40.9999990835786,-31.2000000402331,3.));
#3763=CARTESIAN_POINT('',(-40.9999990835786,-31.2000000402331,0.));
#3764=CARTESIAN_POINT('',(-40.9999990835786,-31.2000000402331,3.));
#3765=CARTESIAN_POINT('',(-40.9999990835786,-17.9191396789404,0.));
#3766=CARTESIAN_POINT('Origin',(-26.9999990835786,-31.2000000402331,3.));
#3767=CARTESIAN_POINT('',(-13.71864944315,-31.2000000402331,0.));
#3768=CARTESIAN_POINT('Origin',(11.5000009164214,1.79999995976686,3.));
#3769=CARTESIAN_POINT('',(11.5000009164214,1.79999995976686,0.));
#3770=CARTESIAN_POINT('',(11.5000009164214,1.79999995976686,3.));
#3771=CARTESIAN_POINT('',(11.5000009164214,-12.2000000402331,0.));
#3772=CARTESIAN_POINT('',(11.5000009164214,-1.41913967894041,0.));
#3773=CARTESIAN_POINT('',(11.5000009164214,-12.2000000402331,3.));
#3774=CARTESIAN_POINT('Origin',(-2.49999908357859,1.79999995976686,3.));
#3775=CARTESIAN_POINT('',(-2.49999908357859,1.79999995976686,0.));
#3776=CARTESIAN_POINT('',(-2.49999908357859,1.79999995976686,3.));
#3777=CARTESIAN_POINT('',(-1.46864944314998,1.79999995976686,0.));
#3778=CARTESIAN_POINT('Origin',(-2.49999908357859,-12.2000000402331,3.));
#3779=CARTESIAN_POINT('',(-2.49999908357859,-12.2000000402331,0.));
#3780=CARTESIAN_POINT('',(-2.49999908357859,-12.2000000402331,3.));
#3781=CARTESIAN_POINT('',(-2.49999908357859,-8.41913967894041,0.));
#3782=CARTESIAN_POINT('Origin',(11.5000009164214,-12.2000000402331,3.));
#3783=CARTESIAN_POINT('',(5.53135055685003,-12.2000000402331,0.));
#3784=CARTESIAN_POINT('Origin',(-7.74999908357858,1.79999995976686,3.));
#3785=CARTESIAN_POINT('',(-7.74999908357858,1.79999995976686,0.));
#3786=CARTESIAN_POINT('',(-7.74999908357858,1.79999995976686,3.));
#3787=CARTESIAN_POINT('',(-7.74999908357858,-12.2000000402331,0.));
#3788=CARTESIAN_POINT('',(-7.74999908357858,-1.41913967894041,0.));
#3789=CARTESIAN_POINT('',(-7.74999908357858,-12.2000000402331,3.));
#3790=CARTESIAN_POINT('Origin',(-21.7499990835786,1.79999995976686,3.));
#3791=CARTESIAN_POINT('',(-21.7499990835786,1.79999995976686,0.));
#3792=CARTESIAN_POINT('',(-21.7499990835786,1.79999995976686,3.));
#3793=CARTESIAN_POINT('',(-11.09364944315,1.79999995976686,0.));
#3794=CARTESIAN_POINT('Origin',(-21.7499990835786,-12.2000000402331,3.));
#3795=CARTESIAN_POINT('',(-21.7499990835786,-12.2000000402331,0.));
#3796=CARTESIAN_POINT('',(-21.7499990835786,-12.2000000402331,3.));
#3797=CARTESIAN_POINT('',(-21.7499990835786,-8.41913967894041,0.));
#3798=CARTESIAN_POINT('Origin',(-7.74999908357858,-12.2000000402331,3.));
#3799=CARTESIAN_POINT('',(-4.09364944314997,-12.2000000402331,0.));
#3800=CARTESIAN_POINT('Origin',(-26.9999990835786,1.79999995976686,3.));
#3801=CARTESIAN_POINT('',(-26.9999990835786,1.79999995976686,0.));
#3802=CARTESIAN_POINT('',(-26.9999990835786,1.79999995976686,3.));
#3803=CARTESIAN_POINT('',(-26.9999990835786,-12.2000000402331,0.));
#3804=CARTESIAN_POINT('',(-26.9999990835786,-1.41913967894041,0.));
#3805=CARTESIAN_POINT('',(-26.9999990835786,-12.2000000402331,3.));
#3806=CARTESIAN_POINT('Origin',(-40.9999990835786,1.79999995976686,3.));
#3807=CARTESIAN_POINT('',(-40.9999990835786,1.79999995976686,0.));
#3808=CARTESIAN_POINT('',(-40.9999990835786,1.79999995976686,3.));
#3809=CARTESIAN_POINT('',(-20.71864944315,1.79999995976686,0.));
#3810=CARTESIAN_POINT('Origin',(-40.9999990835786,-12.2000000402331,3.));
#3811=CARTESIAN_POINT('',(-40.9999990835786,-12.2000000402331,0.));
#3812=CARTESIAN_POINT('',(-40.9999990835786,-12.2000000402331,3.));
#3813=CARTESIAN_POINT('',(-40.9999990835786,-8.41913967894041,0.));
#3814=CARTESIAN_POINT('Origin',(-26.9999990835786,-12.2000000402331,3.));
#3815=CARTESIAN_POINT('',(-13.71864944315,-12.2000000402331,0.));
#3816=CARTESIAN_POINT('Origin',(-50.9372998027214,32.8617206823523,0.));
#3817=CARTESIAN_POINT('',(-50.9372998027214,-42.1382793176477,0.));
#3818=CARTESIAN_POINT('Origin',(50.0627001972786,32.8617206823523,0.));
#3819=CARTESIAN_POINT('',(-50.9372998027214,32.8617206823523,0.));
#3820=CARTESIAN_POINT('Origin',(-0.437299802721363,-4.63827931764769,0.));
#3821=CARTESIAN_POINT('Ctrl Pts',(66.9111433430527,20.9708379018521,9.00000000000001));
#3822=CARTESIAN_POINT('Ctrl Pts',(66.9111433430527,19.4147797121081,9.00000000000001));
#3823=CARTESIAN_POINT('Ctrl Pts',(68.4672015327967,19.4147797121081,9.00000000000001));
#3824=CARTESIAN_POINT('Ctrl Pts',(70.0232597225406,19.4147797121081,9.00000000000001));
#3825=CARTESIAN_POINT('Ctrl Pts',(70.0232597225406,20.9708379018521,9.00000000000001));
#3826=CARTESIAN_POINT('Ctrl Pts',(70.0232597225406,22.526896091596,9.00000000000001));
#3827=CARTESIAN_POINT('Ctrl Pts',(68.4672015327967,22.526896091596,9.00000000000001));
#3828=CARTESIAN_POINT('Ctrl Pts',(66.9111433430527,22.526896091596,9.00000000000001));
#3829=CARTESIAN_POINT('Ctrl Pts',(66.9111433430527,20.9708379018521,9.00000000000001));
#3830=CARTESIAN_POINT('Ctrl Pts',(66.1552143970342,20.9708379018521,9.00000000000001));
#3831=CARTESIAN_POINT('Ctrl Pts',(66.1552143970342,18.6588507660897,9.00000000000001));
#3832=CARTESIAN_POINT('Ctrl Pts',(68.4672015327967,18.6588507660897,9.00000000000001));
#3833=CARTESIAN_POINT('Ctrl Pts',(70.7791886685591,18.6588507660897,9.00000000000001));
#3834=CARTESIAN_POINT('Ctrl Pts',(70.7791886685591,20.9708379018521,9.00000000000001));
#3835=CARTESIAN_POINT('Ctrl Pts',(70.7791886685591,23.2828250376145,9.00000000000001));
#3836=CARTESIAN_POINT('Ctrl Pts',(68.4672015327967,23.2828250376145,9.00000000000001));
#3837=CARTESIAN_POINT('Ctrl Pts',(66.1552143970342,23.2828250376145,9.00000000000001));
#3838=CARTESIAN_POINT('Ctrl Pts',(66.1552143970342,20.9708379018521,9.00000000000001));
#3839=CARTESIAN_POINT('Ctrl Pts',(65.5882676875204,20.9708379018521,9.50000000000001));
#3840=CARTESIAN_POINT('Ctrl Pts',(65.5882676875204,18.0919040565758,9.50000000000001));
#3841=CARTESIAN_POINT('Ctrl Pts',(68.4672015327967,18.0919040565758,9.50000000000001));
#3842=CARTESIAN_POINT('Ctrl Pts',(71.3461353780729,18.0919040565758,9.50000000000001));
#3843=CARTESIAN_POINT('Ctrl Pts',(71.3461353780729,20.9708379018521,9.50000000000001));
#3844=CARTESIAN_POINT('Ctrl Pts',(71.3461353780729,23.8497717471283,9.50000000000001));
#3845=CARTESIAN_POINT('Ctrl Pts',(68.4672015327967,23.8497717471283,9.50000000000001));
#3846=CARTESIAN_POINT('Ctrl Pts',(65.5882676875204,23.8497717471283,9.50000000000001));
#3847=CARTESIAN_POINT('Ctrl Pts',(65.5882676875204,20.9708379018521,9.50000000000001));
#3848=CARTESIAN_POINT('',(71.3461353780729,20.9708379018521,9.50000000000001));
#3849=CARTESIAN_POINT('',(65.5882676875204,20.9708379018521,9.50000000000001));
#3850=CARTESIAN_POINT('Origin',(68.4672015327967,20.9708379018521,9.50000000000001));
#3851=CARTESIAN_POINT('',(66.9111433430527,20.9708379018521,9.00000000000001));
#3852=CARTESIAN_POINT('Origin',(66.9111433430527,20.9708379018521,11.));
#3853=CARTESIAN_POINT('Origin',(68.4672015327967,20.9708379018521,9.00000000000001));
#3854=CARTESIAN_POINT('Origin',(68.4672015327967,20.9708379018521,9.50000000000001));
#3855=CARTESIAN_POINT('Origin',(68.4672015327967,20.9708379018521,9.00000000000001));
#3856=CARTESIAN_POINT('Origin',(68.4672015327967,20.9708379018521,8.00000000000001));
#3857=CARTESIAN_POINT('',(66.7415578682668,24.8019417929196,10.));
#3858=CARTESIAN_POINT('',(64.4530788135036,22.2126196361115,10.));
#3859=CARTESIAN_POINT('Ctrl Pts',(66.7415578682668,24.8019417929196,10.));
#3860=CARTESIAN_POINT('Ctrl Pts',(66.7348485940687,24.7978951952326,10.));
#3861=CARTESIAN_POINT('Ctrl Pts',(66.7281474439462,24.7938351476188,9.99999934554698));
#3862=CARTESIAN_POINT('Ctrl Pts',(66.2271589300345,24.4889235646771,9.99990324875754));
#3863=CARTESIAN_POINT('Ctrl Pts',(65.7813183733694,24.1171480062208,9.99720549204359));
#3864=CARTESIAN_POINT('Ctrl Pts',(65.0146839952465,23.2497319915045,9.99720549204359));
#3865=CARTESIAN_POINT('Ctrl Pts',(64.7005130199157,22.7615850197046,9.99990324875754));
#3866=CARTESIAN_POINT('Ctrl Pts',(64.4594760852423,22.2269246035238,9.99999934554698));
#3867=CARTESIAN_POINT('Ctrl Pts',(64.4562702762193,22.2197753246809,10.));
#3868=CARTESIAN_POINT('Ctrl Pts',(64.4530788135036,22.2126196361115,10.));
#3869=CARTESIAN_POINT('',(72.6690110336052,20.9708379018521,10.));
#3870=CARTESIAN_POINT('Origin',(68.4672015327967,20.9708379018521,10.));
#3871=CARTESIAN_POINT('Origin',(72.6690110336052,20.9708379018521,8.00000000000001));
#3872=CARTESIAN_POINT('Origin',(68.4672015327967,20.9708379018521,10.));
#3873=CARTESIAN_POINT('Origin',(73.7372424353868,16.3131022116012,7.00000000000001));
#3874=CARTESIAN_POINT('',(87.7372424353868,16.3131022116012,7.00000000000001));
#3875=CARTESIAN_POINT('Origin',(73.7372424353868,16.3131022116012,7.00000000000001));
#3876=CARTESIAN_POINT('',(84.7372424353868,16.3131022116012,10.));
#3877=CARTESIAN_POINT('Origin',(84.7372424353868,16.3131022116012,7.00000000000001));
#3878=CARTESIAN_POINT('Origin',(73.7372424353868,16.3131022116012,10.));
#3879=CARTESIAN_POINT('Origin',(73.7372424353868,16.3131022116012,10.));
#3880=CARTESIAN_POINT('Origin',(73.7372424353868,16.3131022116012,10.));
#3881=CARTESIAN_POINT('',(87.7372424353868,16.3131022116012,1.11022302462516E-14));
#3882=CARTESIAN_POINT('Origin',(73.7372424353868,16.3131022116012,8.88178419700125E-15));
#3883=CARTESIAN_POINT('',(87.7372424353868,16.3131022116012,10.));
#3884=CARTESIAN_POINT('Origin',(73.7372424353868,16.3131022116012,10.));
#3885=CARTESIAN_POINT('Origin',(73.7372424353868,16.3131022116012,8.88178419700125E-15));
#3886=CARTESIAN_POINT('',(70.7372424353868,16.3131022116012,8.88178419700125E-15));
#3887=CARTESIAN_POINT('Origin',(73.7372424353868,16.3131022116012,8.88178419700125E-15));
#3888=CARTESIAN_POINT('',(70.7372424353868,16.3131022116012,8.00000000000001));
#3889=CARTESIAN_POINT('',(70.7372424353868,16.3131022116012,8.51439015725705E-15));
#3890=CARTESIAN_POINT('Origin',(73.7372424353868,16.3131022116012,8.00000000000001));
#3891=CARTESIAN_POINT('Origin',(73.7372424353868,16.3131022116012,8.00000000000001));
#3892=CARTESIAN_POINT('Origin',(73.7372424353868,16.3131022116012,8.88178419700125E-15));
#3893=UNCERTAINTY_MEASURE_WITH_UNIT(LENGTH_MEASURE(0.01),#3897,
'DISTANCE_ACCURACY_VALUE',
'Maximum model space distance between geometric entities at asserted c
onnectivities');
#3894=UNCERTAINTY_MEASURE_WITH_UNIT(LENGTH_MEASURE(0.01),#3897,
'DISTANCE_ACCURACY_VALUE',
'Maximum model space distance between geometric entities at asserted c
onnectivities');
#3895=(
GEOMETRIC_REPRESENTATION_CONTEXT(3)
GLOBAL_UNCERTAINTY_ASSIGNED_CONTEXT((#3893))
GLOBAL_UNIT_ASSIGNED_CONTEXT((#3897,#3899,#3900))
REPRESENTATION_CONTEXT('','3D')
);
#3896=(
GEOMETRIC_REPRESENTATION_CONTEXT(3)
GLOBAL_UNCERTAINTY_ASSIGNED_CONTEXT((#3894))
GLOBAL_UNIT_ASSIGNED_CONTEXT((#3897,#3899,#3900))
REPRESENTATION_CONTEXT('','3D')
);
#3897=(
LENGTH_UNIT()
NAMED_UNIT(*)
SI_UNIT(.MILLI.,.METRE.)
);
#3898=(
LENGTH_UNIT()
NAMED_UNIT(*)
SI_UNIT($,.METRE.)
);
#3899=(
NAMED_UNIT(*)
PLANE_ANGLE_UNIT()
SI_UNIT($,.RADIAN.)
);
#3900=(
NAMED_UNIT(*)
SI_UNIT($,.STERADIAN.)
SOLID_ANGLE_UNIT()
);
#3901=SHAPE_DEFINITION_REPRESENTATION(#3902,#3903);
#3902=PRODUCT_DEFINITION_SHAPE('',$,#3905);
#3903=SHAPE_REPRESENTATION('',(#1754),#3895);
#3904=PRODUCT_DEFINITION_CONTEXT('part definition',#3909,'design');
#3905=PRODUCT_DEFINITION('2026-01-25-19-15-55-241','Top Case',#3906,#3904);
#3906=PRODUCT_DEFINITION_FORMATION('',$,#3911);
#3907=PRODUCT_RELATED_PRODUCT_CATEGORY('Top Case','Top Case',(#3911));
#3908=APPLICATION_PROTOCOL_DEFINITION('international standard',
'automotive_design',2009,#3909);
#3909=APPLICATION_CONTEXT(
'Core Data for Automotive Mechanical Design Process');
#3910=PRODUCT_CONTEXT('part definition',#3909,'mechanical');
#3911=PRODUCT('2026-01-25-19-15-55-241','Top Case',$,(#3910));
#3912=PRESENTATION_STYLE_ASSIGNMENT((#3915));
#3913=PRESENTATION_STYLE_ASSIGNMENT((#3916));
#3914=PRESENTATION_STYLE_ASSIGNMENT((#3917));
#3915=SURFACE_STYLE_USAGE(.BOTH.,#3918);
#3916=SURFACE_STYLE_USAGE(.BOTH.,#3919);
#3917=SURFACE_STYLE_USAGE(.BOTH.,#3920);
#3918=SURFACE_SIDE_STYLE('',(#3921));
#3919=SURFACE_SIDE_STYLE('',(#3922));
#3920=SURFACE_SIDE_STYLE('',(#3923));
#3921=SURFACE_STYLE_FILL_AREA(#3924);
#3922=SURFACE_STYLE_FILL_AREA(#3925);
#3923=SURFACE_STYLE_FILL_AREA(#3926);
#3924=FILL_AREA_STYLE('Steel - Satin',(#3927));
#3925=FILL_AREA_STYLE('Acetal Resin (White)',(#3928));
#3926=FILL_AREA_STYLE('ABS (White)',(#3929));
#3927=FILL_AREA_STYLE_COLOUR('Steel - Satin',#3930);
#3928=FILL_AREA_STYLE_COLOUR('Acetal Resin (White)',#3931);
#3929=FILL_AREA_STYLE_COLOUR('ABS (White)',#3932);
#3930=COLOUR_RGB('Steel - Satin',0.627450980392157,0.627450980392157,0.627450980392157);
#3931=COLOUR_RGB('Acetal Resin (White)',0.972549019607843,0.968627450980392,
0.929411764705882);
#3932=COLOUR_RGB('ABS (White)',0.964705882352941,0.964705882352941,0.952941176470588);
ENDSEC;
END-ISO-10303-21;
